# Master departemen
INSERT INTO master_departemen(nama_departemen,keterangan) VALUES
('A&G','A&G'),
('Accounting','Accounting'),
('Engineering','Engineering'),
('FB/Banquet Opr','FB/Banquet Opr'),
('FB/Gallery Rest','FB/Gallery Rest'),
('FB/Lobby Lounge & Bar','FB/Lobby Lounge & Bar'),
('FB/Mini Bar','FB/Mini Bar'),
('FB/O Cafe','FB/O Cafe'),
('FB/Room Service','FB/Room Service'),
('FB/Sapphire Lounge & Bar','FB/Sapphire Lounge & Bar'),
('Fitness & Spa','Fitness & Spa'),
('FO','FO'),
('FO/Concierge','FO/Concierge'),
('FO/Operator','FO/Operator'),
('FO/Reservation','FO/Reservation'),
('Housekeeping','Housekeeping'),
('HRD','HRD'),
('Kitchen/Admin','Kitchen/Admin'),
('Kitchen/Banquet','Kitchen/Banquet'),
('Kitchen/Commissary','Kitchen/Commissary'),
('Kitchen/Gallery','Kitchen/Gallery'),
('Kitchen/Oriental','Kitchen/Oriental'),
('Kitchen/Pastry','Kitchen/Pastry'),
('Kitchen/Steward','Kitchen/Steward'),
('Laundry','Laundry'),
('Sales & Marketing','Sales & Marketing'),
('Sales & Marketing/PR','Sales & Marketing/PR'),
('Security','Security');

#master Jabatan

INSERT INTO master_jabatan(nama_jabatan,keterangan)VALUES
('BC Supervisor','BC Supervisor'),
('AP Supervisor','AP Supervisor'),
('Cost Control Supervisor','Cost Control Supervisor'),
('AR Supervisor','AR Supervisor'),
('AP Staff','AP Staff'),
('Storekeeper','Storekeeper'),
('Purchasing Clerk','Purchasing Clerk'),
('Staff Can Fix It','Staff Can Fix It'),
('Engineering Supervisor','Engineering Supervisor'),
('Tehnician','Tehnician'),
('Sr. Technician','Sr. Technician'),
('Elcom Leader','Elcom Leader'),
('Senior Admin','Senior Admin'),
('Technician','Technician'),
('Mechanic','Mechanic'),
('Asst Chief Engineer','Asst Chief Engineer'),
('Captain','Captain'),
('Attendant','Attendant'),
('Asst. Manager','Asst. Manager'),
('Supervisor','Supervisor'),
('Manager','Manager'),
('Instructur','Instructur'),
('Duty Manager','Duty Manager'),
('FDA','FDA'),
('GRO','GRO'),
('Asst. FOM','Asst. FOM'),
('FOM','FOM'),
('Driver','Driver'),
('Bellboy','Bellboy'),
('Doorman','Doorman'),
('Operator','Operator'),
('Reservation Clerk','Reservation Clerk'),
('Gardener Leader','Gardener Leader'),
('HK Manager','HK Manager'),
('Training Manager','Training Manager'),
('HR Supervisor','HR Supervisor'),
('English Teacher','English Teacher'),
('Personnel Manager','Personnel Manager'),
('ER & GA Coordinator','ER & GA Coordinator'),
('Secretary','Secretary'),
('Exec. Sous Chef','Exec. Sous Chef'),
('Chef de Parties','Chef de Parties'),
('Commis II','Commis II'),
('Demi Chef','Demi Chef'),
('Demi Chef','Demi Chef'),
('Commis II','Commis II'),
('Commis I','Commis I'),
('Sous Chef','Sous Chef'),
('Commis II Dimsum','Commis II Dimsum'),
('Chinese Chef','Chinese Chef'),
('Demi Chef Dimsum','Demi Chef Dimsum'),
('Demi Chef  Chinese','Demi Chef  Chinese'),
('Chef de Parties Chinese','Chef de Parties Chinese'),
('Commis II Chinese','Commis II Chinese'),
('Special Chef Dimsun','Special Chef Dimsun'),
('Asst. Chief Steward','Asst. Chief Steward'),
('Sales Executive','Sales Executive'),
('Sales Manager','Sales Manager'),
('Sales Admin','Sales Admin'),
('PR Officer','PR Officer'),
('Officer','Officer');

INSERT INTO master_anggota(nik,nama,departemen,jabatan,no_rekening)
VALUES
('95070331','Sri Kurniawati ','1','1','58901'),
('09076931','Ady Fitriadi','2','2','58901'),
('04023715','Andriansyah','2','3','58901'),
('11068311','Fifi Kusuma Dewi','2','4','58901'),
('12109441','Nita Apriani','2','5','58901'),
('13099991','Safikurrohman','2','6','58901'),
('14030721','Trisno','2','7','58901'),
('06014806','Aan Kayan','3','8','58901'),
('96101166','Agus','3','9','58901'),
('05014236','Asep Saprudin','3','10','58901'),
('99112046','Bambang ','3','11','58901'),
('09087076','Dwi Prihatno','3','12','58901'),
('04104096','Ervin Rasilani','3','13','58901'),
('06014796','Guntur Prabowo','3','8','58901'),
('09076896','Irwan','3','9','58901'),
('13029646','Junjungan Tambunan','3','14','58901'),
('09087046','Sahrudin bin Maftuh','3','14','58901'),
('95120936','Sirmawan','3','11','58901'),
('07035366','Siswanto','3','15','58901'),
('97111476','Sugyono','3','16','58901'),
('05014216','Sukiyanto','3','14','58901'),
('10077776','Sunari','3','9','58901'),
('99112036','Supoyo','3','11','58901'),
('97111466','Suyono','3','9','58901'),
('97031339','J. Jacob Sitanggang','4.','17','58901'),
('97031319','Rahardjo','4.','17','58901'),
('13099979','Randy Fadilah','4.','18','58901'),
('01052599','Sobirin HR','4.','19','58901'),
('97081389','Thalib MP Manihiya','4.','20','58901'),
('95070489','Badol Saragi','5.','19','58901'),
('97031329','Gatot Agung Imansyah','5.','17','58901'),
('13110149','Irsan Daulay','5.','18','58901'),
('95070424','Leonardo Davinci','5.','18','58901'),
('97021289','M. Herman Hakim','5.','21','58901'),
('10017329','Muhamad Zackyansyah','5.','18','58901'),
('05064499','Nurdin','5.','18','58901'),
('03023111','Satria','5.','18','58901'),
('95070629','Subarini','5.','19','58901'),
('00022349','Supriyono','5.','18','58901'),
('01062679','Syarifudin (Gallery)','5.','18','58901'),
('97031349','Agustin Rina Astuti','6','20','58901'),
('13089859','Amelia Octa Della','6','18','58901'),
('12028769','Citra Wulandari','6','18','58901'),
('15061649','Yudistira','6','18','58901'),
('13110179','Ardiansyah Iskandar','7','18','58901'),
('00022339','Mulyadi','7','17','58901'),
('12109419','Riswanto','7','18','58901'),
('96091119','Agus Hermawan','8','18','58901'),
('97031309','Bahrudin','8','17','58901'),
('03093439','Hari Sugeng Kurnianto','8','18','58901'),
('95070119','Izmi','8','19','58901'),
('13120389','Muhammad Fahrizal','8','18','58901'),
('04073999','Supriadi (O CafŽ)','8','18','58901'),
('11128589','Yola Nivi Astriyani','8','18','58901'),
('95070319','Yudi Herawadi','8','19','58901'),
('97081399','Kusrini','9','18','58901'),
('96091129','Ahyani','10','18','58901'),
('04104069','S. Harriyono','10','19','58901'),
('12018674','M. Subkhan','11','22','58901'),
('12028744','Theresia Veronica Linogi','11','22','58901'),
('10027364','A. Rifqi','12','23','58901'),
('15061634','Bagus Gudiawan','12','24','58901'),
('15091734','Bambang Wisono','12','23','58901'),
('06065024','Dini Marianta Putri','12','23','58901'),
('03093474','Dwini Setyowati','12','24','58901'),
('13120364','Een Nuragina Meilasari','12','24','58901'),
('14111304','Fara Nurfadila','12','25','58901'),
('14020549','Fifi Kuryani','12','24','58901'),
('15081724','Gusti Ngurah BWS','12','24','58901'),
('08026204','Hosein Rahmat Ibrahim','12','26','58901'),
('03063194','Ifik Rorowilis','12','23','58901'),
('95060024','Rina Rakhmi','12','27','58901'),
('13100084','Roksi Ricardo','12','24','58901'),
('13120374','Yesicha Nur Sriati','12','25','58901'),
('96020994','Erwinadi','13','17','58901'),
('10057644','Ferry Setiawan ','13','28','58901'),
('09016625','H. Abdul Hamid','13','28','58901'),
('99101849','I Made Gde Suryadi','13','29','58901'),
('05034315','Jakaria Gunawan','13','29','58901'),
('97011244','Jamil','13','17','58901'),
('01062689','Joko Susilo','13','30','58901'),
('11038134','Matsani','13','28','58901'),
('09127304','Redi Ramdhani','13','29','58901'),
('10107894','Rudy Kurniawan','13','28','58901'),
('00082499','Sammy Raflimy','13','29','58901'),
('12119494','Supriyadi (28)','13','28','58901'),
('95070454','Agus Sukmawijaya','14','31','58901'),
('11038174','Amik Hari Priyanto','14','31','58901'),
('02092994','Bonny Firmansyah','14','31','58901'),
('14060964','Lusiani','14','31','58901'),
('12109384','Fisty Helny Risnawati','15','32','58901'),
('95070414','Agus Ridwan','16','20','58901'),
('03073285','Agus Supriyanto','16','18','58901'),
('04023735','Ahmad Sofyan','16','20','58901'),
('12038915','Alhamdika R. Matari','16','18','58901'),
('06075035','Budhi Waluyojati','16','20','58901'),
('97021295','Dede Mulyadi','16','18','58901'),
('03053175','Dodi Casmadi','16','18','58901'),
('03083335','Dwi Riyantoko','16','18','58901'),
('05014195','Eko Muliono','16','18','58901'),
('05054445','Hafiz Sulaiman','16','18','58901'),
('10128015','Hari Supriadi','16','18','58901'),
('11048215','Hartono','16','18','58901'),
('03053165','Hendra','16','18','58901'),
('12129565','Hendy Pratama','16','18','58901'),
('00052445','Heru Cahyono','16','18','58901'),
('12099315','Irfan Maulana','16','18','58901'),
('00122525','Irwan Krisnawan','16','18','58901'),
('15081685','Jeffry','16','33','58901'),
('06044925','Komarulloh','16','18','58901'),
('10107885','M Firdaus Fahlevi','16','18','58901'),
('01082735','M. Djufriadi','16','18','58901'),
('96020975','Melita Padmanegara','16','20','58901'),
('96121225','Nawawi','16','18','58901'),
('07045435','Ni Made Sariani','16','18','58901'),
('96020985','Norlia BR Manurung','16','20','58901'),
('13079825','Nurhadi','16','18','58901'),
('96031025','Prawoto','16','18','58901'),
('95110885','Ratna Suminar','16','18','58901'),
('02032885','Rian Purna Indrianto','16','18','58901'),
('02072925','Sobari','16','18','58901'),
('03053155','Srianto','16','34','58901'),
('95080705','Sunarno','16','20','58901'),
('04023725','Susamto','16','20','58901'),
('95100795','Suwarno','16','20','58901'),
('95070465','Taryuni','16','18','58901'),
('14020585','Yatmin','16','18','58901'),
('06024855','Zuwandi','16','20','58901'),
('01062635','Andri Surawidjaya','17','35','58901'),
('99071521','Inayah','17','36','58901'),
('15091773','K. Alice Irangani','17','37','58901'),
('95070374','Mustopha','17','38','58901'),
('04073983','Tedy Rinaldy','17','39','58901'),
('05094583','Yulindah Nawangtyas','17','36','58901'),
('99101758','Maryati','18','40','58901'),
('95120918','Wahyudi Winarso','18','41','58901'),
('95070278','Azwar Hamzah','19','42','58901'),
('14030708','Nakam','19','43','58901'),
('96031058','Sugiyanto','19','44','58901'),
('10107908','Tono','19','43','58901'),
('04043818','Zaenal Mutaqin','19','43','58901'),
('95110858','Agus Bahtiar','20','44','58901'),
('95120928','Dasep Supriatna','20','42','58901'),
('05124718','Muslihat','20','43','58901'),
('99091568','Yusuf Bara Laluhangga','20','47','58901'),
('95080678','Agus Mulyadi','21','43','58901'),
('95070268','Ceky Kuncoro','21','42','58901'),
('00052458','Dede Wahyudi','21','43','58901'),
('99091628','Edelhard Soedira','21','44','58901'),
('02022868','Isnanto','21','43','58901'),
('15102048','Jainal Arifin','21','42','58901'),
('95070188','Setiyayadi','21','48','58901'),
('01092768','Syarifudin (Kitchen)','21','44','58901'),
('05124708','Yanuar Setiawan','21','43','58901'),
('14050868','Adi Priyanto','22','49','58901'),
('99112108','Agus Siswanto','22','49','58901'),
('14091218','FX Bayu Adhi Nu25ho','22','50','58901'),
('95100828','Hari Sutopo','22','51','58901'),
('99112118','Moch Arifin Anwar','22','52','58901'),
('09026678','Rusli Widayat','22','52','58901'),
('95100788','Sudono Suharyanto','22','53','58901'),
('09107148','Sudrajat','22','54','58901'),
('95070578','Sutrisno','22','52','58901'),
('95070558','Suwandi','22','55','58901'),
('09127248','Yopi Bayu Heryanto','22','53','58901'),
('04013648','Guntur Gunawan','23','42','58901'),
('12109438','Rohman Sujana','23','43','58901'),
('99122228','Sade Rusyana','23','43','58901'),
('08016148','Faisal','24','56','58901'),
('02022858','Farizal Andriawan','24','20','58901'),
('99101839','Herry Heryanto Supantoro','24','18','58901'),
('99122238','Ishak Kurniawan','24','18','58901'),
('96071108','M. Muslih','24','18','58901'),
('95070258','M. Syah','24','20','58901'),
('99101675','R. Budi Wibisono','24','18','58901'),
('13100018','Rinto Tampubolon','24','18','58901'),
('95070497','Saidi','24','56','58901'),
('99112148','Subanar','24','18','58901'),
('01042578','Suparman','24','20','58901'),
('99112128','Warsono','24','18','58901'),
('99101685','Benny Mustika Alam','25','18','58901'),
('00042415','Deniawan','25','18','58901'),
('04053865','Dery Octavian','25','20','58901'),
('06014829','Dewi Priatni','25','18','58901'),
('11048235','Herman Susilo','25','18','58901'),
('10037465','Iwan Agus Setiawan','25','18','58901'),
('99101944','M Rizki P Ariwibowo','25','18','58901'),
('99101859','Rista Meliana','25','18','58901'),
('03083365','Riwanto','25','18','58901'),
('00042405','Rodean Dermawan','25','20','58901'),
('99101705','Ronny','25','18','58901'),
('00032385','Yayat Sufriyatna','25','18','58901'),
('00012315','Yuli Wahyudin','25','20','58901'),
('11108469','Herti Mulyasari','26','18','58901'),
('15091742','Muhamad Imron','26','57','58901'),
('97111502','Siti Solikhah','26','58','58901'),
('15081662','Virginia Sabrina Ayurianty','26','58','58901'),
('99112081','Wahyu Shandi Setiawan','26','59','58901'),
('13069814','Citra Lusita','27','60','58901'),
('09087017','Agus Lasadi','28','61','58901'),
('99091617','Agustus MAM Djoka','28','20','58901'),
('05104627','Dedi Junaedi','28','61','58901'),
('99101737','Eddy Kurnianto','28','61','58901'),
('05094577','Gusfinardi','28','20','58901'),
('14040817','Harryman','28','61','58901'),
('03073267','Joko Budiono','28','61','58901'),
('10027357','Perdiansyah','28','61','58901'),
('03083417','Ramsis E Pangaribuan','28','61','58901'),
('99081537','Ranto Parluhutan','28','61','58901'),
('96010967','Robby Sutikno','28','20','58901'),
('11108457','Rudi Suhartono','28','61','58901'),
('99101747','Sarina Damanik ','28','61','58901'),
('03083427','Sunarto (28)','28','61','58901'),
('05014257','Surasa','28','20','58901'),
('01042587','Sutrisno','28','61','58901'),
('02012847','Teguh Utomo','28','61','58901'),
('06105147','Tri Mardianto','28','61','58901');

# Insert transaksi_simpanan
INSERT INTO transaksi_simpanan(no_anggota,total_simpanan)
VALUES
('1','2875000'),
('2','2875000'),
('3','2550000'),
('4','2425000'),
('5','2000000'),
('6','1600000'),
('7','2000000'),
('8','2875000'),
('9','2875000'),
('10','2875000'),
('11','2875000'),
('12','2875000'),
('13','2875000'),
('14','2875000'),
('15','2875000'),
('16','2625000'),
('17','2875000'),
('18','2875000'),
('19','2875000'),
('20','2875000'),
('21','2000000'),
('22','2875000'),
('23','2875000'),
('24','2875000'),
('25','2875000'),
('26','2875000'),
('27','1700000'),
('28','2000000'),
('29','2875000'),
('30','2000000'),
('31','2875000'),
('32','200000'),
('33','2875000'),
('34','2875000'),
('35','2875000'),
('36','2875000'),
('37','2875000'),
('38','2875000'),
('39','2875000'),
('40','2875000'),
('41','2875000'),
('42','1500000'),
('43','2875000'),
('44','500000'),
('45','200000'),
('46','2875000'),
('47','1700000'),
('48','2875000'),
('49','2875000'),
('50','2875000'),
('51','2875000'),
('52','2425000'),
('53','2875000'),
('54','2425000'),
('55','2875000'),
('56','2000000'),
('57','2725000'),
('58','2875000'),
('59','2750000'),
('60','2750000'),
('61','2875000'),
('62','800000'),
('63','600000'),
('64','2875000'),
('65','2875000'),
('66','2425000'),
('67','1600000'),
('68','2425000'),
('69','200000'),
('70','2875000'),
('71','2875000'),
('72','2875000'),
('73','2100000'),
('74','2100000'),
('75','2875000'),
('76','2575000'),
('77','2875000'),
('78','2875000'),
('79','2875000'),
('80','2875000'),
('81','2875000'),
('82','2875000'),
('83','2875000'),
('84','2875000'),
('85','2875000'),
('86','2000000'),
('87','2875000'),
('88','2875000'),
('89','2875000'),
('90','800000'),
('91','1800000'),
('92','2875000'),
('93','2875000'),
('94','2100000'),
('95','500000'),
('96','2875000'),
('97','2875000'),
('98','2875000'),
('99','2100000'),
('100','2875000'),
('101','2875000'),
('102','2425000'),
('103','1900000'),
('104','2875000'),
('105','200000'),
('106','2100000'),
('107','500000'),
('108','2875000'),
('109','400000'),
('110','2325000'),
('111','2875000'),
('112','2100000'),
('113','2875000'),
('114','2875000'),
('115','2000000'),
('116','2875000'),
('117','500000'),
('118','2875000'),
('119','2875000'),
('120','2875000'),
('121','2875000'),
('122','2875000'),
('123','2875000'),
('124','2875000'),
('125','2425000'),
('126','2875000'),
('127','1600000'),
('128','2875000'),
('129','2875000'),
('130','1600000'),
('131','400000'),
('132','2875000'),
('133','2875000'),
('134','2875000'),
('135','2875000'),
('136','2325000'),
('137','2875000'),
('138','800000'),
('139','2875000'),
('140','1100000'),
('141','2875000'),
('142','2425000'),
('143','2000000'),
('144','2875000'),
('145','2875000'),
('146','2875000'),
('147','2875000'),
('148','2725000'),
('149','2875000'),
('150','2875000'),
('151','200000'),
('152','2875000'),
('153','2875000'),
('154','2775000'),
('155','2000000'),
('156','2875000'),
('157','1100000'),
('158','2875000'),
('159','2875000'),
('160','2875000'),
('161','2875000'),
('162','2775000'),
('163','2875000'),
('164','2875000'),
('165','1300000'),
('166','2875000'),
('167','2550000'),
('168','2875000'),
('169','2725000'),
('170','2875000'),
('171','2875000'),
('172','2875000'),
('173','2875000'),
('174','2875000'),
('175','2875000'),
('176','1900000'),
('177','2875000'),
('178','2875000'),
('179','2875000'),
('180','2875000'),
('181','1200000'),
('182','2875000'),
('183','2875000'),
('184','2875000'),
('185','1400000'),
('186','2875000'),
('187','2875000'),
('188','2875000'),
('189','2875000'),
('190','2875000'),
('191','2875000'),
('192','2875000'),
('193','2875000'),
('194','2000000'),
('195','200000'),
('196','2875000'),
('197','200000'),
('198','2875000'),
('199','2525000'),
('200','2875000'),
('201','2875000'),
('202','2875000'),
('203','2875000'),
('204','2875000'),
('205','2000000'),
('206','2875000'),
('207','2875000'),
('208','2875000'),
('209','2775000'),
('210','2875000'),
('211','2775000'),
('212','2875000'),
('213','2875000'),
('214','2875000'),
('215','2875000'),
('216','2875000'),
('217','2600000');

#insert transaksi_simpanan_detail
INSERT INTO transaksi_simpanan_detail(kode_simpanan,kode_jenis_simpanan,jumlah_simpanan)
VALUES
('1','5','2875000'),
('2','5','2875000'),
('3','5','2550000'),
('4','5','2425000'),
('5','5','2000000'),
('6','5','1600000'),
('7','5','2000000'),
('8','5','2875000'),
('9','5','2875000'),
('10','5','2875000'),
('11','5','2875000'),
('12','5','2875000'),
('13','5','2875000'),
('14','5','2875000'),
('15','5','2875000'),
('16','5','2625000'),
('17','5','2875000'),
('18','5','2875000'),
('19','5','2875000'),
('20','5','2875000'),
('21','5','2000000'),
('22','5','2875000'),
('23','5','2875000'),
('24','5','2875000'),
('25','5','2875000'),
('26','5','2875000'),
('27','5','1700000'),
('28','5','2000000'),
('29','5','2875000'),
('30','5','2000000'),
('31','5','2875000'),
('32','5','200000'),
('33','5','2875000'),
('34','5','2875000'),
('35','5','2875000'),
('36','5','2875000'),
('37','5','2875000'),
('38','5','2875000'),
('39','5','2875000'),
('40','5','2875000'),
('41','5','2875000'),
('42','5','1500000'),
('43','5','2875000'),
('44','5','500000'),
('45','5','200000'),
('46','5','2875000'),
('47','5','1700000'),
('48','5','2875000'),
('49','5','2875000'),
('50','5','2875000'),
('51','5','2875000'),
('52','5','2425000'),
('53','5','2875000'),
('54','5','2425000'),
('55','5','2875000'),
('56','5','2000000'),
('57','5','2725000'),
('58','5','2875000'),
('59','5','2750000'),
('60','5','2750000'),
('61','5','2875000'),
('62','5','800000'),
('63','5','600000'),
('64','5','2875000'),
('65','5','2875000'),
('66','5','2425000'),
('67','5','1600000'),
('68','5','2425000'),
('69','5','200000'),
('70','5','2875000'),
('71','5','2875000'),
('72','5','2875000'),
('73','5','2100000'),
('74','5','2100000'),
('75','5','2875000'),
('76','5','2575000'),
('77','5','2875000'),
('78','5','2875000'),
('79','5','2875000'),
('80','5','2875000'),
('81','5','2875000'),
('82','5','2875000'),
('83','5','2875000'),
('84','5','2875000'),
('85','5','2875000'),
('86','5','2000000'),
('87','5','2875000'),
('88','5','2875000'),
('89','5','2875000'),
('90','5','800000'),
('91','5','1800000'),
('92','5','2875000'),
('93','5','2875000'),
('94','5','2100000'),
('95','5','500000'),
('96','5','2875000'),
('97','5','2875000'),
('98','5','2875000'),
('99','5','2100000'),
('100','5','2875000'),
('101','5','2875000'),
('102','5','2425000'),
('103','5','1900000'),
('104','5','2875000'),
('105','5','200000'),
('106','5','2100000'),
('107','5','500000'),
('108','5','2875000'),
('109','5','400000'),
('110','5','2325000'),
('111','5','2875000'),
('112','5','2100000'),
('113','5','2875000'),
('114','5','2875000'),
('115','5','2000000'),
('116','5','2875000'),
('117','5','500000'),
('118','5','2875000'),
('119','5','2875000'),
('120','5','2875000'),
('121','5','2875000'),
('122','5','2875000'),
('123','5','2875000'),
('124','5','2875000'),
('125','5','2425000'),
('126','5','2875000'),
('127','5','1600000'),
('128','5','2875000'),
('129','5','2875000'),
('130','5','1600000'),
('131','5','400000'),
('132','5','2875000'),
('133','5','2875000'),
('134','5','2875000'),
('135','5','2875000'),
('136','5','2325000'),
('137','5','2875000'),
('138','5','800000'),
('139','5','2875000'),
('140','5','1100000'),
('141','5','2875000'),
('142','5','2425000'),
('143','5','2000000'),
('144','5','2875000'),
('145','5','2875000'),
('146','5','2875000'),
('147','5','2875000'),
('148','5','2725000'),
('149','5','2875000'),
('150','5','2875000'),
('151','5','200000'),
('152','5','2875000'),
('153','5','2875000'),
('154','5','2775000'),
('155','5','2000000'),
('156','5','2875000'),
('157','5','1100000'),
('158','5','2875000'),
('159','5','2875000'),
('160','5','2875000'),
('161','5','2875000'),
('162','5','2775000'),
('163','5','2875000'),
('164','5','2875000'),
('165','5','1300000'),
('166','5','2875000'),
('167','5','2550000'),
('168','5','2875000'),
('169','5','2725000'),
('170','5','2875000'),
('171','5','2875000'),
('172','5','2875000'),
('173','5','2875000'),
('174','5','2875000'),
('175','5','2875000'),
('176','5','1900000'),
('177','5','2875000'),
('178','5','2875000'),
('179','5','2875000'),
('180','5','2875000'),
('181','5','1200000'),
('182','5','2875000'),
('183','5','2875000'),
('184','5','2875000'),
('185','5','1400000'),
('186','5','2875000'),
('187','5','2875000'),
('188','5','2875000'),
('189','5','2875000'),
('190','5','2875000'),
('191','5','2875000'),
('192','5','2875000'),
('193','5','2875000'),
('194','5','2000000'),
('195','5','200000'),
('196','5','2875000'),
('197','5','200000'),
('198','5','2875000'),
('199','5','2525000'),
('200','5','2875000'),
('201','5','2875000'),
('202','5','2875000'),
('203','5','2875000'),
('204','5','2875000'),
('205','5','2000000'),
('206','5','2875000'),
('207','5','2875000'),
('208','5','2875000'),
('209','5','2775000'),
('210','5','2875000'),
('211','5','2775000'),
('212','5','2875000'),
('213','5','2875000'),
('214','5','2875000'),
('215','5','2875000'),
('216','5','2875000'),
('217','5','2600000');














