/*
SQLyog Ultimate v11.11 (64 bit)
MySQL - 5.6.21 : Database - redtop_hotel
*********************************************************************
*/

/*!40101 SET NAMES utf8 */;

/*!40101 SET SQL_MODE=''*/;

/*!40014 SET @OLD_UNIQUE_CHECKS=@@UNIQUE_CHECKS, UNIQUE_CHECKS=0 */;
/*!40014 SET @OLD_FOREIGN_KEY_CHECKS=@@FOREIGN_KEY_CHECKS, FOREIGN_KEY_CHECKS=0 */;
/*!40101 SET @OLD_SQL_MODE=@@SQL_MODE, SQL_MODE='NO_AUTO_VALUE_ON_ZERO' */;
/*!40111 SET @OLD_SQL_NOTES=@@SQL_NOTES, SQL_NOTES=0 */;
CREATE DATABASE /*!32312 IF NOT EXISTS*/`redtop_hotel` /*!40100 DEFAULT CHARACTER SET latin1 */;

USE `redtop_hotel`;

/*Table structure for table `cicilan` */

DROP TABLE IF EXISTS `cicilan`;

CREATE TABLE `cicilan` (
  `cicilan_id` int(11) NOT NULL AUTO_INCREMENT,
  `angsuran_ke` int(11) DEFAULT NULL,
  `order_id` int(11) DEFAULT NULL,
  `no_anggota` int(11) DEFAULT NULL,
  `jumlah` decimal(20,2) DEFAULT NULL,
  `total_pinjaman` decimal(20,2) DEFAULT '0.00',
  `bunga` decimal(20,2) DEFAULT NULL,
  `cicilan_perbulan` decimal(20,2) DEFAULT NULL,
  `status` enum('lunas','belum') DEFAULT 'belum',
  `keterangan` varchar(255) DEFAULT '',
  `insert_timestamp` timestamp NULL DEFAULT CURRENT_TIMESTAMP,
  `jatuh_tempo` date DEFAULT NULL,
  `update_timestamp` timestamp NULL DEFAULT NULL,
  PRIMARY KEY (`cicilan_id`)
) ENGINE=InnoDB AUTO_INCREMENT=469 DEFAULT CHARSET=utf8;

/*Data for the table `cicilan` */

insert  into `cicilan`(`cicilan_id`,`angsuran_ke`,`order_id`,`no_anggota`,`jumlah`,`total_pinjaman`,`bunga`,`cicilan_perbulan`,`status`,`keterangan`,`insert_timestamp`,`jatuh_tempo`,`update_timestamp`) values (1,1,2,20,249000.00,249000.00,0.00,249000.00,'lunas','transaksi_penjualan','2016-04-02 18:03:53','2016-05-25','2016-04-14 00:00:00'),(2,1,3,210,65000.00,65000.00,0.00,65000.00,'lunas','transaksi_penjualan','2016-04-04 13:04:43','2016-05-25','2016-04-14 00:00:00'),(3,1,4,190,26000.00,26000.00,0.00,26000.00,'lunas','transaksi_penjualan','2016-04-04 13:48:18','2016-05-25','2016-04-14 00:00:00'),(4,1,5,177,80500.00,80500.00,0.00,80500.00,'lunas','transaksi_penjualan','2016-04-04 14:20:52','2016-05-25','2016-04-14 00:00:00'),(5,1,6,186,18000.00,18000.00,0.00,18000.00,'lunas','transaksi_penjualan','2016-04-04 14:23:04','2016-05-25','2016-04-14 00:00:00'),(6,1,7,202,20000.00,20000.00,0.00,20000.00,'lunas','transaksi_penjualan','2016-04-04 14:37:33','2016-05-25','2016-04-14 00:00:00'),(7,1,8,157,54000.00,54000.00,0.00,54000.00,'lunas','transaksi_penjualan','2016-04-04 16:20:44','2016-05-25','2016-04-14 00:00:00'),(8,1,9,160,15000.00,15000.00,0.00,15000.00,'lunas','transaksi_penjualan','2016-04-04 16:22:57','2016-05-25','2016-04-14 00:00:00'),(9,1,13,160,15000.00,15000.00,0.00,15000.00,'lunas','transaksi_penjualan','2016-04-04 18:10:15','2016-05-25','2016-04-14 00:00:00'),(10,1,15,112,22000.00,22000.00,0.00,22000.00,'lunas','transaksi_penjualan','2016-04-05 12:38:01','2016-05-25','2016-04-14 00:00:00'),(11,1,28,86,21000.00,21000.00,0.00,21000.00,'lunas','transaksi_penjualan','2016-04-05 14:06:58','2016-05-25','2016-04-14 00:00:00'),(12,1,29,84,43000.00,43000.00,0.00,43000.00,'lunas','transaksi_penjualan','2016-04-05 14:09:02','2016-05-25','2016-04-14 00:00:00'),(13,1,30,161,117000.00,117000.00,0.00,117000.00,'lunas','transaksi_penjualan','2016-04-05 14:11:00','2016-05-25','2016-04-14 00:00:00'),(14,1,31,136,21250.00,21250.00,0.00,21250.00,'lunas','transaksi_penjualan','2016-04-05 14:15:30','2016-05-25','2016-04-14 00:00:00'),(15,1,32,163,17000.00,17000.00,0.00,17000.00,'lunas','transaksi_penjualan','2016-04-05 14:23:50','2016-05-25','2016-04-14 00:00:00'),(16,1,34,34,15000.00,15000.00,0.00,15000.00,'lunas','transaksi_penjualan','2016-04-05 14:32:53','2016-05-25','2016-04-14 00:00:00'),(17,1,36,109,17000.00,17000.00,0.00,17000.00,'lunas','transaksi_penjualan','2016-04-05 14:37:25','2016-05-25','2016-04-14 00:00:00'),(18,1,37,193,16000.00,16000.00,0.00,16000.00,'lunas','transaksi_penjualan','2016-04-05 14:45:41','2016-05-25','2016-04-14 00:00:00'),(19,1,38,139,17000.00,17000.00,0.00,17000.00,'lunas','transaksi_penjualan','2016-04-05 14:47:13','2016-05-25','2016-04-14 00:00:00'),(20,1,39,189,20000.00,20000.00,0.00,20000.00,'lunas','transaksi_penjualan','2016-04-05 14:48:52','2016-05-25','2016-04-14 00:00:00'),(21,1,42,94,13000.00,13000.00,0.00,13000.00,'lunas','transaksi_penjualan','2016-04-05 14:54:12','2016-05-25','2016-04-14 00:00:00'),(22,1,43,80,18000.00,18000.00,0.00,18000.00,'lunas','transaksi_penjualan','2016-04-05 14:54:54','2016-05-25','2016-04-14 00:00:00'),(23,1,44,144,20000.00,20000.00,0.00,20000.00,'lunas','transaksi_penjualan','2016-04-05 14:55:41','2016-05-25','2016-04-14 00:00:00'),(24,1,45,178,15000.00,15000.00,0.00,15000.00,'lunas','transaksi_penjualan','2016-04-05 14:56:28','2016-05-25','2016-04-14 00:00:00'),(25,1,46,112,8000.00,8000.00,0.00,8000.00,'lunas','transaksi_penjualan','2016-04-05 15:04:26','2016-05-25','2016-04-14 00:00:00'),(26,1,48,78,93000.00,93000.00,0.00,93000.00,'lunas','transaksi_penjualan','2016-04-05 15:17:04','2016-05-25','2016-04-14 00:00:00'),(27,1,49,6,4000.00,4000.00,0.00,4000.00,'lunas','transaksi_penjualan','2016-04-05 15:19:15','2016-05-25','2016-04-14 00:00:00'),(28,1,50,127,32500.00,32500.00,0.00,32500.00,'lunas','transaksi_penjualan','2016-04-05 16:37:11','2016-05-25','2016-04-14 00:00:00'),(29,1,61,158,22000.00,22000.00,0.00,22000.00,'lunas','transaksi_penjualan','2016-04-05 18:06:21','2016-05-25','2016-04-14 00:00:00'),(30,1,62,97,18000.00,18000.00,0.00,18000.00,'lunas','transaksi_penjualan','2016-04-05 18:07:01','2016-05-25','2016-04-14 00:00:00'),(31,1,63,3,36000.00,36000.00,0.00,36000.00,'lunas','transaksi_penjualan','2016-04-05 18:08:15','2016-05-25','2016-04-14 00:00:00'),(32,1,64,58,4000.00,4000.00,0.00,4000.00,'lunas','transaksi_penjualan','2016-04-05 18:09:25','2016-05-25','2016-04-14 00:00:00'),(33,1,66,185,2000.00,2000.00,0.00,2000.00,'lunas','transaksi_penjualan','2016-04-05 18:11:21','2016-05-25','2016-04-14 00:00:00'),(34,1,67,108,20000.00,20000.00,0.00,20000.00,'lunas','transaksi_penjualan','2016-04-05 18:12:01','2016-05-25','2016-04-14 00:00:00'),(35,1,68,53,17000.00,17000.00,0.00,17000.00,'lunas','transaksi_penjualan','2016-04-05 18:13:06','2016-05-25','2016-04-14 00:00:00'),(36,1,69,15,18000.00,18000.00,0.00,18000.00,'lunas','transaksi_penjualan','2016-04-05 18:13:36','2016-05-25','2016-04-14 00:00:00'),(37,1,70,17,30000.00,30000.00,0.00,30000.00,'lunas','transaksi_penjualan','2016-04-05 18:15:05','2016-05-25','2016-04-14 00:00:00'),(38,1,71,170,7000.00,7000.00,0.00,7000.00,'lunas','transaksi_penjualan','2016-04-05 18:16:36','2016-05-25','2016-04-14 00:00:00'),(39,1,72,25,242000.00,242000.00,0.00,242000.00,'lunas','transaksi_penjualan','2016-04-05 18:24:25','2016-05-25','2016-04-14 00:00:00'),(40,1,75,175,15000.00,15000.00,0.00,15000.00,'lunas','transaksi_penjualan','2016-04-05 18:29:37','2016-05-25','2016-04-14 00:00:00'),(41,1,76,102,14000.00,14000.00,0.00,14000.00,'lunas','transaksi_penjualan','2016-04-05 18:30:20','2016-05-25','2016-04-14 00:00:00'),(42,1,77,212,19000.00,19000.00,0.00,19000.00,'lunas','transaksi_penjualan','2016-04-05 18:31:37','2016-05-25','2016-04-14 00:00:00'),(43,1,82,117,67000.00,67000.00,0.00,67000.00,'lunas','transaksi_penjualan','2016-04-06 11:05:16','2016-05-25','2016-04-14 00:00:00'),(44,1,83,182,12000.00,12000.00,0.00,12000.00,'lunas','transaksi_penjualan','2016-04-06 11:06:34','2016-05-25','2016-04-14 00:00:00'),(45,1,85,181,17000.00,17000.00,0.00,17000.00,'lunas','transaksi_penjualan','2016-04-06 11:27:27','2016-05-25','2016-04-14 00:00:00'),(46,1,86,86,19000.00,19000.00,0.00,19000.00,'lunas','transaksi_penjualan','2016-04-06 11:28:14','2016-05-25','2016-04-14 00:00:00'),(47,1,87,55,4000.00,4000.00,0.00,4000.00,'lunas','transaksi_penjualan','2016-04-06 11:28:56','2016-05-25','2016-04-14 00:00:00'),(48,1,88,149,5000.00,5000.00,0.00,5000.00,'lunas','transaksi_penjualan','2016-04-06 11:30:26','2016-05-25','2016-04-14 00:00:00'),(49,1,89,28,6000.00,6000.00,0.00,6000.00,'lunas','transaksi_penjualan','2016-04-06 11:30:47','2016-05-25','2016-04-14 00:00:00'),(50,1,90,128,2000.00,2000.00,0.00,2000.00,'lunas','transaksi_penjualan','2016-04-06 11:31:21','2016-05-25','2016-04-14 00:00:00'),(51,1,91,158,20000.00,20000.00,0.00,20000.00,'lunas','transaksi_penjualan','2016-04-06 11:31:51','2016-05-25','2016-04-14 00:00:00'),(52,1,92,70,2000.00,2000.00,0.00,2000.00,'lunas','transaksi_penjualan','2016-04-06 11:32:19','2016-05-25','2016-04-14 00:00:00'),(53,1,93,141,13000.00,13000.00,0.00,13000.00,'lunas','transaksi_penjualan','2016-04-06 11:32:52','2016-05-25','2016-04-14 00:00:00'),(54,1,94,193,13000.00,13000.00,0.00,13000.00,'lunas','transaksi_penjualan','2016-04-06 11:33:24','2016-05-25','2016-04-14 00:00:00'),(55,1,95,190,2000.00,2000.00,0.00,2000.00,'lunas','transaksi_penjualan','2016-04-06 11:33:50','2016-05-25','2016-04-14 00:00:00'),(56,1,96,6,2000.00,2000.00,0.00,2000.00,'lunas','transaksi_penjualan','2016-04-06 11:34:15','2016-05-25','2016-04-14 00:00:00'),(57,1,97,58,6000.00,6000.00,0.00,6000.00,'lunas','transaksi_penjualan','2016-04-06 11:34:38','2016-05-25','2016-04-14 00:00:00'),(58,1,98,183,21000.00,21000.00,0.00,21000.00,'lunas','transaksi_penjualan','2016-04-06 11:35:55','2016-05-25','2016-04-14 00:00:00'),(59,1,100,109,15000.00,15000.00,0.00,15000.00,'lunas','transaksi_penjualan','2016-04-06 11:37:00','2016-05-25','2016-04-14 00:00:00'),(60,1,102,160,4000.00,4000.00,0.00,4000.00,'lunas','transaksi_penjualan','2016-04-06 11:38:04','2016-05-25','2016-04-14 00:00:00'),(61,1,103,84,5000.00,5000.00,0.00,5000.00,'lunas','transaksi_penjualan','2016-04-06 11:39:19','2016-05-25','2016-04-14 00:00:00'),(62,1,104,20,2000.00,2000.00,0.00,2000.00,'lunas','transaksi_penjualan','2016-04-06 11:40:01','2016-05-25','2016-04-14 00:00:00'),(63,1,105,15,21000.00,21000.00,0.00,21000.00,'lunas','transaksi_penjualan','2016-04-06 11:40:36','2016-05-25','2016-04-14 00:00:00'),(64,1,106,162,18000.00,18000.00,0.00,18000.00,'lunas','transaksi_penjualan','2016-04-06 11:42:34','2016-05-25','2016-04-14 00:00:00'),(65,1,107,160,30000.00,30000.00,0.00,30000.00,'lunas','transaksi_penjualan','2016-04-06 11:43:13','2016-05-25','2016-04-14 00:00:00'),(66,1,108,139,19000.00,19000.00,0.00,19000.00,'lunas','transaksi_penjualan','2016-04-06 11:43:35','2016-05-25','2016-04-14 00:00:00'),(67,1,111,6,13000.00,13000.00,0.00,13000.00,'lunas','transaksi_penjualan','2016-04-06 12:22:40','2016-05-25','2016-04-14 00:00:00'),(68,1,113,76,39000.00,39000.00,0.00,39000.00,'lunas','transaksi_penjualan','2016-04-06 12:43:21','2016-05-25','2016-04-14 00:00:00'),(69,1,114,86,21000.00,21000.00,0.00,21000.00,'lunas','transaksi_penjualan','2016-04-06 12:58:23','2016-05-25','2016-04-14 00:00:00'),(70,1,115,222,15000.00,15000.00,0.00,15000.00,'lunas','transaksi_penjualan','2016-04-06 12:59:35','2016-05-25','2016-04-14 00:00:00'),(71,1,116,28,5000.00,5000.00,0.00,5000.00,'lunas','transaksi_penjualan','2016-04-06 13:00:13','2016-05-25','2016-04-14 00:00:00'),(72,1,117,58,3000.00,3000.00,0.00,3000.00,'lunas','transaksi_penjualan','2016-04-06 13:00:58','2016-05-25','2016-04-14 00:00:00'),(73,1,118,53,17000.00,17000.00,0.00,17000.00,'lunas','transaksi_penjualan','2016-04-06 13:02:07','2016-05-25','2016-04-14 00:00:00'),(74,1,119,109,19000.00,19000.00,0.00,19000.00,'lunas','transaksi_penjualan','2016-04-06 13:03:10','2016-05-25','2016-04-14 00:00:00'),(75,1,120,182,17000.00,17000.00,0.00,17000.00,'lunas','transaksi_penjualan','2016-04-06 13:04:03','2016-05-25','2016-04-14 00:00:00'),(76,1,121,162,20000.00,20000.00,0.00,20000.00,'lunas','transaksi_penjualan','2016-04-06 13:04:58','2016-05-25','2016-04-14 00:00:00'),(77,1,122,190,15000.00,15000.00,0.00,15000.00,'lunas','transaksi_penjualan','2016-04-06 13:06:46','2016-05-25','2016-04-14 00:00:00'),(78,1,123,102,16000.00,16000.00,0.00,16000.00,'lunas','transaksi_penjualan','2016-04-06 13:07:39','2016-05-25','2016-04-14 00:00:00'),(79,1,124,112,2000.00,2000.00,0.00,2000.00,'lunas','transaksi_penjualan','2016-04-06 13:08:25','2016-05-25','2016-04-14 00:00:00'),(80,1,125,110,22000.00,22000.00,0.00,22000.00,'lunas','transaksi_penjualan','2016-04-06 13:09:04','2016-05-25','2016-04-14 00:00:00'),(81,1,126,136,20000.00,20000.00,0.00,20000.00,'lunas','transaksi_penjualan','2016-04-06 13:09:26','2016-05-25','2016-04-14 00:00:00'),(82,1,127,158,20000.00,20000.00,0.00,20000.00,'lunas','transaksi_penjualan','2016-04-06 13:09:48','2016-05-25','2016-04-14 00:00:00'),(83,1,128,155,5000.00,5000.00,0.00,5000.00,'lunas','transaksi_penjualan','2016-04-06 13:10:25','2016-05-25','2016-04-14 00:00:00'),(84,1,129,138,15000.00,15000.00,0.00,15000.00,'lunas','transaksi_penjualan','2016-04-06 13:10:54','2016-05-25','2016-04-14 00:00:00'),(85,1,130,128,2000.00,2000.00,0.00,2000.00,'lunas','transaksi_penjualan','2016-04-06 13:12:08','2016-05-25','2016-04-14 00:00:00'),(86,1,131,132,16000.00,16000.00,0.00,16000.00,'lunas','transaksi_penjualan','2016-04-06 13:13:00','2016-05-25','2016-04-14 00:00:00'),(87,1,132,44,40000.00,40000.00,0.00,40000.00,'lunas','transaksi_penjualan','2016-04-06 13:13:45','2016-05-25','2016-04-14 00:00:00'),(88,1,133,141,2000.00,2000.00,0.00,2000.00,'lunas','transaksi_penjualan','2016-04-06 13:14:56','2016-05-25','2016-04-14 00:00:00'),(89,1,134,125,32000.00,32000.00,0.00,32000.00,'lunas','transaksi_penjualan','2016-04-06 13:17:18','2016-05-25','2016-04-14 00:00:00'),(90,1,135,20,3000.00,3000.00,0.00,3000.00,'lunas','transaksi_penjualan','2016-04-06 13:18:36','2016-05-25','2016-04-14 00:00:00'),(91,1,136,159,9000.00,9000.00,0.00,9000.00,'lunas','transaksi_penjualan','2016-04-06 13:19:57','2016-05-25','2016-04-14 00:00:00'),(92,1,137,198,2000.00,2000.00,0.00,2000.00,'lunas','transaksi_penjualan','2016-04-06 13:25:00','2016-05-25','2016-04-14 00:00:00'),(93,1,147,6,2500.00,2500.00,0.00,2500.00,'lunas','transaksi_penjualan','2016-04-06 13:40:08','2016-05-25','2016-04-14 00:00:00'),(94,1,152,151,49000.00,49000.00,0.00,49000.00,'lunas','transaksi_penjualan','2016-04-06 13:56:20','2016-05-25','2016-04-14 00:00:00'),(95,1,153,138,15000.00,15000.00,0.00,15000.00,'lunas','transaksi_penjualan','2016-04-06 13:56:58','2016-05-25','2016-04-14 00:00:00'),(96,1,155,44,46000.00,46000.00,0.00,46000.00,'lunas','transaksi_penjualan','2016-04-06 14:13:07','2016-05-25','2016-04-14 00:00:00'),(97,1,156,44,13000.00,13000.00,0.00,13000.00,'lunas','transaksi_penjualan','2016-04-06 14:17:55','2016-05-25','2016-04-14 00:00:00'),(98,1,158,221,17000.00,17000.00,0.00,17000.00,'lunas','transaksi_penjualan','2016-04-06 14:21:39','2016-05-25','2016-04-14 00:00:00'),(99,1,159,190,13000.00,13000.00,0.00,13000.00,'lunas','transaksi_penjualan','2016-04-06 14:22:27','2016-05-25','2016-04-14 00:00:00'),(100,1,160,58,15000.00,15000.00,0.00,15000.00,'lunas','transaksi_penjualan','2016-04-06 14:23:11','2016-05-25','2016-04-14 00:00:00'),(101,1,162,183,6000.00,6000.00,0.00,6000.00,'lunas','transaksi_penjualan','2016-04-06 14:24:25','2016-05-25','2016-04-14 00:00:00'),(102,1,163,155,2000.00,2000.00,0.00,2000.00,'lunas','transaksi_penjualan','2016-04-06 14:25:22','2016-05-25','2016-04-14 00:00:00'),(103,1,165,159,20000.00,20000.00,0.00,20000.00,'lunas','transaksi_penjualan','2016-04-06 14:35:36','2016-05-25','2016-04-14 00:00:00'),(104,1,167,19,15000.00,15000.00,0.00,15000.00,'lunas','transaksi_penjualan','2016-04-06 14:39:11','2016-05-25','2016-04-14 00:00:00'),(105,1,168,151,13000.00,13000.00,0.00,13000.00,'lunas','transaksi_penjualan','2016-04-06 14:39:52','2016-05-25','2016-04-14 00:00:00'),(106,1,169,41,6000.00,6000.00,0.00,6000.00,'lunas','transaksi_penjualan','2016-04-06 14:40:24','2016-05-25','2016-04-14 00:00:00'),(107,1,172,101,89000.00,89000.00,0.00,89000.00,'lunas','transaksi_penjualan','2016-04-06 15:10:26','2016-05-25','2016-04-14 00:00:00'),(108,1,173,44,10000.00,10000.00,0.00,10000.00,'lunas','transaksi_penjualan','2016-04-06 15:16:12','2016-05-25','2016-04-14 00:00:00'),(109,1,174,222,2000.00,2000.00,0.00,2000.00,'lunas','transaksi_penjualan','2016-04-06 15:17:19','2016-05-25','2016-04-14 00:00:00'),(110,1,176,139,19000.00,19000.00,0.00,19000.00,'lunas','transaksi_penjualan','2016-04-06 15:23:48','2016-05-25','2016-04-14 00:00:00'),(111,1,177,86,93500.00,93500.00,0.00,93500.00,'lunas','transaksi_penjualan','2016-04-06 15:28:08','2016-05-25','2016-04-14 00:00:00'),(112,1,178,127,3000.00,3000.00,0.00,3000.00,'lunas','transaksi_penjualan','2016-04-06 15:28:56','2016-05-25','2016-04-14 00:00:00'),(113,1,179,15,18000.00,18000.00,0.00,18000.00,'lunas','transaksi_penjualan','2016-04-06 15:47:14','2016-05-25','2016-04-14 00:00:00'),(114,1,180,198,20000.00,20000.00,0.00,20000.00,'lunas','transaksi_penjualan','2016-04-06 15:48:12','2016-05-25','2016-04-14 00:00:00'),(115,1,181,73,26000.00,26000.00,0.00,26000.00,'lunas','transaksi_penjualan','2016-04-06 15:49:19','2016-05-25','2016-04-14 00:00:00'),(116,1,184,186,27000.00,27000.00,0.00,27000.00,'lunas','transaksi_penjualan','2016-04-06 16:59:18','2016-05-25','2016-04-14 00:00:00'),(117,1,186,31,51000.00,51000.00,0.00,51000.00,'lunas','transaksi_penjualan','2016-04-06 17:12:04','2016-05-25','2016-04-14 00:00:00'),(118,1,187,20,1250.00,1250.00,0.00,1250.00,'lunas','transaksi_penjualan','2016-04-06 17:13:13','2016-05-25','2016-04-14 00:00:00'),(119,1,188,187,5000.00,5000.00,0.00,5000.00,'lunas','transaksi_penjualan','2016-04-06 17:17:41','2016-05-25','2016-04-14 00:00:00'),(120,1,189,22,127000.00,127000.00,0.00,127000.00,'lunas','transaksi_penjualan','2016-04-06 17:22:12','2016-05-25','2016-04-14 00:00:00'),(121,1,190,84,20000.00,20000.00,0.00,20000.00,'lunas','transaksi_penjualan','2016-04-06 17:23:00','2016-05-25','2016-04-14 00:00:00'),(122,1,191,151,35000.00,35000.00,0.00,35000.00,'lunas','transaksi_penjualan','2016-04-06 17:25:20','2016-05-25','2016-04-14 00:00:00'),(123,1,192,160,15000.00,15000.00,0.00,15000.00,'lunas','transaksi_penjualan','2016-04-06 17:29:18','2016-05-25','2016-04-14 00:00:00'),(124,1,194,65,13100.00,13100.00,0.00,13100.00,'lunas','transaksi_penjualan','2016-04-06 17:37:35','2016-05-25','2016-04-14 00:00:00'),(125,1,195,221,17000.00,17000.00,0.00,17000.00,'lunas','transaksi_penjualan','2016-04-06 17:38:09','2016-05-25','2016-04-14 00:00:00'),(126,1,196,151,20000.00,20000.00,0.00,20000.00,'lunas','transaksi_penjualan','2016-04-06 17:39:39','2016-05-25','2016-04-14 00:00:00'),(127,1,197,53,15000.00,15000.00,0.00,15000.00,'lunas','transaksi_penjualan','2016-04-06 17:40:30','2016-05-25','2016-04-14 00:00:00'),(128,1,198,6,171000.00,171000.00,0.00,171000.00,'lunas','transaksi_penjualan','2016-04-06 17:42:27','2016-05-25','2016-04-14 00:00:00'),(129,1,201,155,15000.00,15000.00,0.00,15000.00,'lunas','transaksi_penjualan','2016-04-06 17:46:15','2016-05-25','2016-04-14 00:00:00'),(130,1,202,162,2000.00,2000.00,0.00,2000.00,'lunas','transaksi_penjualan','2016-04-06 17:47:31','2016-05-25','2016-04-14 00:00:00'),(131,1,204,183,162000.00,162000.00,0.00,162000.00,'lunas','transaksi_penjualan','2016-04-06 17:50:36','2016-05-25','2016-04-14 00:00:00'),(132,1,209,109,22000.00,22000.00,0.00,22000.00,'lunas','transaksi_penjualan','2016-04-07 10:38:05','2016-05-25','2016-04-14 00:00:00'),(133,1,210,80,20000.00,20000.00,0.00,20000.00,'lunas','transaksi_penjualan','2016-04-07 10:39:12','2016-05-25','2016-04-14 00:00:00'),(134,1,211,20,18000.00,18000.00,0.00,18000.00,'lunas','transaksi_penjualan','2016-04-07 11:04:28','2016-05-25','2016-04-14 00:00:00'),(135,1,212,55,15000.00,15000.00,0.00,15000.00,'lunas','transaksi_penjualan','2016-04-07 11:05:02','2016-05-25','2016-04-14 00:00:00'),(136,1,214,146,13000.00,13000.00,0.00,13000.00,'lunas','transaksi_penjualan','2016-04-07 11:46:32','2016-05-25','2016-04-14 00:00:00'),(137,1,216,138,60000.00,60000.00,0.00,60000.00,'lunas','transaksi_penjualan','2016-04-07 11:52:40','2016-05-25','2016-04-14 00:00:00'),(138,1,217,157,3000.00,3000.00,0.00,3000.00,'lunas','transaksi_penjualan','2016-04-07 12:33:37','2016-05-25','2016-04-14 00:00:00'),(139,1,220,20,3000.00,3000.00,0.00,3000.00,'lunas','transaksi_penjualan','2016-04-07 12:49:51','2016-05-25','2016-04-14 00:00:00'),(140,1,221,53,4500.00,4500.00,0.00,4500.00,'lunas','transaksi_penjualan','2016-04-07 12:53:31','2016-05-25','2016-04-14 00:00:00'),(141,1,222,139,19000.00,19000.00,0.00,19000.00,'lunas','transaksi_penjualan','2016-04-07 13:16:00','2016-05-25','2016-04-14 00:00:00'),(142,1,223,198,22000.00,22000.00,0.00,22000.00,'lunas','transaksi_penjualan','2016-04-07 13:17:32','2016-05-25','2016-04-14 00:00:00'),(143,1,224,70,2000.00,2000.00,0.00,2000.00,'lunas','transaksi_penjualan','2016-04-07 13:18:15','2016-05-25','2016-04-14 00:00:00'),(144,1,225,128,2000.00,2000.00,0.00,2000.00,'lunas','transaksi_penjualan','2016-04-07 13:19:16','2016-05-25','2016-04-14 00:00:00'),(145,1,226,112,25000.00,25000.00,0.00,25000.00,'lunas','transaksi_penjualan','2016-04-07 13:20:11','2016-05-25','2016-04-14 00:00:00'),(146,1,227,109,4000.00,4000.00,0.00,4000.00,'lunas','transaksi_penjualan','2016-04-07 13:21:35','2016-05-25','2016-04-14 00:00:00'),(147,1,228,193,3000.00,3000.00,0.00,3000.00,'lunas','transaksi_penjualan','2016-04-07 13:22:35','2016-05-25','2016-04-14 00:00:00'),(148,1,229,210,48500.00,48500.00,0.00,48500.00,'lunas','transaksi_penjualan','2016-04-07 13:24:36','2016-05-25','2016-04-14 00:00:00'),(149,1,233,117,2000.00,2000.00,0.00,2000.00,'lunas','transaksi_penjualan','2016-04-07 13:36:41','2016-05-25','2016-04-14 00:00:00'),(150,1,240,102,28000.00,28000.00,0.00,28000.00,'lunas','transaksi_penjualan','2016-04-07 13:43:16','2016-05-25','2016-04-14 00:00:00'),(151,1,241,189,2000.00,2000.00,0.00,2000.00,'lunas','transaksi_penjualan','2016-04-07 13:47:29','2016-05-25','2016-04-14 00:00:00'),(152,1,244,222,27000.00,27000.00,0.00,27000.00,'lunas','transaksi_penjualan','2016-04-07 14:22:15','2016-05-25','2016-04-14 00:00:00'),(153,1,246,63,24000.00,24000.00,0.00,24000.00,'lunas','transaksi_penjualan','2016-04-07 14:23:47','2016-05-25','2016-04-14 00:00:00'),(154,1,247,27,19000.00,19000.00,0.00,19000.00,'lunas','transaksi_penjualan','2016-04-07 14:24:42','2016-05-25','2016-04-14 00:00:00'),(155,1,248,109,14000.00,14000.00,0.00,14000.00,'lunas','transaksi_penjualan','2016-04-07 14:38:37','2016-05-25','2016-04-14 00:00:00'),(156,1,249,141,15000.00,15000.00,0.00,15000.00,'lunas','transaksi_penjualan','2016-04-07 14:43:05','2016-05-25','2016-04-14 00:00:00'),(157,1,251,86,29000.00,29000.00,0.00,29000.00,'lunas','transaksi_penjualan','2016-04-07 14:47:29','2016-05-25','2016-04-14 00:00:00'),(158,1,254,159,4000.00,4000.00,0.00,4000.00,'lunas','transaksi_penjualan','2016-04-07 14:49:15','2016-05-25','2016-04-14 00:00:00'),(159,1,255,41,5000.00,5000.00,0.00,5000.00,'lunas','transaksi_penjualan','2016-04-07 14:49:43','2016-05-25','2016-04-14 00:00:00'),(160,1,256,175,15000.00,15000.00,0.00,15000.00,'lunas','transaksi_penjualan','2016-04-07 14:50:13','2016-05-25','2016-04-14 00:00:00'),(161,1,257,190,2000.00,2000.00,0.00,2000.00,'lunas','transaksi_penjualan','2016-04-07 14:51:16','2016-05-25','2016-04-14 00:00:00'),(162,1,258,84,8000.00,8000.00,0.00,8000.00,'lunas','transaksi_penjualan','2016-04-07 14:57:02','2016-05-25','2016-04-14 00:00:00'),(163,1,259,221,17000.00,17000.00,0.00,17000.00,'lunas','transaksi_penjualan','2016-04-07 14:58:42','2016-05-25','2016-04-14 00:00:00'),(164,1,261,207,52500.00,52500.00,0.00,52500.00,'lunas','transaksi_penjualan','2016-04-07 15:18:02','2016-05-25','2016-04-14 00:00:00'),(165,1,262,108,20000.00,20000.00,0.00,20000.00,'lunas','transaksi_penjualan','2016-04-07 15:49:16','2016-05-25','2016-04-14 00:00:00'),(166,1,263,139,19000.00,19000.00,0.00,19000.00,'lunas','transaksi_penjualan','2016-04-07 15:50:22','2016-05-25','2016-04-14 00:00:00'),(167,1,264,84,2000.00,2000.00,0.00,2000.00,'lunas','transaksi_penjualan','2016-04-07 17:04:29','2016-05-25','2016-04-14 00:00:00'),(168,1,265,169,360000.00,360000.00,0.00,360000.00,'lunas','transaksi_penjualan','2016-04-07 17:07:08','2016-05-25','2016-04-14 00:00:00'),(169,1,266,170,19000.00,19000.00,0.00,19000.00,'lunas','transaksi_penjualan','2016-04-07 17:13:14','2016-05-25','2016-04-14 00:00:00'),(170,1,268,222,2000.00,2000.00,0.00,2000.00,'lunas','transaksi_penjualan','2016-04-07 17:15:28','2016-05-25','2016-04-14 00:00:00'),(171,1,270,53,22000.00,22000.00,0.00,22000.00,'lunas','transaksi_penjualan','2016-04-07 17:24:20','2016-05-25','2016-04-14 00:00:00'),(172,1,271,190,13000.00,13000.00,0.00,13000.00,'lunas','transaksi_penjualan','2016-04-07 17:29:31','2016-05-25','2016-04-14 00:00:00'),(173,1,272,157,18000.00,18000.00,0.00,18000.00,'lunas','transaksi_penjualan','2016-04-07 17:30:43','2016-05-25','2016-04-14 00:00:00'),(174,1,273,57,23000.00,23000.00,0.00,23000.00,'lunas','transaksi_penjualan','2016-04-07 17:31:55','2016-05-25','2016-04-14 00:00:00'),(175,1,274,159,20000.00,20000.00,0.00,20000.00,'lunas','transaksi_penjualan','2016-04-07 17:32:34','2016-05-25','2016-04-14 00:00:00'),(176,1,278,17,15000.00,15000.00,0.00,15000.00,'lunas','transaksi_penjualan','2016-04-07 17:48:26','2016-05-25','2016-04-14 00:00:00'),(177,1,280,55,2000.00,2000.00,0.00,2000.00,'lunas','transaksi_penjualan','2016-04-07 17:52:28','2016-05-25','2016-04-14 00:00:00'),(178,1,281,193,13000.00,13000.00,0.00,13000.00,'lunas','transaksi_penjualan','2016-04-07 17:53:48','2016-05-25','2016-04-14 00:00:00'),(179,1,282,221,20000.00,20000.00,0.00,20000.00,'lunas','transaksi_penjualan','2016-04-08 10:52:38','2016-05-25','2016-04-14 00:00:00'),(180,1,285,222,6000.00,6000.00,0.00,6000.00,'lunas','transaksi_penjualan','2016-04-08 11:09:27','2016-05-25','2016-04-14 00:00:00'),(181,1,288,55,4000.00,4000.00,0.00,4000.00,'lunas','transaksi_penjualan','2016-04-08 11:12:32','2016-05-25','2016-04-14 00:00:00'),(182,1,289,17,6000.00,6000.00,0.00,6000.00,'lunas','transaksi_penjualan','2016-04-08 11:13:13','2016-05-25','2016-04-14 00:00:00'),(183,1,290,20,18000.00,18000.00,0.00,18000.00,'lunas','transaksi_penjualan','2016-04-08 11:14:15','2016-05-25','2016-04-14 00:00:00'),(184,1,291,162,18000.00,18000.00,0.00,18000.00,'lunas','transaksi_penjualan','2016-04-08 12:03:29','2016-05-25','2016-04-14 00:00:00'),(185,1,292,109,3000.00,3000.00,0.00,3000.00,'lunas','transaksi_penjualan','2016-04-08 12:04:11','2016-05-25','2016-04-14 00:00:00'),(186,1,294,119,131500.00,131500.00,0.00,131500.00,'lunas','transaksi_penjualan','2016-04-08 12:08:29','2016-05-25','2016-04-14 00:00:00'),(187,1,295,142,55500.00,55500.00,0.00,55500.00,'lunas','transaksi_penjualan','2016-04-08 12:40:25','2016-05-25','2016-04-14 00:00:00'),(188,1,300,136,32500.00,32500.00,0.00,32500.00,'lunas','transaksi_penjualan','2016-04-08 14:02:06','2016-05-25','2016-04-14 00:00:00'),(189,1,301,22,8000.00,8000.00,0.00,8000.00,'lunas','transaksi_penjualan','2016-04-08 14:04:26','2016-05-25','2016-04-14 00:00:00'),(190,1,317,138,15000.00,15000.00,0.00,15000.00,'lunas','transaksi_penjualan','2016-04-08 14:27:57','2016-05-25','2016-04-14 00:00:00'),(191,1,319,20,7000.00,7000.00,0.00,7000.00,'lunas','transaksi_penjualan','2016-04-08 14:30:29','2016-05-25','2016-04-14 00:00:00'),(192,1,320,198,37000.00,37000.00,0.00,37000.00,'lunas','transaksi_penjualan','2016-04-08 14:31:41','2016-05-25','2016-04-14 00:00:00'),(193,1,321,86,21000.00,21000.00,0.00,21000.00,'lunas','transaksi_penjualan','2016-04-08 14:32:26','2016-05-25','2016-04-14 00:00:00'),(194,1,323,159,22000.00,22000.00,0.00,22000.00,'lunas','transaksi_penjualan','2016-04-08 14:34:20','2016-05-25','2016-04-14 00:00:00'),(195,1,325,207,23000.00,23000.00,0.00,23000.00,'lunas','transaksi_penjualan','2016-04-08 14:44:43','2016-05-25','2016-04-14 00:00:00'),(196,1,326,139,15000.00,15000.00,0.00,15000.00,'lunas','transaksi_penjualan','2016-04-08 15:24:13','2016-05-25','2016-04-14 00:00:00'),(197,1,327,139,5000.00,5000.00,0.00,5000.00,'lunas','transaksi_penjualan','2016-04-08 15:28:18','2016-05-25','2016-04-14 00:00:00'),(198,1,328,163,52000.00,52000.00,0.00,52000.00,'lunas','transaksi_penjualan','2016-04-08 15:39:04','2016-05-25','2016-04-14 00:00:00'),(199,1,329,13,83000.00,83000.00,0.00,83000.00,'lunas','transaksi_penjualan','2016-04-08 16:04:20','2016-05-25','2016-04-14 00:00:00'),(200,1,331,1,204500.00,204500.00,0.00,204500.00,'lunas','transaksi_penjualan','2016-04-08 17:40:17','2016-05-25','2016-04-14 00:00:00'),(201,1,332,91,146000.00,146000.00,0.00,146000.00,'lunas','transaksi_penjualan','2016-04-08 18:01:46','2016-05-25','2016-04-14 00:00:00'),(202,1,333,72,62000.00,62000.00,0.00,62000.00,'lunas','transaksi_penjualan','2016-04-08 18:05:34','2016-05-25','2016-04-14 00:00:00'),(203,1,334,34,107000.00,107000.00,0.00,107000.00,'lunas','transaksi_penjualan','2016-04-08 18:10:44','2016-05-25','2016-04-14 00:00:00'),(204,1,335,83,85000.00,85000.00,0.00,85000.00,'lunas','transaksi_penjualan','2016-04-08 18:12:15','2016-05-25','2016-04-14 00:00:00'),(205,1,338,162,18000.00,18000.00,0.00,18000.00,'lunas','transaksi_penjualan','2016-04-09 10:55:40','2016-05-25','2016-04-14 00:00:00'),(206,1,339,102,16000.00,16000.00,0.00,16000.00,'lunas','transaksi_penjualan','2016-04-09 10:57:36','2016-05-25','2016-04-14 00:00:00'),(207,1,340,58,2000.00,2000.00,0.00,2000.00,'lunas','transaksi_penjualan','2016-04-09 10:58:50','2016-05-25','2016-04-14 00:00:00'),(208,1,341,155,5000.00,5000.00,0.00,5000.00,'lunas','transaksi_penjualan','2016-04-09 10:59:25','2016-05-25','2016-04-14 00:00:00'),(209,1,342,28,6000.00,6000.00,0.00,6000.00,'lunas','transaksi_penjualan','2016-04-09 10:59:56','2016-05-25','2016-04-14 00:00:00'),(210,1,343,182,21000.00,21000.00,0.00,21000.00,'lunas','transaksi_penjualan','2016-04-09 11:02:15','2016-05-25','2016-04-14 00:00:00'),(211,1,345,112,2000.00,2000.00,0.00,2000.00,'lunas','transaksi_penjualan','2016-04-09 11:04:44','2016-05-25','2016-04-14 00:00:00'),(212,1,346,139,2000.00,2000.00,0.00,2000.00,'lunas','transaksi_penjualan','2016-04-09 11:06:33','2016-05-25','2016-04-14 00:00:00'),(213,1,347,3,18000.00,18000.00,0.00,18000.00,'lunas','transaksi_penjualan','2016-04-09 11:07:12','2016-05-25','2016-04-14 00:00:00'),(214,1,348,212,3500.00,3500.00,0.00,3500.00,'lunas','transaksi_penjualan','2016-04-09 11:08:08','2016-05-25','2016-04-14 00:00:00'),(215,1,349,185,4000.00,4000.00,0.00,4000.00,'lunas','transaksi_penjualan','2016-04-09 11:08:37','2016-05-25','2016-04-14 00:00:00'),(216,1,350,190,6000.00,6000.00,0.00,6000.00,'lunas','transaksi_penjualan','2016-04-09 11:09:35','2016-05-25','2016-04-14 00:00:00'),(217,1,351,198,3000.00,3000.00,0.00,3000.00,'lunas','transaksi_penjualan','2016-04-09 11:10:03','2016-05-25','2016-04-14 00:00:00'),(218,1,352,138,21000.00,21000.00,0.00,21000.00,'lunas','transaksi_penjualan','2016-04-09 11:11:07','2016-05-25','2016-04-14 00:00:00'),(219,1,353,44,4000.00,4000.00,0.00,4000.00,'lunas','transaksi_penjualan','2016-04-09 11:11:45','2016-05-25','2016-04-14 00:00:00'),(220,1,354,207,3500.00,3500.00,0.00,3500.00,'lunas','transaksi_penjualan','2016-04-09 11:12:14','2016-05-25','2016-04-14 00:00:00'),(221,1,355,23,7000.00,7000.00,0.00,7000.00,'lunas','transaksi_penjualan','2016-04-09 11:13:11','2016-05-25','2016-04-14 00:00:00'),(222,1,356,53,17000.00,17000.00,0.00,17000.00,'lunas','transaksi_penjualan','2016-04-09 11:13:56','2016-05-25','2016-04-14 00:00:00'),(223,1,357,109,85000.00,85000.00,0.00,85000.00,'lunas','transaksi_penjualan','2016-04-09 11:14:43','2016-05-25','2016-04-14 00:00:00'),(224,1,358,170,4000.00,4000.00,0.00,4000.00,'lunas','transaksi_penjualan','2016-04-09 11:15:50','2016-05-25','2016-04-14 00:00:00'),(225,1,359,222,17000.00,17000.00,0.00,17000.00,'lunas','transaksi_penjualan','2016-04-09 11:16:42','2016-05-25','2016-04-14 00:00:00'),(226,1,360,63,22000.00,22000.00,0.00,22000.00,'lunas','transaksi_penjualan','2016-04-09 11:17:53','2016-05-25','2016-04-14 00:00:00'),(227,1,361,17,15000.00,15000.00,0.00,15000.00,'lunas','transaksi_penjualan','2016-04-09 11:19:14','2016-05-25','2016-04-14 00:00:00'),(228,1,363,6,23000.00,23000.00,0.00,23000.00,'lunas','transaksi_penjualan','2016-04-09 11:21:53','2016-05-25','2016-04-14 00:00:00'),(229,1,364,108,20000.00,20000.00,0.00,20000.00,'lunas','transaksi_penjualan','2016-04-09 11:22:29','2016-05-25','2016-04-14 00:00:00'),(230,1,365,41,5000.00,5000.00,0.00,5000.00,'lunas','transaksi_penjualan','2016-04-09 11:23:17','2016-05-25','2016-04-14 00:00:00'),(231,1,373,65,4000.00,4000.00,0.00,4000.00,'lunas','transaksi_penjualan','2016-04-09 11:28:34','2016-05-25','2016-04-14 00:00:00'),(232,1,375,142,21000.00,21000.00,0.00,21000.00,'lunas','transaksi_penjualan','2016-04-09 11:34:05','2016-05-25','2016-04-14 00:00:00'),(233,1,376,142,15000.00,15000.00,0.00,15000.00,'lunas','transaksi_penjualan','2016-04-09 11:36:32','2016-05-25','2016-04-14 00:00:00'),(234,1,379,204,6000.00,6000.00,0.00,6000.00,'lunas','transaksi_penjualan','2016-04-09 11:44:56','2016-05-25','2016-04-14 00:00:00'),(235,1,380,19,16000.00,16000.00,0.00,16000.00,'lunas','transaksi_penjualan','2016-04-09 12:15:46','2016-05-25','2016-04-14 00:00:00'),(236,1,383,84,2000.00,2000.00,0.00,2000.00,'lunas','transaksi_penjualan','2016-04-09 13:16:55','2016-05-25','2016-04-14 00:00:00'),(237,1,384,210,3500.00,3500.00,0.00,3500.00,'lunas','transaksi_penjualan','2016-04-09 13:18:23','2016-05-25','2016-04-14 00:00:00'),(238,1,385,221,17000.00,17000.00,0.00,17000.00,'lunas','transaksi_penjualan','2016-04-09 13:20:46','2016-05-25','2016-04-14 00:00:00'),(239,1,386,217,6000.00,6000.00,0.00,6000.00,'lunas','transaksi_penjualan','2016-04-09 13:22:07','2016-05-25','2016-04-14 00:00:00'),(240,1,387,141,13000.00,13000.00,0.00,13000.00,'lunas','transaksi_penjualan','2016-04-09 13:22:41','2016-05-25','2016-04-14 00:00:00'),(241,1,388,73,22000.00,22000.00,0.00,22000.00,'lunas','transaksi_penjualan','2016-04-09 13:28:53','2016-05-25','2016-04-14 00:00:00'),(242,1,389,222,15000.00,15000.00,0.00,15000.00,'lunas','transaksi_penjualan','2016-04-09 13:29:43','2016-05-25','2016-04-14 00:00:00'),(243,1,391,189,2000.00,2000.00,0.00,2000.00,'lunas','transaksi_penjualan','2016-04-09 13:50:33','2016-05-25','2016-04-14 00:00:00'),(244,1,392,11,48500.00,48500.00,0.00,48500.00,'lunas','transaksi_penjualan','2016-04-09 13:51:40','2016-05-25','2016-04-14 00:00:00'),(245,1,394,157,21000.00,21000.00,0.00,21000.00,'lunas','transaksi_penjualan','2016-04-09 13:59:51','2016-05-25','2016-04-14 00:00:00'),(246,1,397,102,16000.00,16000.00,0.00,16000.00,'lunas','transaksi_penjualan','2016-04-09 14:03:20','2016-05-25','2016-04-14 00:00:00'),(247,1,399,178,15000.00,15000.00,0.00,15000.00,'lunas','transaksi_penjualan','2016-04-09 14:04:40','2016-05-25','2016-04-14 00:00:00'),(248,1,401,105,15000.00,15000.00,0.00,15000.00,'lunas','transaksi_penjualan','2016-04-09 14:05:54','2016-05-25','2016-04-14 00:00:00'),(249,1,402,139,15000.00,15000.00,0.00,15000.00,'lunas','transaksi_penjualan','2016-04-09 14:06:22','2016-05-25','2016-04-14 00:00:00'),(250,1,403,112,23000.00,23000.00,0.00,23000.00,'lunas','transaksi_penjualan','2016-04-09 14:07:45','2016-05-25','2016-04-14 00:00:00'),(251,1,404,94,2000.00,2000.00,0.00,2000.00,'lunas','transaksi_penjualan','2016-04-09 14:08:31','2016-05-25','2016-04-14 00:00:00'),(252,1,405,108,22000.00,22000.00,0.00,22000.00,'lunas','transaksi_penjualan','2016-04-09 14:09:33','2016-05-25','2016-04-14 00:00:00'),(253,1,406,151,33000.00,33000.00,0.00,33000.00,'lunas','transaksi_penjualan','2016-04-09 14:10:54','2016-05-25','2016-04-14 00:00:00'),(254,1,407,44,20000.00,20000.00,0.00,20000.00,'lunas','transaksi_penjualan','2016-04-09 14:11:36','2016-05-25','2016-04-14 00:00:00'),(255,1,408,31,36000.00,36000.00,0.00,36000.00,'lunas','transaksi_penjualan','2016-04-09 14:13:00','2016-05-25','2016-04-14 00:00:00'),(256,1,410,41,5000.00,5000.00,0.00,5000.00,'lunas','transaksi_penjualan','2016-04-09 14:19:50','2016-05-25','2016-04-14 00:00:00'),(257,1,414,53,2000.00,2000.00,0.00,2000.00,'lunas','transaksi_penjualan','2016-04-09 14:30:23','2016-05-25','2016-04-14 00:00:00'),(258,1,416,49,36000.00,36000.00,0.00,36000.00,'lunas','transaksi_penjualan','2016-04-09 14:31:56','2016-05-25','2016-04-14 00:00:00'),(259,1,420,15,276000.00,276000.00,0.00,276000.00,'lunas','transaksi_penjualan','2016-04-09 14:39:31','2016-05-25','2016-04-14 00:00:00'),(260,1,421,190,28000.00,28000.00,0.00,28000.00,'lunas','transaksi_penjualan','2016-04-09 14:54:35','2016-05-25','2016-04-14 00:00:00'),(261,1,424,160,30000.00,30000.00,0.00,30000.00,'lunas','transaksi_penjualan','2016-04-09 15:10:36','2016-05-25','2016-04-14 00:00:00'),(262,1,426,155,19000.00,19000.00,0.00,19000.00,'lunas','transaksi_penjualan','2016-04-09 15:31:16','2016-05-25','2016-04-14 00:00:00'),(263,1,427,207,18000.00,18000.00,0.00,18000.00,'lunas','transaksi_penjualan','2016-04-09 15:35:23','2016-05-25','2016-04-14 00:00:00'),(264,1,428,162,18000.00,18000.00,0.00,18000.00,'lunas','transaksi_penjualan','2016-04-09 16:03:11','2016-05-25','2016-04-14 00:00:00'),(265,1,432,94,13000.00,13000.00,0.00,13000.00,'lunas','transaksi_penjualan','2016-04-09 16:52:47','2016-05-25','2016-04-14 00:00:00'),(266,1,433,155,150000.00,150000.00,0.00,150000.00,'lunas','transaksi_penjualan','2016-04-09 16:53:34','2016-05-25','2016-04-14 00:00:00'),(267,1,435,26,181000.00,181000.00,0.00,181000.00,'lunas','transaksi_penjualan','2016-04-11 11:13:48','2016-05-25','2016-04-14 00:00:00'),(268,1,438,109,15000.00,15000.00,0.00,15000.00,'lunas','transaksi_penjualan','2016-04-11 11:47:36','2016-05-25','2016-04-14 00:00:00'),(269,1,439,212,10000.00,10000.00,0.00,10000.00,'lunas','transaksi_penjualan','2016-04-11 11:48:12','2016-05-25','2016-04-14 00:00:00'),(270,1,440,202,42000.00,42000.00,0.00,42000.00,'lunas','transaksi_penjualan','2016-04-11 11:49:44','2016-05-25','2016-04-14 00:00:00'),(271,1,442,141,15000.00,15000.00,0.00,15000.00,'lunas','transaksi_penjualan','2016-04-11 12:10:11','2016-05-25','2016-04-14 00:00:00'),(272,1,444,70,20000.00,20000.00,0.00,20000.00,'lunas','transaksi_penjualan','2016-04-11 12:11:50','2016-05-25','2016-04-14 00:00:00'),(273,1,446,126,11500.00,11500.00,0.00,11500.00,'lunas','transaksi_penjualan','2016-04-11 12:29:02','2016-05-25','2016-04-14 00:00:00'),(274,1,447,20,4000.00,4000.00,0.00,4000.00,'lunas','transaksi_penjualan','2016-04-11 12:29:58','2016-05-25','2016-04-14 00:00:00'),(275,1,449,49,36000.00,36000.00,0.00,36000.00,'lunas','transaksi_penjualan','2016-04-11 12:30:56','2016-05-25','2016-04-14 00:00:00'),(276,1,450,82,17000.00,17000.00,0.00,17000.00,'lunas','transaksi_penjualan','2016-04-11 12:31:29','2016-05-25','2016-04-14 00:00:00'),(277,1,451,146,13000.00,13000.00,0.00,13000.00,'lunas','transaksi_penjualan','2016-04-11 12:32:19','2016-05-25','2016-04-14 00:00:00'),(278,1,452,86,18000.00,18000.00,0.00,18000.00,'lunas','transaksi_penjualan','2016-04-11 12:32:59','2016-05-25','2016-04-14 00:00:00'),(279,1,453,193,20000.00,20000.00,0.00,20000.00,'lunas','transaksi_penjualan','2016-04-11 12:33:38','2016-05-25','2016-04-14 00:00:00'),(280,1,454,175,17000.00,17000.00,0.00,17000.00,'lunas','transaksi_penjualan','2016-04-11 12:35:15','2016-05-25','2016-04-14 00:00:00'),(281,1,455,186,2000.00,2000.00,0.00,2000.00,'lunas','transaksi_penjualan','2016-04-11 12:35:53','2016-05-25','2016-04-14 00:00:00'),(282,1,456,170,2000.00,2000.00,0.00,2000.00,'lunas','transaksi_penjualan','2016-04-11 12:36:38','2016-05-25','2016-04-14 00:00:00'),(283,1,457,138,16000.00,16000.00,0.00,16000.00,'lunas','transaksi_penjualan','2016-04-11 12:37:21','2016-05-25','2016-04-14 00:00:00'),(284,1,458,189,22000.00,22000.00,0.00,22000.00,'lunas','transaksi_penjualan','2016-04-11 12:38:15','2016-05-25','2016-04-14 00:00:00'),(285,1,459,210,45500.00,45500.00,0.00,45500.00,'lunas','transaksi_penjualan','2016-04-11 12:40:22','2016-05-25','2016-04-14 00:00:00'),(286,1,460,210,15000.00,15000.00,0.00,15000.00,'lunas','transaksi_penjualan','2016-04-11 12:41:29','2016-05-25','2016-04-14 00:00:00'),(287,1,462,186,2000.00,2000.00,0.00,2000.00,'lunas','transaksi_penjualan','2016-04-11 13:48:17','2016-05-25','2016-04-14 00:00:00'),(288,1,463,31,255000.00,255000.00,0.00,255000.00,'lunas','transaksi_penjualan','2016-04-11 14:25:13','2016-05-25','2016-04-14 00:00:00'),(289,1,464,223,5000.00,5000.00,0.00,5000.00,'lunas','transaksi_penjualan','2016-04-11 14:39:27','2016-05-25','2016-04-14 00:00:00'),(290,1,466,198,22000.00,22000.00,0.00,22000.00,'lunas','transaksi_penjualan','2016-04-11 14:47:01','2016-05-25','2016-04-14 00:00:00'),(291,1,467,146,20000.00,20000.00,0.00,20000.00,'lunas','transaksi_penjualan','2016-04-11 14:50:07','2016-05-25','2016-04-14 00:00:00'),(292,1,468,112,20000.00,20000.00,0.00,20000.00,'lunas','transaksi_penjualan','2016-04-11 14:52:10','2016-05-25','2016-04-14 00:00:00'),(293,1,469,136,22000.00,22000.00,0.00,22000.00,'lunas','transaksi_penjualan','2016-04-11 14:53:09','2016-05-25','2016-04-14 00:00:00'),(294,1,470,6,2500.00,2500.00,0.00,2500.00,'lunas','transaksi_penjualan','2016-04-11 14:53:48','2016-05-25','2016-04-14 00:00:00'),(295,1,471,151,2000.00,2000.00,0.00,2000.00,'lunas','transaksi_penjualan','2016-04-11 14:54:37','2016-05-25','2016-04-14 00:00:00'),(296,1,472,144,22000.00,22000.00,0.00,22000.00,'lunas','transaksi_penjualan','2016-04-11 14:55:27','2016-05-25','2016-04-14 00:00:00'),(297,1,473,149,5000.00,5000.00,0.00,5000.00,'lunas','transaksi_penjualan','2016-04-11 14:59:19','2016-05-25','2016-04-14 00:00:00'),(298,1,475,186,36000.00,36000.00,0.00,36000.00,'lunas','transaksi_penjualan','2016-04-11 15:01:37','2016-05-25','2016-04-14 00:00:00'),(299,1,476,183,20000.00,20000.00,0.00,20000.00,'lunas','transaksi_penjualan','2016-04-11 15:02:22','2016-05-25','2016-04-14 00:00:00'),(300,1,477,105,15000.00,15000.00,0.00,15000.00,'lunas','transaksi_penjualan','2016-04-11 15:03:53','2016-05-25','2016-04-14 00:00:00'),(301,1,478,117,13000.00,13000.00,0.00,13000.00,'lunas','transaksi_penjualan','2016-04-11 15:04:25','2016-05-25','2016-04-14 00:00:00'),(302,1,479,155,20000.00,20000.00,0.00,20000.00,'lunas','transaksi_penjualan','2016-04-11 15:05:10','2016-05-25','2016-04-14 00:00:00'),(303,1,480,108,2000.00,2000.00,0.00,2000.00,'lunas','transaksi_penjualan','2016-04-11 15:05:43','2016-05-25','2016-04-14 00:00:00'),(304,1,481,73,6000.00,6000.00,0.00,6000.00,'lunas','transaksi_penjualan','2016-04-11 15:06:09','2016-05-25','2016-04-14 00:00:00'),(305,1,482,221,17000.00,17000.00,0.00,17000.00,'lunas','transaksi_penjualan','2016-04-11 15:06:38','2016-05-25','2016-04-14 00:00:00'),(306,1,483,53,15000.00,15000.00,0.00,15000.00,'lunas','transaksi_penjualan','2016-04-11 15:07:16','2016-05-25','2016-04-14 00:00:00'),(307,1,484,160,15000.00,15000.00,0.00,15000.00,'lunas','transaksi_penjualan','2016-04-11 15:07:40','2016-05-25','2016-04-14 00:00:00'),(308,1,491,17,30000.00,30000.00,0.00,30000.00,'lunas','transaksi_penjualan','2016-04-11 15:13:09','2016-05-25','2016-04-14 00:00:00'),(309,1,492,1,78000.00,78000.00,0.00,78000.00,'lunas','transaksi_penjualan','2016-04-11 15:45:03','2016-05-25','2016-04-14 00:00:00'),(310,1,494,117,52000.00,52000.00,0.00,52000.00,'lunas','transaksi_penjualan','2016-04-11 16:18:48','2016-05-25','2016-04-14 00:00:00'),(311,1,495,177,97000.00,97000.00,0.00,97000.00,'lunas','transaksi_penjualan','2016-04-11 16:19:52','2016-05-25','2016-04-14 00:00:00'),(312,1,498,20,2000.00,2000.00,0.00,2000.00,'lunas','transaksi_penjualan','2016-04-11 17:30:07','2016-05-25','2016-04-14 00:00:00'),(313,1,502,117,100000.00,100000.00,0.00,100000.00,'lunas','transaksi_penjualan','2016-04-11 17:43:46','2016-05-25','2016-04-14 00:00:00'),(314,1,504,198,3000.00,3000.00,0.00,3000.00,'lunas','transaksi_penjualan','2016-04-11 17:48:33','2016-05-25','2016-04-14 00:00:00'),(315,1,505,15,18000.00,18000.00,0.00,18000.00,'lunas','transaksi_penjualan','2016-04-11 17:50:09','2016-05-25','2016-04-14 00:00:00'),(316,1,506,20,18000.00,18000.00,0.00,18000.00,'lunas','transaksi_penjualan','2016-04-11 17:50:40','2016-05-25','2016-04-14 00:00:00'),(317,1,507,160,15000.00,15000.00,0.00,15000.00,'lunas','transaksi_penjualan','2016-04-11 17:54:03','2016-05-25','2016-04-14 00:00:00'),(318,1,508,222,25000.00,25000.00,0.00,25000.00,'lunas','transaksi_penjualan','2016-04-11 17:54:52','2016-05-25','2016-04-14 00:00:00'),(319,1,509,11,13000.00,13000.00,0.00,13000.00,'lunas','transaksi_penjualan','2016-04-11 17:58:27','2016-05-25','2016-04-14 00:00:00'),(320,1,510,151,20000.00,20000.00,0.00,20000.00,'lunas','transaksi_penjualan','2016-04-11 17:59:10','2016-05-25','2016-04-14 00:00:00'),(321,1,511,163,26000.00,26000.00,0.00,26000.00,'lunas','transaksi_penjualan','2016-04-11 17:59:44','2016-05-25','2016-04-14 00:00:00'),(322,1,512,187,96000.00,96000.00,0.00,96000.00,'lunas','transaksi_penjualan','2016-04-11 18:04:05','2016-05-25','2016-04-14 00:00:00'),(323,1,513,82,17000.00,17000.00,0.00,17000.00,'lunas','transaksi_penjualan','2016-04-12 11:11:43','2016-05-25','2016-04-14 00:00:00'),(324,1,517,109,15000.00,15000.00,0.00,15000.00,'lunas','transaksi_penjualan','2016-04-12 11:16:16','2016-05-25','2016-04-14 00:00:00'),(325,1,519,151,15000.00,15000.00,0.00,15000.00,'lunas','transaksi_penjualan','2016-04-12 11:43:31','2016-05-25','2016-04-14 00:00:00'),(326,1,520,128,2000.00,2000.00,0.00,2000.00,'lunas','transaksi_penjualan','2016-04-12 11:44:13','2016-05-25','2016-04-14 00:00:00'),(327,1,521,198,22000.00,22000.00,0.00,22000.00,'lunas','transaksi_penjualan','2016-04-12 11:45:42','2016-05-25','2016-04-14 00:00:00'),(328,1,522,34,17000.00,17000.00,0.00,17000.00,'lunas','transaksi_penjualan','2016-04-12 11:46:40','2016-05-25','2016-04-14 00:00:00'),(329,1,526,170,15000.00,15000.00,0.00,15000.00,'lunas','transaksi_penjualan','2016-04-12 14:45:49','2016-05-25','2016-04-14 00:00:00'),(330,1,527,28,6000.00,6000.00,0.00,6000.00,'lunas','transaksi_penjualan','2016-04-12 14:47:22','2016-05-25','2016-04-14 00:00:00'),(331,1,528,138,16000.00,16000.00,0.00,16000.00,'lunas','transaksi_penjualan','2016-04-12 14:47:51','2016-05-25','2016-04-14 00:00:00'),(332,1,529,158,20000.00,20000.00,0.00,20000.00,'lunas','transaksi_penjualan','2016-04-12 14:48:41','2016-05-25','2016-04-14 00:00:00'),(333,1,531,210,58000.00,58000.00,0.00,58000.00,'lunas','transaksi_penjualan','2016-04-12 14:53:22','2016-05-25','2016-04-14 00:00:00'),(334,1,532,202,20000.00,20000.00,0.00,20000.00,'lunas','transaksi_penjualan','2016-04-12 14:54:35','2016-05-25','2016-04-14 00:00:00'),(335,1,533,205,2000.00,2000.00,0.00,2000.00,'lunas','transaksi_penjualan','2016-04-12 14:58:03','2016-05-25','2016-04-14 00:00:00'),(336,1,534,70,20500.00,20500.00,0.00,20500.00,'lunas','transaksi_penjualan','2016-04-12 14:59:27','2016-05-25','2016-04-14 00:00:00'),(337,1,535,58,6000.00,6000.00,0.00,6000.00,'lunas','transaksi_penjualan','2016-04-12 15:01:29','2016-05-25','2016-04-14 00:00:00'),(338,1,536,104,15000.00,15000.00,0.00,15000.00,'lunas','transaksi_penjualan','2016-04-12 15:02:10','2016-05-25','2016-04-14 00:00:00'),(339,1,537,139,2000.00,2000.00,0.00,2000.00,'lunas','transaksi_penjualan','2016-04-12 15:02:59','2016-05-25','2016-04-14 00:00:00'),(340,1,538,20,4000.00,4000.00,0.00,4000.00,'lunas','transaksi_penjualan','2016-04-12 15:04:04','2016-05-25','2016-04-14 00:00:00'),(341,1,539,183,8000.00,8000.00,0.00,8000.00,'lunas','transaksi_penjualan','2016-04-12 15:06:43','2016-05-25','2016-04-14 00:00:00'),(342,1,540,202,8000.00,8000.00,0.00,8000.00,'lunas','transaksi_penjualan','2016-04-12 15:09:30','2016-05-25','2016-04-14 00:00:00'),(343,1,541,49,18500.00,18500.00,0.00,18500.00,'lunas','transaksi_penjualan','2016-04-12 15:10:00','2016-05-25','2016-04-14 00:00:00'),(344,1,542,151,2000.00,2000.00,0.00,2000.00,'lunas','transaksi_penjualan','2016-04-12 15:10:45','2016-05-25','2016-04-14 00:00:00'),(345,1,543,193,2000.00,2000.00,0.00,2000.00,'lunas','transaksi_penjualan','2016-04-12 15:11:18','2016-05-25','2016-04-14 00:00:00'),(348,1,548,155,21000.00,21000.00,0.00,21000.00,'lunas','transaksi_penjualan','2016-04-12 15:23:08','2016-05-25','2016-04-14 00:00:00'),(349,1,555,160,60000.00,60000.00,0.00,60000.00,'lunas','transaksi_penjualan','2016-04-12 15:45:43','2016-05-25','2016-04-14 00:00:00'),(350,1,557,31,37000.00,37000.00,0.00,37000.00,'lunas','transaksi_penjualan','2016-04-12 15:47:05','2016-05-25','2016-04-14 00:00:00'),(351,1,558,22,10000.00,10000.00,0.00,10000.00,'lunas','transaksi_penjualan','2016-04-12 15:48:05','2016-05-25','2016-04-14 00:00:00'),(352,1,559,162,18500.00,18500.00,0.00,18500.00,'lunas','transaksi_penjualan','2016-04-12 15:49:15','2016-05-25','2016-04-14 00:00:00'),(353,1,561,86,21000.00,21000.00,0.00,21000.00,'lunas','transaksi_penjualan','2016-04-12 15:54:04','2016-05-25','2016-04-14 00:00:00'),(354,1,562,151,18500.00,18500.00,0.00,18500.00,'lunas','transaksi_penjualan','2016-04-12 15:54:37','2016-05-25','2016-04-14 00:00:00'),(355,1,565,53,45000.00,45000.00,0.00,45000.00,'lunas','transaksi_penjualan','2016-04-12 16:47:45','2016-05-25','2016-04-14 00:00:00'),(356,1,566,53,2000.00,2000.00,0.00,2000.00,'lunas','transaksi_penjualan','2016-04-12 17:15:59','2016-05-25','2016-04-14 00:00:00'),(357,1,567,202,4000.00,4000.00,0.00,4000.00,'lunas','transaksi_penjualan','2016-04-12 17:16:42','2016-05-25','2016-04-14 00:00:00'),(358,1,568,58,3000.00,3000.00,0.00,3000.00,'lunas','transaksi_penjualan','2016-04-12 17:32:03','2016-05-25','2016-04-14 00:00:00'),(359,1,570,99,13000.00,13000.00,0.00,13000.00,'lunas','transaksi_penjualan','2016-04-12 17:33:44','2016-05-25','2016-04-14 00:00:00'),(360,1,571,128,26000.00,26000.00,0.00,26000.00,'lunas','transaksi_penjualan','2016-04-12 17:34:14','2016-05-25','2016-04-14 00:00:00'),(361,1,572,44,6000.00,6000.00,0.00,6000.00,'lunas','transaksi_penjualan','2016-04-12 17:35:09','2016-05-25','2016-04-14 00:00:00'),(362,1,573,198,3000.00,3000.00,0.00,3000.00,'lunas','transaksi_penjualan','2016-04-12 17:36:36','2016-05-25','2016-04-14 00:00:00'),(363,1,574,149,13000.00,13000.00,0.00,13000.00,'lunas','transaksi_penjualan','2016-04-12 17:37:31','2016-05-25','2016-04-14 00:00:00'),(364,1,580,202,8000.00,8000.00,0.00,8000.00,'lunas','transaksi_penjualan','2016-04-12 17:41:59','2016-05-25','2016-04-14 00:00:00'),(365,1,582,210,78000.00,78000.00,0.00,78000.00,'lunas','transaksi_penjualan','2016-04-12 17:56:21','2016-05-25','2016-04-14 00:00:00'),(366,1,585,82,39000.00,39000.00,0.00,39000.00,'lunas','transaksi_penjualan','2016-04-12 17:58:37','2016-05-25','2016-04-14 00:00:00'),(367,1,588,155,80000.00,80000.00,0.00,80000.00,'lunas','transaksi_penjualan','2016-04-12 18:05:36','2016-05-25','2016-04-14 00:00:00'),(368,1,593,202,3000.00,3000.00,0.00,3000.00,'belum','transaksi_penjualan','2016-04-13 11:43:46','2016-05-25',NULL),(369,1,594,198,20000.00,20000.00,0.00,20000.00,'belum','transaksi_penjualan','2016-04-13 11:44:53','2016-05-25',NULL),(370,1,595,73,43500.00,43500.00,0.00,43500.00,'belum','transaksi_penjualan','2016-04-13 11:49:43','2016-05-25',NULL),(371,1,596,202,22000.00,22000.00,0.00,22000.00,'belum','transaksi_penjualan','2016-04-13 12:06:50','2016-05-25',NULL),(372,1,598,193,29000.00,29000.00,0.00,29000.00,'belum','transaksi_penjualan','2016-04-13 12:09:34','2016-05-25',NULL),(373,1,599,162,18500.00,18500.00,0.00,18500.00,'belum','transaksi_penjualan','2016-04-13 12:29:20','2016-05-25',NULL),(374,1,600,222,2000.00,2000.00,0.00,2000.00,'belum','transaksi_penjualan','2016-04-13 13:09:43','2016-05-25',NULL),(375,1,601,128,2000.00,2000.00,0.00,2000.00,'belum','transaksi_penjualan','2016-04-13 13:15:47','2016-05-25',NULL),(376,1,602,70,2000.00,2000.00,0.00,2000.00,'belum','transaksi_penjualan','2016-04-13 13:17:47','2016-05-25',NULL),(377,1,603,170,2000.00,2000.00,0.00,2000.00,'belum','transaksi_penjualan','2016-04-13 13:18:36','2016-05-25',NULL),(378,1,604,135,14000.00,14000.00,0.00,14000.00,'belum','transaksi_penjualan','2016-04-13 13:20:45','2016-05-25',NULL),(379,1,605,141,13000.00,13000.00,0.00,13000.00,'belum','transaksi_penjualan','2016-04-13 13:21:55','2016-05-25',NULL),(380,1,606,22,4000.00,4000.00,0.00,4000.00,'belum','transaksi_penjualan','2016-04-13 13:22:21','2016-05-25',NULL),(381,1,607,23,27500.00,27500.00,0.00,27500.00,'belum','transaksi_penjualan','2016-04-13 13:23:26','2016-05-25',NULL),(382,1,608,136,22000.00,22000.00,0.00,22000.00,'belum','transaksi_penjualan','2016-04-13 13:32:24','2016-05-25',NULL),(383,1,609,51,3000.00,3000.00,0.00,3000.00,'belum','transaksi_penjualan','2016-04-13 13:33:30','2016-05-25',NULL),(384,1,610,58,3000.00,3000.00,0.00,3000.00,'belum','transaksi_penjualan','2016-04-13 13:34:06','2016-05-25',NULL),(385,1,611,105,15000.00,15000.00,0.00,15000.00,'belum','transaksi_penjualan','2016-04-13 13:34:40','2016-05-25',NULL),(386,1,612,186,19000.00,19000.00,0.00,19000.00,'belum','transaksi_penjualan','2016-04-13 13:35:58','2016-05-25',NULL),(387,1,613,158,20000.00,20000.00,0.00,20000.00,'belum','transaksi_penjualan','2016-04-13 13:36:39','2016-05-25',NULL),(388,1,614,112,26000.00,26000.00,0.00,26000.00,'belum','transaksi_penjualan','2016-04-13 13:39:14','2016-05-25',NULL),(389,1,615,94,13000.00,13000.00,0.00,13000.00,'belum','transaksi_penjualan','2016-04-13 13:40:03','2016-05-25',NULL),(390,1,616,157,3000.00,3000.00,0.00,3000.00,'belum','transaksi_penjualan','2016-04-13 13:41:43','2016-05-25',NULL),(391,1,617,139,2000.00,2000.00,0.00,2000.00,'belum','transaksi_penjualan','2016-04-13 13:42:44','2016-05-25',NULL),(392,1,618,210,59000.00,59000.00,0.00,59000.00,'belum','transaksi_penjualan','2016-04-13 13:54:13','2016-05-25',NULL),(393,1,619,65,3500.00,3500.00,0.00,3500.00,'belum','transaksi_penjualan','2016-04-13 13:59:07','2016-05-25',NULL),(394,1,620,222,21000.00,21000.00,0.00,21000.00,'belum','transaksi_penjualan','2016-04-13 14:00:41','2016-05-25',NULL),(395,1,621,198,3000.00,3000.00,0.00,3000.00,'belum','transaksi_penjualan','2016-04-13 14:01:16','2016-05-25',NULL),(396,1,622,182,19000.00,19000.00,0.00,19000.00,'belum','transaksi_penjualan','2016-04-13 14:08:45','2016-05-25',NULL),(397,1,623,138,18000.00,18000.00,0.00,18000.00,'belum','transaksi_penjualan','2016-04-13 14:14:28','2016-05-25',NULL),(398,1,626,31,38500.00,38500.00,0.00,38500.00,'belum','transaksi_penjualan','2016-04-13 14:20:08','2016-05-25',NULL),(399,1,627,202,8000.00,8000.00,0.00,8000.00,'belum','transaksi_penjualan','2016-04-13 15:07:44','2016-05-25',NULL),(400,1,629,220,49000.00,49000.00,0.00,49000.00,'belum','transaksi_penjualan','2016-04-13 15:25:34','2016-05-25',NULL),(401,1,630,141,68500.00,68500.00,0.00,68500.00,'belum','transaksi_penjualan','2016-04-13 16:11:47','2016-05-25',NULL),(402,1,631,23,16000.00,16000.00,0.00,16000.00,'belum','transaksi_penjualan','2016-04-13 16:12:32','2016-05-25',NULL),(403,1,632,204,95000.00,95000.00,0.00,95000.00,'belum','transaksi_penjualan','2016-04-13 16:15:02','2016-05-25',NULL),(404,1,633,220,270000.00,270000.00,0.00,270000.00,'belum','transaksi_penjualan','2016-04-13 16:16:41','2016-05-25',NULL),(405,1,634,157,288500.00,288500.00,0.00,288500.00,'belum','transaksi_penjualan','2016-04-13 17:18:32','2016-05-25',NULL),(406,1,635,57,26000.00,26000.00,0.00,26000.00,'belum','transaksi_penjualan','2016-04-13 17:20:54','2016-05-25',NULL),(407,1,636,31,540000.00,540000.00,0.00,540000.00,'belum','transaksi_penjualan','2016-04-13 17:25:47','2016-05-25',NULL),(408,1,637,141,18000.00,18000.00,0.00,18000.00,'belum','transaksi_penjualan','2016-04-13 17:26:33','2016-05-25',NULL),(409,1,638,1,270000.00,270000.00,0.00,270000.00,'belum','transaksi_penjualan','2016-04-13 17:29:56','2016-05-25',NULL),(410,1,639,82,31500.00,31500.00,0.00,31500.00,'belum','transaksi_penjualan','2016-04-13 17:40:23','2016-05-25',NULL),(411,1,640,34,16000.00,16000.00,0.00,16000.00,'belum','transaksi_penjualan','2016-04-13 17:41:36','2016-05-25',NULL),(412,1,641,78,371000.00,371000.00,0.00,371000.00,'belum','transaksi_penjualan','2016-04-13 17:47:51','2016-05-25',NULL),(413,1,642,222,124000.00,124000.00,0.00,124000.00,'belum','transaksi_penjualan','2016-04-13 18:05:32','2016-05-25',NULL),(414,1,643,207,31500.00,31500.00,0.00,31500.00,'belum','transaksi_penjualan','2016-04-14 10:59:35','2016-05-25',NULL),(415,1,645,132,13500.00,13500.00,0.00,13500.00,'belum','transaksi_penjualan','2016-04-14 11:08:35','2016-05-25',NULL),(416,1,646,96,111000.00,111000.00,0.00,111000.00,'belum','transaksi_penjualan','2016-04-14 12:18:58','2016-05-25',NULL),(417,1,647,109,2000.00,2000.00,0.00,2000.00,'belum','transaksi_penjualan','2016-04-14 12:21:52','2016-05-25',NULL),(418,1,648,183,41500.00,41500.00,0.00,41500.00,'belum','transaksi_penjualan','2016-04-14 12:23:18','2016-05-25',NULL),(419,1,650,139,15000.00,15000.00,0.00,15000.00,'belum','transaksi_penjualan','2016-04-14 12:26:26','2016-05-25',NULL),(420,1,651,37,120000.00,120000.00,0.00,120000.00,'belum','transaksi_penjualan','2016-04-14 14:25:12','2016-05-25',NULL),(421,1,652,128,2000.00,2000.00,0.00,2000.00,'belum','transaksi_penjualan','2016-04-14 14:29:19','2016-05-25',NULL),(422,1,653,204,14000.00,14000.00,0.00,14000.00,'belum','transaksi_penjualan','2016-04-14 14:30:32','2016-05-25',NULL),(423,1,654,73,24000.00,24000.00,0.00,24000.00,'belum','transaksi_penjualan','2016-04-14 14:32:19','2016-05-25',NULL),(424,1,655,198,2000.00,2000.00,0.00,2000.00,'belum','transaksi_penjualan','2016-04-14 14:33:38','2016-05-25',NULL),(425,1,656,159,22000.00,22000.00,0.00,22000.00,'belum','transaksi_penjualan','2016-04-14 14:34:39','2016-05-25',NULL),(426,1,657,221,17000.00,17000.00,0.00,17000.00,'belum','transaksi_penjualan','2016-04-14 14:35:15','2016-05-25',NULL),(427,1,658,175,15000.00,15000.00,0.00,15000.00,'belum','transaksi_penjualan','2016-04-14 14:35:44','2016-05-25',NULL),(428,1,661,75,4000.00,4000.00,0.00,4000.00,'belum','transaksi_penjualan','2016-04-14 14:38:12','2016-05-25',NULL),(429,1,662,16,49000.00,49000.00,0.00,49000.00,'belum','transaksi_penjualan','2016-04-14 14:41:47','2016-05-25',NULL),(430,1,674,86,21000.00,21000.00,0.00,21000.00,'belum','transaksi_penjualan','2016-04-14 15:09:42','2016-05-25',NULL),(431,1,675,82,18000.00,18000.00,0.00,18000.00,'belum','transaksi_penjualan','2016-04-14 15:10:56','2016-05-25',NULL),(432,1,676,175,30000.00,30000.00,0.00,30000.00,'belum','transaksi_penjualan','2016-04-14 15:11:51','2016-05-25',NULL),(433,1,677,31,94000.00,94000.00,0.00,94000.00,'belum','transaksi_penjualan','2016-04-14 15:18:44','2016-05-25',NULL),(434,1,678,27,19000.00,19000.00,0.00,19000.00,'belum','transaksi_penjualan','2016-04-14 15:48:27','2016-05-25',NULL),(435,1,679,198,23000.00,23000.00,0.00,23000.00,'belum','transaksi_penjualan','2016-04-14 15:53:15','2016-05-25',NULL),(436,1,680,53,25000.00,25000.00,0.00,25000.00,'belum','transaksi_penjualan','2016-04-14 15:57:58','2016-05-25',NULL),(437,1,681,109,17000.00,17000.00,0.00,17000.00,'belum','transaksi_penjualan','2016-04-14 16:03:32','2016-05-25',NULL),(438,1,682,17,15000.00,15000.00,0.00,15000.00,'belum','transaksi_penjualan','2016-04-14 16:04:39','2016-05-25',NULL),(439,1,683,128,30000.00,30000.00,0.00,30000.00,'belum','transaksi_penjualan','2016-04-14 16:06:54','2016-05-25',NULL),(440,1,684,141,15000.00,15000.00,0.00,15000.00,'belum','transaksi_penjualan','2016-04-14 16:10:17','2016-05-25',NULL),(441,1,685,162,21500.00,21500.00,0.00,21500.00,'belum','transaksi_penjualan','2016-04-14 16:12:03','2016-05-25',NULL),(442,1,686,51,3000.00,3000.00,0.00,3000.00,'belum','transaksi_penjualan','2016-04-14 16:13:00','2016-05-25',NULL),(443,1,687,176,250000.00,250000.00,0.00,250000.00,'belum','transaksi_penjualan','2016-04-14 16:21:27','2016-05-25',NULL),(444,1,688,188,83000.00,83000.00,0.00,83000.00,'belum','transaksi_penjualan','2016-04-14 16:30:25','2016-05-25',NULL),(445,1,298,128,2000.00,2000.00,0.00,2000.00,'belum','transaksi_penjualan','2016-04-14 17:35:30','2016-05-25',NULL),(446,1,84,162,56000.00,56000.00,0.00,56000.00,'belum','transaksi_penjualan','2016-04-14 18:03:26','2016-05-25',NULL),(447,1,99,189,20000.00,20000.00,0.00,20000.00,'belum','transaksi_penjualan','2016-04-14 18:03:58','2016-05-25',NULL),(448,1,689,174,185000.00,185000.00,0.00,185000.00,'belum','transaksi_penjualan','2016-04-15 11:09:50','2016-05-25',NULL),(449,1,690,172,185000.00,185000.00,0.00,185000.00,'belum','transaksi_penjualan','2016-04-15 11:11:23','2016-05-25',NULL),(450,1,691,58,7000.00,7000.00,0.00,7000.00,'belum','transaksi_penjualan','2016-04-15 11:41:24','2016-05-25',NULL),(451,1,693,139,15000.00,15000.00,0.00,15000.00,'belum','transaksi_penjualan','2016-04-15 11:42:55','2016-05-25',NULL),(452,1,694,189,2000.00,2000.00,0.00,2000.00,'belum','transaksi_penjualan','2016-04-15 11:43:27','2016-05-25',NULL),(453,1,695,158,20000.00,20000.00,0.00,20000.00,'belum','transaksi_penjualan','2016-04-15 11:44:18','2016-05-25',NULL),(454,1,696,6,14500.00,14500.00,0.00,14500.00,'belum','transaksi_penjualan','2016-04-15 11:45:04','2016-05-25',NULL),(455,1,697,112,20000.00,20000.00,0.00,20000.00,'belum','transaksi_penjualan','2016-04-15 11:46:01','2016-05-25',NULL),(456,1,698,110,18500.00,18500.00,0.00,18500.00,'belum','transaksi_penjualan','2016-04-15 11:46:31','2016-05-25',NULL),(457,1,699,221,22000.00,22000.00,0.00,22000.00,'belum','transaksi_penjualan','2016-04-15 12:08:46','2016-05-25',NULL),(458,1,700,73,49000.00,49000.00,0.00,49000.00,'belum','transaksi_penjualan','2016-04-15 12:19:16','2016-05-25',NULL),(459,1,701,181,18000.00,18000.00,0.00,18000.00,'belum','transaksi_penjualan','2016-04-15 12:25:55','2016-05-25',NULL),(460,1,702,170,15000.00,15000.00,0.00,15000.00,'belum','transaksi_penjualan','2016-04-15 12:27:29','2016-05-25',NULL),(461,1,703,138,18000.00,18000.00,0.00,18000.00,'belum','transaksi_penjualan','2016-04-15 12:28:30','2016-05-25',NULL),(462,1,704,121,2000.00,2000.00,0.00,2000.00,'belum','transaksi_penjualan','2016-04-15 12:29:28','2016-05-25',NULL),(463,1,705,136,2000.00,2000.00,0.00,2000.00,'belum','transaksi_penjualan','2016-04-15 12:30:16','2016-05-25',NULL),(464,1,706,98,3000.00,3000.00,0.00,3000.00,'belum','transaksi_penjualan','2016-04-15 12:30:45','2016-05-25',NULL),(465,1,708,76,30000.00,30000.00,0.00,30000.00,'belum','transaksi_penjualan','2016-04-15 12:31:58','2016-05-25',NULL),(466,1,709,149,4000.00,4000.00,0.00,4000.00,'belum','transaksi_penjualan','2016-04-15 12:32:23','2016-05-25',NULL),(467,1,710,157,39500.00,39500.00,0.00,39500.00,'belum','transaksi_penjualan','2016-04-15 12:33:42','2016-05-25',NULL),(468,1,711,82,38000.00,38000.00,0.00,38000.00,'belum','transaksi_penjualan','2016-04-15 12:35:24','2016-05-25',NULL);

/*Table structure for table `config_nominal_pinjaman` */

DROP TABLE IF EXISTS `config_nominal_pinjaman`;

CREATE TABLE `config_nominal_pinjaman` (
  `id` int(11) NOT NULL AUTO_INCREMENT,
  `type` enum('pinjaman_koperasi','pinjaman_inventory') DEFAULT NULL,
  `nominal_max` decimal(20,2) DEFAULT '0.00',
  `account_id` bigint(20) DEFAULT NULL,
  `insert_timestamp` timestamp NOT NULL DEFAULT CURRENT_TIMESTAMP,
  PRIMARY KEY (`id`),
  KEY `account_id` (`account_id`),
  CONSTRAINT `config_nominal_pinjaman_ibfk_1` FOREIGN KEY (`account_id`) REFERENCES `user` (`account_id`)
) ENGINE=InnoDB AUTO_INCREMENT=3 DEFAULT CHARSET=latin1;

/*Data for the table `config_nominal_pinjaman` */

insert  into `config_nominal_pinjaman`(`id`,`type`,`nominal_max`,`account_id`,`insert_timestamp`) values (1,'pinjaman_koperasi',3000000.00,7,'2015-12-26 14:14:22'),(2,'pinjaman_inventory',1000000.00,7,'2016-02-06 00:50:51');

/*Table structure for table `config_pinjaman` */

DROP TABLE IF EXISTS `config_pinjaman`;

CREATE TABLE `config_pinjaman` (
  `id_conf` int(11) NOT NULL AUTO_INCREMENT,
  `jumlah_pinjaman` decimal(20,2) DEFAULT '0.00',
  `bunga` decimal(20,2) DEFAULT '0.00',
  `lama_cicilan` int(11) DEFAULT '0',
  `angsuran` decimal(20,2) DEFAULT '0.00',
  PRIMARY KEY (`id_conf`)
) ENGINE=InnoDB AUTO_INCREMENT=6 DEFAULT CHARSET=latin1;

/*Data for the table `config_pinjaman` */

insert  into `config_pinjaman`(`id_conf`,`jumlah_pinjaman`,`bunga`,`lama_cicilan`,`angsuran`) values (1,500000.00,10000.00,1,510000.00),(2,1000000.00,60000.00,2,530000.00),(3,1500000.00,120000.00,6,270000.00),(4,2000000.00,125000.00,5,425000.00),(5,3000000.00,180000.00,6,530000.00);

/*Table structure for table `log_saldo_anggota` */

DROP TABLE IF EXISTS `log_saldo_anggota`;

CREATE TABLE `log_saldo_anggota` (
  `log_id` int(11) NOT NULL AUTO_INCREMENT,
  `no_anggota` int(255) DEFAULT NULL,
  `type` enum('transaksi_pinjaman','transaksi_simpanan','transaksi_penarikan') DEFAULT NULL COMMENT 'dari transaksi nama_table. Jika simpanan Ambil dari Header nya saja',
  `transaksi_id` int(11) DEFAULT NULL COMMENT 'order_id',
  `nominal` decimal(10,2) DEFAULT NULL,
  `saldo` decimal(10,2) DEFAULT NULL,
  `insert_timestamp` date DEFAULT NULL,
  PRIMARY KEY (`log_id`),
  KEY `no_anggota` (`no_anggota`),
  CONSTRAINT `log_saldo_anggota_ibfk_1` FOREIGN KEY (`no_anggota`) REFERENCES `master_anggota` (`no_anggota`) ON DELETE CASCADE ON UPDATE CASCADE
) ENGINE=InnoDB DEFAULT CHARSET=latin1;

/*Data for the table `log_saldo_anggota` */

/*Table structure for table `master_anggota` */

DROP TABLE IF EXISTS `master_anggota`;

CREATE TABLE `master_anggota` (
  `no_anggota` int(255) NOT NULL AUTO_INCREMENT,
  `nik` varchar(255) DEFAULT NULL,
  `nama` varchar(255) DEFAULT NULL,
  `departemen` int(11) DEFAULT NULL,
  `jabatan` int(11) DEFAULT NULL,
  `alamat` varchar(255) DEFAULT NULL,
  `no_telpon` varchar(255) DEFAULT NULL,
  `no_rekening` varchar(255) DEFAULT NULL,
  `created_time` timestamp NULL DEFAULT CURRENT_TIMESTAMP,
  `hapus` tinyint(1) DEFAULT '0',
  PRIMARY KEY (`no_anggota`),
  KEY `departemen` (`departemen`),
  KEY `jabatan` (`jabatan`),
  CONSTRAINT `master_anggota_ibfk_1` FOREIGN KEY (`departemen`) REFERENCES `master_departemen` (`kode_departemen`) ON DELETE CASCADE ON UPDATE CASCADE,
  CONSTRAINT `master_anggota_ibfk_2` FOREIGN KEY (`jabatan`) REFERENCES `master_jabatan` (`kode_jabatan`) ON DELETE CASCADE ON UPDATE CASCADE
) ENGINE=InnoDB AUTO_INCREMENT=224 DEFAULT CHARSET=utf8;

/*Data for the table `master_anggota` */

insert  into `master_anggota`(`no_anggota`,`nik`,`nama`,`departemen`,`jabatan`,`alamat`,`no_telpon`,`no_rekening`,`created_time`,`hapus`) values (1,'95070331','Sri Kurniawati ',1,1,NULL,NULL,'58901','2016-02-13 07:12:24',0),(2,'09076931','Ady Fitriadi',2,2,NULL,NULL,'58901','2016-02-13 07:12:24',0),(3,'04023715','Andriansyah',2,3,NULL,NULL,'58901','2016-02-13 07:12:24',0),(4,'11068311','Fifi Kusuma Dewi',2,4,NULL,NULL,'58901','2016-02-13 07:12:24',0),(5,'12109441','Nita Apriani',2,5,NULL,NULL,'58901','2016-02-13 07:12:24',0),(6,'13099991','Safikurrohman',2,6,NULL,NULL,'58901','2016-02-13 07:12:24',0),(7,'14030721','Trisno',2,7,NULL,NULL,'58901','2016-02-13 07:12:24',0),(8,'06014806','Aan Kayan',3,8,NULL,NULL,'58901','2016-02-13 07:12:24',0),(9,'96101166','Agus',3,9,NULL,NULL,'58901','2016-02-13 07:12:24',0),(10,'05014236','Asep Saprudin',3,10,NULL,NULL,'58901','2016-02-13 07:12:24',0),(11,'99112046','Bambang ',3,11,NULL,NULL,'58901','2016-02-13 07:12:24',0),(12,'09087076','Dwi Prihatno',3,12,NULL,NULL,'58901','2016-02-13 07:12:24',0),(13,'04104096','Ervin Rasilani',3,13,NULL,NULL,'58901','2016-02-13 07:12:24',0),(14,'06014796','Guntur Prabowo',3,8,NULL,NULL,'58901','2016-02-13 07:12:24',0),(15,'09076896','Irwan',3,9,NULL,NULL,'58901','2016-02-13 07:12:24',0),(16,'13029646','Junjungan Tambunan',3,14,NULL,NULL,'58901','2016-02-13 07:12:24',0),(17,'09087046','Sahrudin bin Maftuh',3,14,NULL,NULL,'58901','2016-02-13 07:12:24',0),(18,'95120936','Sirmawan',3,11,NULL,NULL,'58901','2016-02-13 07:12:24',0),(19,'07035366','Siswanto',3,15,NULL,NULL,'58901','2016-02-13 07:12:24',0),(20,'97111476','Sugyono',3,16,NULL,NULL,'58901','2016-02-13 07:12:24',0),(21,'05014216','Sukiyanto',3,14,NULL,NULL,'58901','2016-02-13 07:12:24',0),(22,'10077776','Sunari',3,9,NULL,NULL,'58901','2016-02-13 07:12:24',0),(23,'99112036','Supoyo',3,11,NULL,NULL,'58901','2016-02-13 07:12:24',0),(24,'97111466','Suyono',3,9,NULL,NULL,'58901','2016-02-13 07:12:24',0),(25,'97031339','J. Jacob Sitanggang',4,17,NULL,NULL,'58901','2016-02-13 07:12:24',0),(26,'97031319','Rahardjo',4,17,NULL,NULL,'58901','2016-02-13 07:12:24',0),(27,'13099979','Randy Fadilah',4,18,NULL,NULL,'58901','2016-02-13 07:12:24',0),(28,'01052599','Sobirin HR',4,19,NULL,NULL,'58901','2016-02-13 07:12:24',0),(29,'97081389','Thalib MP Manihiya',4,20,NULL,NULL,'58901','2016-02-13 07:12:24',0),(30,'95070489','Badol Saragi',5,19,NULL,NULL,'58901','2016-02-13 07:12:24',0),(31,'97031329','Gatot Agung Imansyah',5,17,NULL,NULL,'58901','2016-02-13 07:12:24',0),(32,'13110149','Irsan Daulay',5,18,NULL,NULL,'58901','2016-02-13 07:12:24',0),(33,'95070424','Leonardo Davinci',5,18,NULL,NULL,'58901','2016-02-13 07:12:24',1),(34,'97021289','M. Herman Hakim',5,21,NULL,NULL,'58901','2016-02-13 07:12:24',0),(35,'10017329','Muhamad Zackyansyah',5,18,NULL,NULL,'58901','2016-02-13 07:12:24',1),(36,'05064499','Nurdin',5,18,NULL,NULL,'58901','2016-02-13 07:12:24',0),(37,'03023111','Satria',5,18,NULL,NULL,'58901','2016-02-13 07:12:24',0),(38,'95070629','Subarini',5,19,NULL,NULL,'58901','2016-02-13 07:12:24',0),(39,'00022349','Supriyono',5,18,NULL,NULL,'58901','2016-02-13 07:12:24',0),(40,'01062679','Syarifudin ',5,18,'','','58901','2016-02-13 07:12:24',0),(41,'97031349','Agustin Rina Astuti',6,20,NULL,NULL,'58901','2016-02-13 07:12:24',0),(42,'13089859','Amelia Octa Della',6,18,NULL,NULL,'58901','2016-02-13 07:12:24',0),(43,'12028769','Citra Wulandari',6,18,NULL,NULL,'58901','2016-02-13 07:12:24',0),(44,'15061649','Yudistira',6,18,NULL,NULL,'58901','2016-02-13 07:12:24',0),(45,'13110179','Ardiansyah Iskandar',7,18,NULL,NULL,'58901','2016-02-13 07:12:24',0),(46,'00022339','Mulyadi',7,17,NULL,NULL,'58901','2016-02-13 07:12:24',0),(47,'12109419','Riswanto',7,18,NULL,NULL,'58901','2016-02-13 07:12:24',0),(48,'96091119','Agus Hermawan',8,18,NULL,NULL,'58901','2016-02-13 07:12:24',0),(49,'97031309','Bahrudin',8,17,NULL,NULL,'58901','2016-02-13 07:12:24',0),(50,'03093439','Hari Sugeng Kurnianto',8,18,NULL,NULL,'58901','2016-02-13 07:12:24',0),(51,'95070119','Izmi',8,19,NULL,NULL,'58901','2016-02-13 07:12:24',0),(52,'13120389','Muhammad Fahrizal',8,18,NULL,NULL,'58901','2016-02-13 07:12:24',0),(53,'04073999','Supriadi ',8,18,'','','58901','2016-02-13 07:12:24',0),(54,'11128589','Yola Nivi Astriyani',8,18,NULL,NULL,'58901','2016-02-13 07:12:24',1),(55,'95070319','Yudi Herawadi',8,19,NULL,NULL,'58901','2016-02-13 07:12:24',0),(56,'97081399','Kusrini',9,18,NULL,NULL,'58901','2016-02-13 07:12:24',0),(57,'96091129','Ahyani',10,18,NULL,NULL,'58901','2016-02-13 07:12:24',0),(58,'04104069','S. Harriyono',10,19,NULL,NULL,'58901','2016-02-13 07:12:24',0),(59,'12018674','M. Subkhan',11,22,NULL,NULL,'58901','2016-02-13 07:12:24',0),(60,'12028744','Theresia Veronica Linogi',11,22,NULL,NULL,'58901','2016-02-13 07:12:24',0),(61,'10027364','A. Rifqi',12,23,NULL,NULL,'58901','2016-02-13 07:12:24',0),(62,'15061634','Bagus Gudiawan',12,24,NULL,NULL,'58901','2016-02-13 07:12:24',1),(63,'15091734','Bambang Wisono',12,23,NULL,NULL,'58901','2016-02-13 07:12:24',0),(64,'06065024','Dini Marianta Putri',12,23,NULL,NULL,'58901','2016-02-13 07:12:24',0),(65,'03093474','Dwini Setyowati',12,24,NULL,NULL,'58901','2016-02-13 07:12:24',0),(66,'13120364','Een Nuragina Meilasari',12,24,NULL,NULL,'58901','2016-02-13 07:12:24',0),(67,'14111304','Fara Nurfadila',12,25,NULL,NULL,'58901','2016-02-13 07:12:24',1),(68,'14020549','Fifi Kuryani',12,24,NULL,NULL,'58901','2016-02-13 07:12:24',0),(69,'15081724','Gusti Ngurah BWS',12,24,NULL,NULL,'58901','2016-02-13 07:12:24',0),(70,'08026204','Hosein Rahmat Ibrahim',12,26,NULL,NULL,'58901','2016-02-13 07:12:24',0),(71,'03063194','Ifik Rorowilis',12,23,NULL,NULL,'58901','2016-02-13 07:12:24',0),(72,'95060024','Rina Rakhmi',12,27,NULL,NULL,'58901','2016-02-13 07:12:24',0),(73,'13100084','Roksi Ricardo',12,24,NULL,NULL,'58901','2016-02-13 07:12:24',0),(74,'13120374','Yesicha Nur Sriati',12,25,NULL,NULL,'58901','2016-02-13 07:12:24',1),(75,'96020994','Erwinadi',13,17,NULL,NULL,'58901','2016-02-13 07:12:24',0),(76,'10057644','Ferry Setiawan ',13,28,NULL,NULL,'58901','2016-02-13 07:12:24',0),(77,'09016625','H. Abdul Hamid',13,28,NULL,NULL,'58901','2016-02-13 07:12:24',0),(78,'99101849','I Made Gde Suryadi',13,29,NULL,NULL,'58901','2016-02-13 07:12:24',0),(79,'05034315','Jakaria Gunawan',13,29,NULL,NULL,'58901','2016-02-13 07:12:24',0),(80,'97011244','Jamil',13,17,NULL,NULL,'58901','2016-02-13 07:12:24',0),(81,'01062689','Joko Susilo',13,30,NULL,NULL,'58901','2016-02-13 07:12:24',0),(82,'11038134','Matsani',13,28,NULL,NULL,'58901','2016-02-13 07:12:24',0),(83,'09127304','Redi Ramdhani',13,29,NULL,NULL,'58901','2016-02-13 07:12:24',0),(84,'10107894','Rudy Kurniawan',13,28,NULL,NULL,'58901','2016-02-13 07:12:24',0),(85,'00082499','Sammy Raflimy',13,29,NULL,NULL,'58901','2016-02-13 07:12:24',0),(86,'12119494','Supriyadi ',13,28,'','','58901','2016-02-13 07:12:24',0),(87,'95070454','Agus Sukmawijaya',14,31,NULL,NULL,'58901','2016-02-13 07:12:24',0),(88,'11038174','Amik Hari Priyanto',14,31,NULL,NULL,'58901','2016-02-13 07:12:24',0),(89,'02092994','Bonny Firmansyah',14,31,NULL,NULL,'58901','2016-02-13 07:12:24',0),(90,'14060964','Lusiani',14,31,NULL,NULL,'58901','2016-02-13 07:12:24',0),(91,'12109384','Fisty Helny Risnawati',15,32,NULL,NULL,'58901','2016-02-13 07:12:24',0),(92,'95070414','Agus Ridwan',16,20,NULL,NULL,'58901','2016-02-13 07:12:24',0),(93,'03073285','Agus Supriyanto',16,18,NULL,NULL,'58901','2016-02-13 07:12:24',0),(94,'04023735','Ahmad Sofyan',16,20,NULL,NULL,'58901','2016-02-13 07:12:24',0),(95,'12038915','Alhamdika R. Matari',16,18,NULL,NULL,'58901','2016-02-13 07:12:24',0),(96,'06075035','Budhi Waluyojati',16,20,NULL,NULL,'58901','2016-02-13 07:12:24',0),(97,'97021295','Dede Mulyadi',16,18,NULL,NULL,'58901','2016-02-13 07:12:24',0),(98,'03053175','Dodi Casmadi',16,18,NULL,NULL,'58901','2016-02-13 07:12:24',0),(99,'03083335','Dwi Riyantoko',16,18,NULL,NULL,'58901','2016-02-13 07:12:24',0),(100,'05014195','Eko Muliono',16,18,NULL,NULL,'58901','2016-02-13 07:12:24',0),(101,'05054445','Hafiz Sulaiman',16,18,NULL,NULL,'58901','2016-02-13 07:12:24',0),(102,'10128015','Hari Supriadi',16,18,NULL,NULL,'58901','2016-02-13 07:12:24',0),(103,'11048215','Hartono',16,18,NULL,NULL,'58901','2016-02-13 07:12:24',0),(104,'03053165','Hendra',16,18,NULL,NULL,'58901','2016-02-13 07:12:24',0),(105,'12129565','Hendy Pratama',16,18,NULL,NULL,'58901','2016-02-13 07:12:24',0),(106,'00052445','Heru Cahyono',16,18,NULL,NULL,'58901','2016-02-13 07:12:24',0),(107,'12099315','Irfan Maulana',16,18,NULL,NULL,'58901','2016-02-13 07:12:24',0),(108,'00122525','Irwan Krisnawan',16,18,NULL,NULL,'58901','2016-02-13 07:12:24',0),(109,'15081685','Jeffry',16,33,NULL,NULL,'58901','2016-02-13 07:12:24',0),(110,'06044925','Komarulloh',16,18,NULL,NULL,'58901','2016-02-13 07:12:24',0),(111,'10107885','M Firdaus Fahlevi',16,18,NULL,NULL,'58901','2016-02-13 07:12:24',0),(112,'01082735','M. Djufriadi',16,18,NULL,NULL,'58901','2016-02-13 07:12:24',0),(113,'96020975','Melita Padmanegara',16,20,NULL,NULL,'58901','2016-02-13 07:12:24',0),(114,'96121225','Nawawi',16,18,NULL,NULL,'58901','2016-02-13 07:12:24',0),(115,'07045435','Ni Made Sariani',16,18,NULL,NULL,'58901','2016-02-13 07:12:24',0),(116,'96020985','Norlia BR Manurung',16,20,NULL,NULL,'58901','2016-02-13 07:12:24',0),(117,'13079825','Nurhadi',16,18,NULL,NULL,'58901','2016-02-13 07:12:24',0),(118,'96031025','Prawoto',16,18,NULL,NULL,'58901','2016-02-13 07:12:24',0),(119,'95110885','Ratna Suminar',16,18,NULL,NULL,'58901','2016-02-13 07:12:24',0),(120,'02032885','Rian Purna Indrianto',16,18,NULL,NULL,'58901','2016-02-13 07:12:24',0),(121,'02072925','Sobari',16,18,NULL,NULL,'58901','2016-02-13 07:12:24',0),(122,'03053155','Srianto',16,34,NULL,NULL,'58901','2016-02-13 07:12:24',0),(123,'95080705','Sunarno',16,20,NULL,NULL,'58901','2016-02-13 07:12:24',0),(124,'04023725','Susamto',16,20,NULL,NULL,'58901','2016-02-13 07:12:24',0),(125,'95100795','Suwarno',16,20,NULL,NULL,'58901','2016-02-13 07:12:24',0),(126,'95070465','Taryuni',16,18,NULL,NULL,'58901','2016-02-13 07:12:24',0),(127,'14020585','Yatmin',16,18,NULL,NULL,'58901','2016-02-13 07:12:24',0),(128,'06024855','Zuwandi',16,20,NULL,NULL,'58901','2016-02-13 07:12:24',0),(129,'01062635','Andri Surawidjaya',17,35,NULL,NULL,'58901','2016-02-13 07:12:24',0),(130,'99071521','Inayah',17,36,NULL,NULL,'58901','2016-02-13 07:12:24',0),(131,'15091773','K. Alice Irangani',17,37,NULL,NULL,'58901','2016-02-13 07:12:24',0),(132,'95070374','Mustopha',17,38,NULL,NULL,'58901','2016-02-13 07:12:24',0),(133,'04073983','Tedy Rinaldy',17,39,NULL,NULL,'58901','2016-02-13 07:12:24',0),(134,'05094583','Yulindah Nawangtyas',17,36,NULL,NULL,'58901','2016-02-13 07:12:24',0),(135,'99101758','Maryati',18,40,NULL,NULL,'58901','2016-02-13 07:12:24',0),(136,'95120918','Wahyudi Winarso',18,41,NULL,NULL,'58901','2016-02-13 07:12:24',0),(137,'95070278','Azwar Hamzah',19,42,NULL,NULL,'58901','2016-02-13 07:12:24',0),(138,'14030708','Nakam',19,43,NULL,NULL,'58901','2016-02-13 07:12:24',0),(139,'96031058','Sugiyanto',19,44,'P.S Minggu','08121316947','5890160702','2016-02-13 07:12:24',0),(140,'10107908','Tono',19,43,NULL,NULL,'58901','2016-02-13 07:12:24',0),(141,'04043818','Zaenal Mutaqin',19,43,NULL,NULL,'58901','2016-02-13 07:12:24',0),(142,'95110858','Agus Bahtiar',20,44,NULL,NULL,'58901','2016-02-13 07:12:24',0),(143,'95120928','Dasep Supriatna',20,42,NULL,NULL,'58901','2016-02-13 07:12:24',0),(144,'05124718','Muslihat',20,43,NULL,NULL,'58901','2016-02-13 07:12:24',0),(145,'99091568','Yusuf Bara Laluhangga',20,47,NULL,NULL,'58901','2016-02-13 07:12:24',0),(146,'95080678','Agus Mulyadi',21,43,NULL,NULL,'58901','2016-02-13 07:12:24',0),(147,'95070268','Ceky Kuncoro',21,42,NULL,NULL,'58901','2016-02-13 07:12:24',0),(148,'00052458','Dede Wahyudi',21,43,NULL,NULL,'58901','2016-02-13 07:12:24',0),(149,'99091628','Edelhard Soedira',21,44,NULL,NULL,'58901','2016-02-13 07:12:24',0),(150,'02022868','Isnanto',21,43,NULL,NULL,'58901','2016-02-13 07:12:24',0),(151,'15102048','Jainal Arifin',21,42,NULL,NULL,'58901','2016-02-13 07:12:24',0),(152,'95070188','Setiyayadi',21,48,NULL,NULL,'58901','2016-02-13 07:12:24',0),(153,'01092768','Syarifudin (Kitchen)',21,44,NULL,NULL,'58901','2016-02-13 07:12:24',0),(154,'05124708','Yanuar Setiawan',21,43,NULL,NULL,'58901','2016-02-13 07:12:24',0),(155,'14050868','Adi Priyanto',22,49,NULL,NULL,'58901','2016-02-13 07:12:24',0),(156,'99112108','Agus Siswanto',22,49,NULL,NULL,'58901','2016-02-13 07:12:24',0),(157,'14091218','FX Bayu Adhi Nugroho',22,50,'','','58901','2016-02-13 07:12:24',0),(158,'95100828','Hari Sutopo',22,51,NULL,NULL,'58901','2016-02-13 07:12:24',0),(159,'99112118','Moch Arifin Anwar',22,52,NULL,NULL,'58901','2016-02-13 07:12:24',0),(160,'09026678','Rusli Widayat',22,52,NULL,NULL,'58901','2016-02-13 07:12:24',0),(161,'95100788','Sudono Suharyanto',22,53,NULL,NULL,'58901','2016-02-13 07:12:24',0),(162,'09107148','Sudrajat',22,54,NULL,NULL,'58901','2016-02-13 07:12:24',0),(163,'95070578','Sutrisno  K.',22,52,'','','58901','2016-02-13 07:12:24',0),(164,'95070558','Suwandi',22,55,NULL,NULL,'58901','2016-02-13 07:12:24',0),(165,'09127248','Yopi Bayu Heryanto',22,53,NULL,NULL,'58901','2016-02-13 07:12:24',0),(166,'04013648','Guntur Gunawan',23,42,NULL,NULL,'58901','2016-02-13 07:12:24',0),(167,'12109438','Rohman Sujana',23,43,NULL,NULL,'58901','2016-02-13 07:12:24',0),(168,'99122228','Sade Rusyana',23,43,NULL,NULL,'58901','2016-02-13 07:12:24',0),(169,'08016148','Faisal',24,56,NULL,NULL,'58901','2016-02-13 07:12:24',0),(170,'02022858','Farizal Andriawan',24,20,NULL,NULL,'58901','2016-02-13 07:12:24',0),(171,'99101839','Herry Heryanto Supantoro',24,18,NULL,NULL,'58901','2016-02-13 07:12:24',0),(172,'99122238','Ishak Kurniawan',24,18,NULL,NULL,'58901','2016-02-13 07:12:24',0),(173,'96071108','M. Muslih',24,18,NULL,NULL,'58901','2016-02-13 07:12:24',0),(174,'95070258','M. Syah',24,20,NULL,NULL,'58901','2016-02-13 07:12:24',0),(175,'99101675','R. Budi Wibisono',24,18,NULL,NULL,'58901','2016-02-13 07:12:24',0),(176,'13100018','Rinto Tampubolon',24,18,NULL,NULL,'58901','2016-02-13 07:12:24',0),(177,'95070497','Saidi',24,56,NULL,NULL,'58901','2016-02-13 07:12:24',0),(178,'99112148','Subanar',24,18,NULL,NULL,'58901','2016-02-13 07:12:24',0),(179,'01042578','Suparman',24,20,NULL,NULL,'58901','2016-02-13 07:12:24',0),(180,'99112128','Warsono',24,18,NULL,NULL,'58901','2016-02-13 07:12:24',0),(181,'99101685','Benny Mustika Alam',25,18,NULL,NULL,'58901','2016-02-13 07:12:24',0),(182,'00042415','Deniawan',25,18,NULL,NULL,'58901','2016-02-13 07:12:24',0),(183,'04053865','Dery Octavian',25,20,NULL,NULL,'58901','2016-02-13 07:12:24',0),(184,'06014829','Dewi Priatni',25,18,NULL,NULL,'58901','2016-02-13 07:12:24',0),(185,'11048235','Herman Susilo',25,18,NULL,NULL,'58901','2016-02-13 07:12:24',0),(186,'10037465','Iwan Agus Setiawan',25,18,NULL,NULL,'58901','2016-02-13 07:12:24',0),(187,'99101944','M Rizki P Ariwibowo',25,18,NULL,NULL,'58901','2016-02-13 07:12:24',0),(188,'99101859','Rista Meliana',25,18,NULL,NULL,'58901','2016-02-13 07:12:24',0),(189,'03083365','Riwanto',25,18,NULL,NULL,'58901','2016-02-13 07:12:24',0),(190,'00042405','Rodean Dermawan',25,20,NULL,NULL,'58901','2016-02-13 07:12:24',0),(191,'99101705','Ronny',25,18,NULL,NULL,'58901','2016-02-13 07:12:24',0),(192,'00032385','Yayat Sufriyatna',25,18,NULL,NULL,'58901','2016-02-13 07:12:24',0),(193,'00012315','Yuli Wahyudin',25,20,NULL,NULL,'58901','2016-02-13 07:12:24',0),(194,'11108469','Herti Mulyasari',26,18,NULL,NULL,'58901','2016-02-13 07:12:24',0),(195,'15091742','Muhamad Imron',26,57,NULL,NULL,'58901','2016-02-13 07:12:24',1),(196,'97111502','Siti Solikhah',26,58,NULL,NULL,'58901','2016-02-13 07:12:24',0),(197,'15081662','Virginia Sabrina Ayurianty',26,58,NULL,NULL,'58901','2016-02-13 07:12:24',1),(198,'99112081','Wahyu Shandi Setiawan',26,59,NULL,NULL,'58901','2016-02-13 07:12:24',0),(199,'13069814','Citra Lusita',27,60,NULL,NULL,'58901','2016-02-13 07:12:24',0),(200,'09087017','Agus Lasadi',28,61,NULL,NULL,'58901','2016-02-13 07:12:24',0),(201,'99091617','Agustus MAM Djoka',28,20,NULL,NULL,'58901','2016-02-13 07:12:24',0),(202,'05104627','Dedi Junaedi',28,61,NULL,NULL,'58901','2016-02-13 07:12:24',0),(203,'99101737','Eddy Kurnianto',28,61,NULL,NULL,'58901','2016-02-13 07:12:24',0),(204,'05094577','Gusfinardi',28,20,NULL,NULL,'58901','2016-02-13 07:12:24',0),(205,'14040817','Harryman',28,61,NULL,NULL,'58901','2016-02-13 07:12:24',0),(206,'03073267','Joko Budiono',28,61,NULL,NULL,'58901','2016-02-13 07:12:24',0),(207,'10027357','Perdiansyah',28,61,NULL,NULL,'58901','2016-02-13 07:12:24',0),(208,'03083417','Ramsis E Pangaribuan',28,61,NULL,NULL,'58901','2016-02-13 07:12:24',0),(209,'99081537','Ranto Parluhutan',28,61,NULL,NULL,'58901','2016-02-13 07:12:24',0),(210,'96010967','Robby Sutikno',28,20,NULL,NULL,'58901','2016-02-13 07:12:24',0),(211,'11108457','Rudi Suhartono',28,61,NULL,NULL,'58901','2016-02-13 07:12:24',0),(212,'99101747','Sarina Damanik ',28,61,NULL,NULL,'58901','2016-02-13 07:12:24',0),(213,'03083427','Sunarto ',28,61,'','','58901','2016-02-13 07:12:24',0),(214,'05014257','Surasa',28,20,NULL,NULL,'58901','2016-02-13 07:12:24',0),(215,'01042587','Sutrisno',28,61,NULL,NULL,'58901','2016-02-13 07:12:24',0),(216,'02012847','Teguh Utomo',28,61,NULL,NULL,'58901','2016-02-13 07:12:24',0),(217,'06105147','Tri Mardianto',28,61,NULL,NULL,'58901','2016-02-13 07:12:24',0),(218,'15112122','Puji Astuti',26,59,'','','','2016-04-06 11:16:00',0),(219,'13110159','Fauzi Abdillah',9,18,'','','','2016-04-06 11:16:37',0),(220,'15112068','Toni Tanamal',21,43,'','','','2016-04-06 11:17:07',0),(221,'13049768','Agus Maulana',23,43,'','','','2016-04-06 11:17:33',0),(222,'15101808','Sobari',20,62,'','','','2016-04-06 11:18:14',0),(223,'12109395','imam firmansyah',25,18,'','','','2016-04-11 14:21:36',0);

/*Table structure for table `master_barang` */

DROP TABLE IF EXISTS `master_barang`;

CREATE TABLE `master_barang` (
  `kode_barang` varchar(255) NOT NULL,
  `type` enum('product','jasa') DEFAULT 'product',
  `nama_barang` varchar(255) DEFAULT NULL,
  `deskripsi` varchar(255) DEFAULT NULL,
  `harga_beli` decimal(20,2) DEFAULT '0.00',
  `presentase` int(20) DEFAULT '0',
  `harga_jual` decimal(20,2) DEFAULT '0.00',
  `created_timestamp` timestamp NULL DEFAULT CURRENT_TIMESTAMP,
  `status` tinyint(1) DEFAULT '0',
  `hapus` tinyint(1) NOT NULL DEFAULT '0' COMMENT 'Jika 1 = DELETE',
  PRIMARY KEY (`kode_barang`,`hapus`)
) ENGINE=InnoDB DEFAULT CHARSET=latin1;

/*Data for the table `master_barang` */

insert  into `master_barang`(`kode_barang`,`type`,`nama_barang`,`deskripsi`,`harga_beli`,`presentase`,`harga_jual`,`created_timestamp`,`status`,`hapus`) values ('/8886057883665','product','Kratingdaeng','',3500.00,1000,4500.00,'2016-04-07 11:59:43',1,0),('0089686010015','product','Indomie Ayam Bawang','',1850.00,450,2300.00,'2016-02-13 16:57:49',1,0),('0089686010343','product','Indomie Soto Mie','',1850.00,450,2300.00,'2016-02-22 12:53:56',1,0),('0089686010527','product','Indomie Kari Ayam','',2100.00,400,2500.00,'2016-02-20 14:49:36',1,0),('0089686010947','product','Indomie Goreng','',1987.00,513,2500.00,'2016-02-13 16:04:33',1,0),('0089686060027','product','Pop Mie Rasa Ayam','',3350.00,650,4000.00,'2016-04-02 14:32:24',1,0),('0089686060126','product','Pop Mie Rasa Baso','',3350.00,650,4000.00,'2016-02-13 16:07:52',1,0),('0089686060461','product','Pop Mie Kari Ayam','',3350.00,650,4000.00,'2016-02-13 16:08:21',1,0),('0711844110113','product','Kecap Manis ABC ','',6000.00,1000,7000.00,'2016-04-02 15:59:12',1,0),('0711844120013','product','Sambal ABC','335ml',11000.00,2000,13000.00,'2016-02-15 13:14:35',1,0),('0711844120310','product','Saos Sambel ABC sachet','',5500.00,1500,7000.00,'2016-02-19 14:48:32',1,0),('0711844330115','product','ABC Sarden ','',13900.00,4100,18000.00,'2016-02-13 16:46:39',1,0),('0749921005946','product','Nutri Sari Sweet Orange','',910.00,590,1500.00,'2016-04-02 14:28:13',1,0),('0749921006158','product','Nutri Sari Jambu','',910.00,590,1500.00,'2016-02-13 16:15:27',1,0),('0749921010339','product','Nutri Sari Australian Lime','',910.00,590,1500.00,'2016-04-02 14:27:08',1,0),('4800361347631','product','Lactogen 2','',91000.00,3000,94000.00,'2016-04-02 16:27:57',1,0),('4800361347655','product','Susu Lactogrow 3','Usia 1-3',84000.00,4000,88000.00,'2016-02-15 13:18:08',1,0),('4800361347815','product','Susu Lactogrow 1','',91000.00,4000,95000.00,'2016-02-26 11:02:01',1,0),('4902430400879','product','Shampo Pantene','Silky Smooth Care',20500.00,1500,22000.00,'2016-03-02 11:49:55',1,0),('4902430400947','product','Shampo Pantene','Anti Dandruff 170ml',15500.00,2500,18000.00,'2016-02-13 16:21:45',1,0),('4902430400961','product','Pantene Conditioner','Silky Smooth Care',20500.00,1500,22000.00,'2016-04-12 12:56:13',1,0),('4902430400978','product','Pantene Conditioner','',20500.00,1500,22000.00,'2016-04-12 12:56:50',1,0),('4902430428316','product','Shampo Rejoice','Rich Shampo 170ml',17800.00,2200,20000.00,'2016-04-02 11:46:30',1,0),('4902430432269','product','Shampoo Rejoice','Soft  & smooth',18000.00,2000,20000.00,'2016-03-02 11:58:06',1,0),('4902430500463','product','conditioner pantene','',18000.00,1000,19000.00,'2016-04-09 13:39:56',1,0),('4902430610599','product','Pampers Premium Care','XL isi 21',85000.00,3000,88000.00,'2016-02-18 17:37:39',1,0),('76164217','product','Rokok Marlboro Merah','',18400.00,1600,20000.00,'2016-02-13 15:17:50',1,0),('7622210476043','product','Chips Ahoy','cookies',7000.00,1500,8500.00,'2016-02-21 19:25:56',1,0),('76239878','product','Rokok Marlboro Putih','',18400.00,1600,20000.00,'2016-02-13 15:46:05',1,0),('8851111400584','product','Mamy Poko Extra dry','biru  xxl 28',82000.00,4000,86000.00,'2016-03-14 11:38:58',1,0),('8851111401260','product','Mamy Extra Soft','XL 24',80000.00,3500,83500.00,'2016-04-02 14:35:41',1,0),('8858891302114','product','Ichitan Madu','',3500.00,1500,5000.00,'2016-04-02 16:50:09',1,0),('8858891302152','product','Ichitan Leci','',3500.00,1500,5000.00,'2016-04-02 16:50:30',1,0),('8886001026025','product','Astor Chocolate Wafer Stick','',8500.00,2500,11000.00,'2016-04-02 15:55:34',1,0),('8886001038011','product','Beng beng 22gr','',1500.00,500,2000.00,'2016-02-13 15:33:48',1,0),('8886007811076','product','Teh Celup Sosro','',4000.00,500,4500.00,'2016-02-20 15:19:53',1,0),('8886008101053','product','Aqua 600ml','',1700.00,1300,3000.00,'2016-02-19 14:58:43',1,0),('8886022930240','product','Batu Baterai ABC','',2500.00,500,3000.00,'2016-04-02 16:20:38',1,0),('8886029101049','product','Ultraflu','',1700.00,1300,3000.00,'2016-04-02 16:50:59',1,0),('8886057883665','product','Kratingdaeng ','',4000.00,1000,5000.00,'2016-04-07 12:05:43',1,0),('8888166330306','product','Biskuit Lemonia','lemon',5500.00,1500,7000.00,'2016-02-21 19:22:09',1,0),('8888166336568','product','Crispy Crackers','nissin',7000.00,2000,9000.00,'2016-02-21 19:16:44',1,0),('8888166336605','product','Wafer Nissin','chocolate',7000.00,1500,8500.00,'2016-02-21 19:09:05',1,0),('8888166337305','product','Wafer Nissin','strawberry',7000.00,1500,8500.00,'2016-02-21 19:08:11',1,0),('8888166603240','product','Cream Biskuit Coklat','serena',8000.00,2000,10000.00,'2016-02-21 19:02:25',1,0),('8888166607132','product','Khong Guan wafer','Classic',14000.00,1500,15500.00,'2016-02-21 18:43:51',1,0),('8888166609365','product','Biskuit Lemonia','chocolate',5500.00,1500,7000.00,'2016-02-21 19:21:09',1,0),('8888166842557','product','Genji Pie','monde',7000.00,1500,8500.00,'2016-02-21 19:05:40',1,0),('8888166989399','product','Khong Guan Assorted','',13000.00,2000,15000.00,'2016-04-12 13:02:00',1,0),('8888166989474','product','Wafer Nissin','susu',7000.00,1500,8500.00,'2016-02-21 19:07:08',1,0),('8888166991125','product','Butter Cookies','monde',13000.00,2000,15000.00,'2016-02-21 18:52:38',1,0),('8888166991224','product','Otico','Real Chocolate',3000.00,1000,4000.00,'2016-04-12 13:00:45',1,0),('8888166991484','product','Biskuit mentega klapa','mentega klapa nissin',8500.00,1500,10000.00,'2016-02-21 19:13:04',1,0),('8888166991491','product','Nissin Coffee Milk','coffee milk nissin',8500.00,1500,10000.00,'2016-02-21 19:11:36',1,0),('8888166993433','product','Serena Egg Rolls','',6500.00,1500,8000.00,'2016-04-12 13:01:20',1,0),('8888166996083','product','Biskuit klapa ijo','nissin',5500.00,1500,7000.00,'2016-02-21 18:57:19',1,0),('8888826019589','product','gillitte blue II','plus',5000.00,1000,6000.00,'2016-04-14 13:58:41',1,0),('8990057882716','product','Susu Bebelove 1','0-6 bulan',125000.00,5000,130000.00,'2016-04-06 11:54:39',1,0),('8990057882730','product','Susu Bebelac 3','Rasa Madu 800gr',106500.00,3500,110000.00,'2016-02-18 17:34:49',1,0),('8990057882761','product','Susu Bebelac 4','Rasa Vanila 800gr',100000.00,4000,104000.00,'2016-02-18 17:35:32',1,0),('8991001111289','product','Silver Queen','',6500.00,1000,7500.00,'2016-02-21 19:27:21',1,0),('8991001301017','product','Meses Ceres','',8750.00,1250,10000.00,'2016-02-21 19:19:51',1,0),('8991001770011','product','Sandwich Biskuit Selamat','chocolate',9000.00,2000,11000.00,'2016-02-21 19:00:09',1,0),('8991002101630','product','Kopi ABC Kopi Susu','',900.00,600,1500.00,'2016-02-13 16:27:09',1,0),('8991002101746','product','Kopi ABC Mocca','',900.00,600,1500.00,'2016-02-15 13:16:25',1,0),('8991002103238','product','Kopi Good Day Mchn','Mochachino',930.00,570,1500.00,'2016-02-13 15:48:25',1,0),('8991002103764','product','Kopi Good Day Cpchn','Caphuchino',1300.00,700,2000.00,'2016-02-13 15:48:55',1,0),('8991002105423','product','Kopi kapal Api','Bubuk 165gr',10250.00,1750,12000.00,'2016-02-20 15:11:50',1,0),('8991002105430','product','Kopi Kapal Api','Bubuk 65gr',4500.00,1500,6000.00,'2016-02-20 15:13:09',1,0),('8991002105485','product','Kopi Kapal Api','Mix',833.00,417,1250.00,'2016-02-13 15:38:16',1,0),('8991002105676','product','Kopi Kapal Api Kopi Susu','',1000.00,500,1500.00,'2016-04-02 14:09:35',1,0),('8991002106321','product','Kopi Kapal Api','Less Sugar',850.00,400,1250.00,'2016-02-15 13:10:11',1,0),('8991002121010','product','Good Day Mchn','Botol 250 ml',4500.00,1500,6000.00,'2016-02-13 16:11:51',1,0),('8991102020152','product','Sikat gigi Formula','',4500.00,500,5000.00,'2016-04-02 16:20:05',1,0),('8991102300322','product','Tango Wafer Coklat','',850.00,650,1500.00,'2016-02-13 16:14:16',1,0),('8991102300421','product','Wafer tango','chocolate',9000.00,2000,11000.00,'2016-02-21 18:48:05',1,0),('8991102300520','product','Tango Wafer Vanilla','',850.00,650,1500.00,'2016-02-13 16:13:34',1,0),('8991102300544','product','Wafer Tango','susu vanila',9000.00,2000,11000.00,'2016-02-21 18:46:49',1,0),('8991111152097','product','Listerine Green Tea','500ml',34000.00,3000,37000.00,'2016-02-15 12:58:08',1,0),('8991906101019','product','Rokok Djarum Super','',13650.00,1350,15000.00,'2016-02-13 15:41:57',1,0),('8991906101057','product','Rokok LA Light','',15300.00,1700,17000.00,'2016-02-20 16:05:43',1,0),('8991906101071','product','Rokok LA Menthol','',14000.00,3000,17000.00,'2016-02-20 16:06:05',1,0),('8991906101101','product','Rokok LA Ice','',14000.00,3000,17000.00,'2016-02-13 16:03:03',1,0),('8991906101125','product','Rokok Djarum Black','',16000.00,1000,17000.00,'2016-04-02 14:22:52',1,0),('8991906101316','product','Rokok Djarum Black Mild','',12000.00,3000,15000.00,'2016-02-13 15:43:25',1,0),('8991906101361','product','Rokok Djarum Super Mild','',14500.00,1500,16000.00,'2016-02-20 16:16:40',1,0),('8991906105758','product','Rokok LA Bold','',14300.00,1700,16000.00,'2016-02-18 11:59:59',1,0),('8991911101011','product','Rokok Envio mild','',12000.00,1000,13000.00,'2016-02-19 14:40:55',1,0),('8991977120025','product','Bedak MBK','',1800.00,200,2000.00,'2016-04-02 16:17:48',1,0),('8991991161332','product','Sensodyne','Fresh Mint',21000.00,2000,23000.00,'2016-04-06 11:49:01',1,0),('8992003170403','product','Antangin JRG','',2000.00,1000,3000.00,'2016-04-02 15:00:38',1,0),('8992222050203','product','Gatsby Super Hard','',6000.00,1000,7000.00,'2016-02-13 15:54:52',1,0),('8992222052993','product','Gatsby Hyper Solid','',6000.00,1000,7000.00,'2016-02-13 15:53:23',1,0),('8992304009181','product','Garnier Men','Turbo Light 50ml',13000.00,1000,14000.00,'2016-02-20 15:47:04',1,0),('8992388101023','product','Nu Green tea','Madu',4000.00,1000,5000.00,'2016-04-12 16:02:04',1,0),('8992628020152','product','Minyak Bimoli ','Bimoli 2 lt',22000.00,1000,23000.00,'2016-02-13 15:59:13',1,0),('8992695110206','product','Panadol Merah','',650.00,350,1000.00,'2016-02-13 16:41:55',1,0),('8992696404441','product','Susu Beruang','',7000.00,1000,8000.00,'2016-02-13 15:37:09',1,0),('8992696405257','product','Susu Dancow Fortigro','instan coklat',69000.00,4000,73000.00,'2016-02-26 10:55:15',1,0),('8992696405448','product','Susu Dancow Fortigro','instan putih',75500.00,5000,80500.00,'2016-02-26 10:57:06',1,0),('8992696407701','product','Susu Dancow 3+','Rasa Vanila',79000.00,4000,83000.00,'2016-02-18 17:33:54',1,0),('8992696407831','product','dancow 5+ coklat','900g',78500.00,4500,83000.00,'2016-04-14 12:38:50',1,0),('8992696415072','product','Susu Dancow 5+','vanila',79000.00,4000,83000.00,'2016-02-27 13:14:11',1,0),('8992696420472','product','Susu Milo 3 in 1','1kg',78000.00,5000,83000.00,'2016-03-05 12:03:40',1,0),('8992696427006','product','Susu Lactogrow 4 ','',81000.00,4000,85000.00,'2016-02-19 10:58:45',1,0),('8992696427266','product','Susu Datita 3-5','',75000.00,5000,80000.00,'2016-02-18 17:32:58',1,0),('8992696430204','product','Milo Sachet','',1750.00,250,2000.00,'2016-02-13 16:29:47',1,0),('8992725910332','product','Listerine Cool Mint','250ml',19900.00,2100,22000.00,'2016-02-13 16:53:36',1,0),('8992725910400','product','Listerine Cool Mint','Isi 80ml',7750.00,1250,9000.00,'2016-02-18 17:31:17',1,0),('8992727000048','product','Laurier Active Day','',3500.00,500,4000.00,'2016-04-02 14:24:02',1,0),('8992727005111','product','Biore Mens ','Cool Oil 100gr',21000.00,1000,22000.00,'2016-02-20 15:45:44',1,0),('8992727005135','product','Biore Mens ','White Energy',21000.00,1000,22000.00,'2016-02-13 16:48:15',1,0),('8992727005289','product','Deterjen Attack Jaz1','sabun cuci deterjen ',14500.00,1500,16000.00,'2016-04-04 14:14:41',1,0),('8992727005302','product','Attack Jazz','Semerba Segar',12900.00,3100,16000.00,'2016-02-13 16:45:54',1,0),('8992727005524','product','Biore Mens ','Anti Bacterior',20000.00,2000,22000.00,'2016-04-02 16:41:18',1,0),('8992752116233','product','Mizone ','apple guava',2750.00,1250,4000.00,'2016-02-19 17:04:25',1,0),('8992752119104','product','Mizone','lychee lemon',2750.00,1250,4000.00,'2016-04-12 16:21:01',1,0),('8992753031894','product','Susu SKM Sachet Putih','',1100.00,400,1500.00,'2016-02-13 16:31:03',1,0),('8992753100101','product','Susu SKM Gold','',12400.00,1100,13500.00,'2016-02-13 16:35:23',1,0),('8992753102204','product','Susu SKM Coklat','',8500.00,500,9000.00,'2016-02-13 16:10:17',1,0),('8992753881703','product','Susu Frisian Flag Karya','Vanila 4-6 tahun',76500.00,4500,81000.00,'2016-04-06 11:45:50',1,0),('8992753883707','product','Susu Frisian Flag Karya','4-6 Rasa Madu 800gr',77000.00,4000,81000.00,'2016-02-18 17:36:40',1,0),('8992760221028','product','Oreo','',6500.00,1000,7500.00,'2016-02-21 19:15:15',1,0),('8992761002015','product','Coca Cola','',3630.00,1370,5000.00,'2016-02-13 16:28:13',1,0),('8992761147020','product','Sprite 425ml','',3750.00,1250,5000.00,'2016-02-15 13:20:03',1,0),('8992761147037','product','Fanta','',3750.00,1250,5000.00,'2016-02-13 16:19:10',1,0),('8992761166038','product','Pulpy Orange','',4790.00,1210,6000.00,'2016-02-13 15:51:44',1,0),('8992765301008','product','Gillete Goal II','Kuning',4000.00,1000,5000.00,'2016-02-15 13:11:40',1,0),('8992772198011','product','kispray pelicin amaris','300ml',3750.00,1250,5000.00,'2016-04-14 13:29:45',1,0),('8992772198035','product','Kispray pelicin','refil 300ml',3750.00,1250,5000.00,'2016-03-07 14:31:39',1,0),('8992772198042','product','Kispray Violet','',3750.00,1250,5000.00,'2016-04-02 16:01:13',1,0),('8992802009027','product','Susu BMT Platinum','0-6 bulan',254000.00,4000,258000.00,'2016-04-06 11:47:35',1,0),('8992858527308','product','Hydro Coco','',4000.00,1000,5000.00,'2016-02-13 15:34:14',1,0),('8992858664706','product','Promag','Harga satuan',800.00,200,1000.00,'2016-04-02 14:59:26',1,0),('8992866110608','product','Cat Rambut','Bigen Black',15000.00,1000,16000.00,'2016-02-15 13:07:40',1,0),('8992866110639','product','Cat Rambut','Bigen Brown Black',15000.00,1000,16000.00,'2016-02-15 13:08:07',1,0),('8992933453119','product','Susu Jahe','',800.00,700,1500.00,'2016-02-13 16:09:17',1,0),('8992946121029','product','Minyak Goreng Tropical 2liter','Minyak goreng 2 liter',19900.00,2100,22000.00,'2016-04-04 14:11:29',1,0),('8993039111255','product','Regal Marie','',8500.00,1500,10000.00,'2016-04-12 13:02:39',1,0),('8993058000684','product','Extra Joss','',791.00,209,1000.00,'2016-02-13 15:31:18',1,0),('8993072123567','product','Kapas Kecantikan','',7900.00,1100,9000.00,'2016-02-13 16:47:24',1,0),('8993175537360','product','Wafer Nabati','chocolate',7500.00,1500,9000.00,'2016-02-21 18:55:48',1,0),('8993176110067','product','Minyak Kayu Putih Lang','120ml',28000.00,2000,30000.00,'2016-04-02 16:14:49',1,0),('8993176110081','product','Minyak Kayu Putih Lang','Isi 30ml',8000.00,1000,9000.00,'2016-02-18 17:40:51',1,0),('8993189270284','product','Charm Body Fit','Isi 8',2750.00,1250,4000.00,'2016-02-13 15:50:44',1,0),('8993189270321','product','Charm Body Fit','isi 5',2750.00,250,3000.00,'2016-04-02 16:15:31',1,0),('8993189270338','product','Charm Body Fit','Extra Maxi Wing',3500.00,500,4000.00,'2016-04-02 14:24:31',1,0),('8993189272134','product','Mamy Poko Pants','Standard Ukuran M isi 34',54000.00,4000,58000.00,'2016-02-18 17:38:27',1,0),('8993189272141','product','Mamy Poko Pants L30','',55000.00,3000,58000.00,'2016-04-02 14:29:02',1,0),('8993189272165','product','Mamy Poko Pants XXL 24','celana',57000.00,4000,61000.00,'2016-02-19 11:01:05',1,0),('8993296210005','product','Terigu Segitiga Biru','',9000.00,1000,10000.00,'2016-04-02 14:31:14',1,0),('8993560024987','product','Sabun Dettol','Original',4700.00,1300,6000.00,'2016-04-02 14:21:30',1,0),('8993560025007','product','Sabun Dettol','Cool',4700.00,1300,6000.00,'2016-04-02 14:21:55',1,0),('8993560025083','product','Sabun Dettol','Skincare',4700.00,1300,6000.00,'2016-04-02 14:21:02',1,0),('8993560025106','product','Sabun Dettol Re Energize','Jeruk Mandarin',4700.00,1300,6000.00,'2016-04-06 11:53:08',1,0),('8993560025113','product','Sabun Dettol','70gr',3200.00,800,4000.00,'2016-02-15 12:59:50',1,0),('8993989311699','product','Rokok Class Mild','',14650.00,1350,16000.00,'2016-02-13 16:38:52',1,0),('8994171101289','product','Luwak White Cofee','',930.00,570,1500.00,'2016-02-13 16:06:33',1,0),('8994287316034','product','Sanqua','600 ml',1000.00,1000,2000.00,'2016-04-12 16:00:11',1,0),('8994755030431','product','Good Time Cookies','chocolate',6500.00,1500,8000.00,'2016-02-21 19:24:24',1,0),('8995078803078','product','Rokok U Mild','',11950.00,1050,13000.00,'2016-02-13 15:41:20',1,0),('8995177102058','product','Gulaku 1kg','',14500.00,1500,16000.00,'2016-02-15 13:05:53',1,0),('8995227500247','product','Larutan cap kaki tiga','Rasa Jambu Biji',4000.00,1000,5000.00,'2016-02-19 14:36:07',1,0),('8995227500278','product','Larutan cap kaki tiga','Rasa Leci',4000.00,1000,5000.00,'2016-02-19 14:35:02',1,0),('8995227500292','product','Larutan cap kaki tiga','Melon',4000.00,1000,5000.00,'2016-04-02 16:57:10',1,0),('8996001302026','product','Malkist Roma','Crakers',4500.00,1500,6000.00,'2016-02-21 19:17:44',1,0),('8996001302637','product','Malkist Roma','Cokelat',5000.00,1500,6500.00,'2016-04-12 12:59:58',1,0),('8996001414002','product','Kopi Tora Bika Caooucino','',1500.00,500,2000.00,'2016-04-02 14:27:40',1,0),('8996001440049','product','Energen Coklat','',1060.00,440,1500.00,'2016-02-13 16:09:42',1,0),('8996001440087','product','Energen Kacang Hijau','',1060.00,440,1500.00,'2016-04-02 14:26:00',1,0),('8996001440124','product','Energen Vanila','',1060.00,440,1500.00,'2016-02-13 16:30:21',1,0),('8996001600146','product','Teh Pucuk','',2083.00,1917,4000.00,'2016-02-13 15:52:35',1,0),('8996001600221','product','Kopiko 78','',5000.00,1000,6000.00,'2016-02-13 16:11:20',1,0),('8996001600306','product','Kopiko 78','mocharetta',4100.00,1900,6000.00,'2016-04-12 16:05:35',1,0),('8996006142511','product','Teh Kotak','',2125.00,1875,4000.00,'2016-02-13 16:34:25',1,0),('8996006855145','product','Teh Botol','450ml',4500.00,1500,6000.00,'2016-02-13 15:36:39',1,0),('8997009510017','product','You C 1000 Lemon','',4333.00,1667,6000.00,'2016-02-13 17:05:52',1,0),('8997009510055','product','You C 1000 Org','',4333.00,1667,6000.00,'2016-02-13 16:33:02',1,0),('8997016910312','product','Minyak Goreng','Green Land 2 ltr',22000.00,1000,23000.00,'2016-02-13 15:15:05',1,0),('8997017640614','product','Parfum Chr. Jornald','Command',35000.00,2000,37000.00,'2016-04-02 14:13:18',1,0),('8997017640621','product','Parfum Chr. Jornald','Speed',35000.00,2000,37000.00,'2016-04-02 14:12:35',1,0),('8997017640836','product','Parfum Chr. Jornald','Adorable',35000.00,2000,37000.00,'2016-04-02 14:11:29',1,0),('8997017640843','product','Parfum Chr. Jornald','Beautiful',35000.00,2000,37000.00,'2016-04-02 14:12:06',1,0),('8997017640850','product','Parfum Chr. Jornald','Miracle',35000.00,2000,37000.00,'2016-04-02 14:13:57',1,0),('8997017640881','product','Parfum Chr. Jornald','Glamorous',35000.00,2000,37000.00,'2016-04-02 14:11:03',1,0),('8997018460150','product','Rokok Marlboro Ice Blast','',17500.00,2500,20000.00,'2016-02-20 16:02:27',1,0),('8997021870014','product','Fresh Care Citrus','',9583.00,3417,13000.00,'2016-02-13 15:56:50',1,0),('8997021870151','product','Fresh Care Strong','',9583.00,3417,13000.00,'2016-02-13 15:57:20',1,0),('8997021870236','product','Fresh Care Sports','',9583.00,3417,13000.00,'2016-02-13 15:55:47',1,0),('8997032711016','product','Biskies Chocolate','36 gr',1500.00,1000,2500.00,'2016-04-13 12:34:35',1,0),('8997032711023','product','Biskies Vanilla','36gr',1600.00,900,2500.00,'2016-04-02 15:59:48',1,0),('8997032711115','product','Biskies Chocolate','108 gr',5500.00,1500,7000.00,'2016-04-13 12:36:13',1,0),('8997032711122','product','Biskies Vanilla','180gr',5500.00,1500,7000.00,'2016-04-02 15:57:03',1,0),('8997035111110','product','Pocari Kaleng','',5000.00,500,5500.00,'2016-02-13 16:33:53',1,0),('8997035563414','product','Pocari Sweat Botol','500ml',5600.00,1400,7000.00,'2016-04-02 15:58:45',1,0),('8998009010231','product','Ultra Coklat','250ml',3500.00,1500,5000.00,'2016-02-13 16:23:22',1,0),('8998009010248','product','Ultra Strawberry','250 ml',3500.00,1500,5000.00,'2016-02-15 13:37:57',1,0),('8998009010569','product','Susu Ultra Milk 200ml','',3250.00,750,4000.00,'2016-04-06 17:06:55',1,0),('8998009010590','product','ultra milk','125 ml',2175.00,325,2500.00,'2016-04-12 16:16:25',1,0),('8998009010910','product','Susu Ultra Mimi','',2125.00,375,2500.00,'2016-04-02 16:00:38',1,0),('8998009020179','product','Buahvita orange','',5400.00,1100,6500.00,'2016-02-19 14:30:35',1,0),('8998009020186','product','Buahvita guava','',5400.00,1100,6500.00,'2016-02-19 14:33:00',1,0),('8998009020223','product','Buahvita apple','250 ml',5500.00,1000,6500.00,'2016-04-12 16:13:26',1,0),('8998009040023','product','Teh Kotak','200 ml',2625.00,1375,4000.00,'2016-03-14 11:47:41',1,0),('8998009050053','product','Sari Kacang Ijo','250ml',3500.00,1500,5000.00,'2016-02-13 15:33:05',1,0),('8998009050060','product','Sari Kacang Ijo','200ml',2700.00,1300,4000.00,'2016-02-15 13:06:53',1,0),('8998127311173','product','Rokok Star Mild','',14750.00,1250,16000.00,'2016-02-13 15:45:39',1,0),('8998127514123','product','Rokok Dunhill Mild','',17800.00,1200,19000.00,'2016-02-13 16:01:15',1,0),('8998667100206','product','Paramex','',2000.00,1000,3000.00,'2016-04-02 15:00:11',1,0),('8998866200813','product','Mie Sedap Cup','Mie Goreng',3750.00,750,4500.00,'2016-02-15 13:03:12',1,0),('8998866600095','product','Sabun Clk Ekonomi','',1750.00,750,2500.00,'2016-02-15 13:01:11',1,0),('8998866603393','product','Rapika','',4500.00,1500,6000.00,'2016-02-15 12:56:09',1,0),('8998866607315','product','So Klin Softergent','',14000.00,1000,15000.00,'2016-02-13 16:36:19',1,0),('8998866679664','product','So Klin Lantai','Citrus Lemon',8000.00,1000,9000.00,'2016-02-20 15:26:26',1,0),('8998888712547','product','sarden ikan delmonte','saos tomat',12500.00,2500,15000.00,'2016-04-04 15:21:56',1,0),('8998888712646','product','Sardines Del monte ','saus cabe',12500.00,2500,15000.00,'2016-04-04 14:13:10',1,0),('8998898101409','product','Tolak Angin Cair','',1958.00,1042,3000.00,'2016-02-13 15:35:24',1,0),('8998898830125','product','Extra Joss','Rasa Anggur',790.00,210,1000.00,'2016-04-02 16:18:48',1,0),('8998989100120','product','Rokok Gudang Garam Filter','Isi 12 batang',13550.00,1450,15000.00,'2016-02-13 15:42:47',1,0),('8998989110167','product','Rokok GG Surya 16','',17450.00,1550,19000.00,'2016-02-13 15:22:55',1,0),('8998989121163','product','Rokok Surya Pro Merah','',13700.00,1300,15000.00,'2016-02-13 15:21:21',1,0),('8998989300391','product','Rokok Surya Pro Mild','',11000.00,2000,13000.00,'2016-02-13 15:20:41',1,0),('8999099920486','product','Susu SGM Ananda','0-6 bulan',79000.00,3000,82000.00,'2016-04-06 11:59:14',1,0),('8999099920738','product','SUSU SGM EKSPLOR 3 plus','',67000.00,3000,70000.00,'2016-04-08 11:28:49',1,0),('8999777026370','product','Hansaplast','',200.00,50,250.00,'2016-04-02 16:21:16',1,0),('8999908000200','product','Bodrex','',600.00,400,1000.00,'2016-02-13 16:42:31',1,0),('8999908057709','product','Bodrex Flu Batuk','',1750.00,250,2000.00,'2016-02-13 16:43:21',1,0),('8999909000162','product','Rokok Magnum Blue','',11950.00,2050,14000.00,'2016-02-13 15:39:58',1,0),('8999909000377','product','Rokok Sampoerna Avolution','',17100.00,1900,19000.00,'2016-02-18 17:29:36',1,0),('8999909001909','product','Rokok Magnum Black','',12200.00,1800,14000.00,'2016-02-15 13:05:23',1,0),('8999909010567','product','Rokok Dji Sam Soe 16','16 batang',16050.00,1950,18000.00,'2016-02-13 16:17:22',1,0),('8999909028234','product','Rokok Dji Sam Soe 12','12 batang',13325.00,1675,15000.00,'2016-02-13 15:18:47',1,0),('8999909028999','product','Rokok Dji Sam Soe ','Super Premium Reffil',15350.00,1650,17000.00,'2016-02-20 16:08:27',1,0),('8999909076006','product','Rokok Sampoerna Menthol','',16550.00,1950,18500.00,'2016-02-13 15:19:57',1,0),('8999909096004','product','Rokok Sampoerna Mild','Sampoerna Merah',16575.00,1925,18500.00,'2016-02-13 15:17:06',1,0),('8999988888811','product','Larutan cap kaki tiga','Rasa Orange',4000.00,1000,5000.00,'2016-02-20 15:29:25',1,0),('8999999001117','product','Lifebouy Total 10','250ml',11250.00,750,12000.00,'2016-02-13 16:40:55',1,0),('8999999001124','product','Lifebouy Mild Care','250ml',11250.00,750,12000.00,'2016-02-13 16:40:13',1,0),('8999999003098','product','Vaseline ','Intensive Care',23900.00,5100,29000.00,'2016-02-13 16:50:28',1,0),('8999999006006','product','Rinso Cair','',16000.00,2000,18000.00,'2016-02-20 15:25:19',1,0),('8999999027278','product','Sabun Lifebouy','lemon fresh',11250.00,1750,13000.00,'2016-04-12 12:26:34',1,0),('8999999029326','product','Shampo Sunsilk','Nourishing Soft & Smoot',16500.00,2000,18500.00,'2016-02-20 15:58:42',1,0),('8999999029333','product','sunsilk shampo soft and smooth','80 ml',7500.00,1500,9000.00,'2016-04-11 12:07:14',1,0),('8999999029357','product','Shampo Sunsilk ','Black Shine',16500.00,2000,18500.00,'2016-02-20 15:59:16',1,0),('8999999029579','product','Shampo Clear Men','Ice Cool Menthol',19500.00,2500,22000.00,'2016-04-02 16:52:47',1,0),('8999999029616','product','Shampo Clear Ice Cool','',19000.00,2500,21500.00,'2016-02-13 15:50:10',1,0),('8999999029647','product','Shampo Clear Men ','Complete Soft Care',19500.00,2500,22000.00,'2016-04-04 12:58:49',1,0),('8999999029685','product','Shampo Clear Cmpl. Care','',19250.00,2750,22000.00,'2016-02-13 15:49:43',1,0),('8999999033170','product','Shampo Lifebouy','Hijau 170ml',13750.00,1250,15000.00,'2016-02-13 15:24:42',1,0),('8999999033217','product','Shampo Lifebouy','Biru 170ml',13750.00,1250,15000.00,'2016-02-13 15:24:03',1,0),('8999999034153','product','Blue Band 200gr','',5500.00,1500,7000.00,'2016-02-15 13:04:21',1,0),('8999999034696','product','Pond\'s Men','Energy Charge 100gr',21000.00,3000,24000.00,'2016-02-19 14:55:16',1,0),('8999999036607','product','Sabun Lux','Soft Touch 85gr',2500.00,500,3000.00,'2016-02-13 15:27:52',1,0),('8999999036638','product','Sabun Lux','Velvet Toiuch 85gr',2500.00,500,3000.00,'2016-02-13 15:27:20',1,0),('8999999036898','product','Sabun lux refil 250 ml','Soft Touch',11500.00,1500,13000.00,'2016-04-02 16:17:03',1,0),('8999999036904','product','Sabun lux refil 250ml','velvet touch',11500.00,1500,13000.00,'2016-03-14 11:52:04',1,0),('8999999036942','product','Sabun lux refil 250 ml','magical spell',11500.00,1500,13000.00,'2016-03-14 11:50:40',1,0),('8999999038137','product','Buahvita sirsak','',5400.00,1100,6500.00,'2016-02-19 14:32:01',1,0),('8999999039110','product','Shampo Dove','Total Hair Fall Treatment',17750.00,2250,20000.00,'2016-02-18 17:42:07',1,0),('8999999039165','product','Shampo Dove','Total Damage Treatment',17750.00,2250,20000.00,'2016-02-18 17:42:46',1,0),('8999999041656','product','ponds Men pollution out','100 gr',23500.00,1500,25000.00,'2016-04-11 12:08:34',1,0),('8999999044213','product','Zwitsal Baby Shampo','Aloe Vera, Kemiri, seledri',32400.00,1600,34000.00,'2016-02-15 13:02:24',1,0),('8999999045852','product','Sabun Lifebouy','Merah 75gr',2250.00,750,3000.00,'2016-02-13 15:29:04',1,0),('8999999045869','product','Sabun Lifebouy','Biru 75gr',2250.00,750,3000.00,'2016-02-13 15:28:35',1,0),('8999999045876','product','Sabun Lifebouy','Nature Pure',2500.00,500,3000.00,'2016-04-02 14:23:24',1,0),('8999999049393','product','Rexona Men Adventure','',12500.00,1500,14000.00,'2016-04-02 15:54:35',1,0),('8999999049409','product','Rexona Men','',12000.00,2000,14000.00,'2016-02-13 15:36:01',1,0),('8999999049430','product','Rexona Men','V8 Kuning',12500.00,1500,14000.00,'2016-02-15 13:12:22',1,0),('8999999049454','product','Rexona Women','Free Spirit',12000.00,2000,14000.00,'2016-02-13 16:23:59',1,0),('8999999049492','product','Rexona Women Powder Day','',12000.00,2000,14000.00,'2016-04-02 15:55:02',1,0),('8999999049508','product','Rexona Women','Shower Clean',12500.00,1500,14000.00,'2016-02-13 16:24:39',1,0),('8999999100506','product','Kecap Bango 600ml','',18000.00,1000,19000.00,'2016-02-13 16:25:56',1,0),('8999999195649','product','Teh Sari Wangi','',4250.00,750,5000.00,'2016-02-13 15:58:03',1,0),('8999999390198','product','Sunlight 800ml','',11500.00,1500,13000.00,'2016-02-13 16:12:40',1,0),('8999999401238','product','Rinso Anti Noda','900gr',15500.00,2500,18000.00,'2016-02-13 16:22:36',1,0),('8999999403119','product','Molto Softener','Spring Blue 900ml',11500.00,2500,14000.00,'2016-04-02 15:57:43',1,0),('8999999403188','product','Molto Pewangi','Blossom Pink',11500.00,2500,14000.00,'2016-02-13 17:01:07',1,0),('8999999406929','product','CIF Super Pell','aplle',8750.00,1250,10000.00,'2016-02-13 17:07:21',1,0),('8999999406943','product','cif super pell ','800 ml  lemon',8750.00,1250,10000.00,'2016-04-08 17:30:27',1,0),('8999999407919','product','Wipol Karbol Wangi','',13000.00,2000,15000.00,'2016-02-20 15:27:40',1,0),('8999999706180','product','Pepsodent Family','190gr',7500.00,1500,9000.00,'2016-02-20 15:37:42',1,1),('8999999706180-','product','Pepsodent','190gr',7500.00,1500,9000.00,'2016-04-02 11:44:45',1,1),('8999999707781','product','Pepsodent Whitening','',13500.00,1500,15000.00,'2016-04-02 14:19:54',1,0),('8999999707835','product','Close Up Deep Action','',5100.00,1400,6500.00,'2016-02-20 15:39:13',1,0),('8999999710866','product','Pepsodent Herbal','190gr',14000.00,1000,15000.00,'2016-02-15 12:57:37',1,0),('8999999716998','product','Pond\"s oil control','',20250.00,1750,22000.00,'2016-02-19 14:53:57',1,0),('8999999717025','product','Pond\"s clear solutions','',20250.00,1750,22000.00,'2016-02-19 14:53:01',1,0),('8999999717094','product','Pond White Beauty','100gr',20250.00,1750,22000.00,'2016-02-19 14:51:59',1,0),('8999999719418','product','Vaseline ','Healthy White ',24500.00,5500,30000.00,'2016-02-13 16:51:11',1,0),('9300830006472','product','AXE ','',27900.00,7100,35000.00,'2016-02-13 17:04:05',1,0),('9311931024036','product','Indocaffe cofemix','',1000.00,500,1500.00,'2016-03-17 11:05:40',1,0),('9311931201208','product','Teh Tarik','',1400.00,600,2000.00,'2016-02-13 16:32:02',1,0),('95508788','product','Rokok Marlboro Bck Menthol','',17500.00,2500,20000.00,'2016-02-13 15:46:42',1,0),('Beras 001','product','Beras BMD','Isi 25Kg',260000.00,10000,270000.00,'2016-02-15 13:45:39',1,0),('Cotton 001','product','Cotton Buds','',600.00,400,1000.00,'2016-02-20 15:32:02',1,0),('gillette goal II001','product','Gillette goal','kuning',4500.00,500,5000.00,'2016-02-19 15:57:37',1,0),('Glue001','product','Ichiban Power Glue','',2000.00,0,2000.00,'2016-04-02 14:34:35',1,0),('GULA0001','product','Gula Lokal','1 KG ',13000.00,1000,14000.00,'2016-02-15 13:26:36',1,0),('Gunting001','product','Gunting','',5000.00,0,5000.00,'2016-04-02 14:14:44',1,0),('Kaus 001','product','Kaus Kaki Dewasa','',5000.00,2000,7000.00,'2016-02-15 13:44:37',1,0),('Kaus 002','product','Stocking','',8000.00,1000,9000.00,'2016-02-15 13:44:57',1,0),('Kk001','product','Kaus Kaki Anak','',10000.00,0,10000.00,'2016-04-02 14:36:15',1,0),('Kopi 001','product','Kopi Kapal Api Seduh','',1000.00,1000,2000.00,'2016-02-15 13:32:23',1,0),('Kopi 002','product','Kopi Indocafe Seduh','',2000.00,1000,3000.00,'2016-02-15 13:33:48',1,0),('Kopi 003','product','Kopi ABC Susu Seduh','',2000.00,1000,3000.00,'2016-02-15 13:34:07',1,0),('Kopi 004','product','Kopi ABC Moca Seduh','',2000.00,1000,3000.00,'2016-02-15 13:34:26',1,0),('Kopi 005','product','Kopi Luwak Seduh','',2000.00,1000,3000.00,'2016-02-15 13:35:26',1,0),('Kopi 006','product','Kopi Good Day Seduh','',2000.00,1000,3000.00,'2016-02-15 13:36:11',1,0),('Kopi 007','product','Kopi Cappuchino Seduh','',3000.00,1000,4000.00,'2016-02-15 13:37:00',1,0),('Kopi 008','product','Kopi Less Sugar Seduh','Kapal Api',2000.00,1000,3000.00,'2016-02-15 13:39:09',1,0),('Kopi 009','product','Susu Jahe Seduh','',2000.00,1000,3000.00,'2016-02-15 13:40:01',1,0),('Kopi 010','product','Energen seduh','',2000.00,1000,3000.00,'2016-02-15 13:40:52',1,0),('Kopi 011','product','Nutrisari Seduh','',2000.00,1000,3000.00,'2016-02-15 13:41:22',1,0),('Kopi 012','product','Milo Seduh','',2000.00,1000,3000.00,'2016-02-15 13:41:37',1,0),('Kopi 013','product','Teh Tarik Seduh','',2000.00,1000,3000.00,'2016-02-15 13:42:21',1,0),('Korek api001','product','korek api ','Tokai',1000.00,1000,2000.00,'2016-02-19 15:55:59',1,0),('mini wafer001','product','nitchi mini wafer','roll',1833.00,1167,3000.00,'2016-02-21 19:29:33',1,0),('Pelayanan1000','jasa','Pelayanan1000','Masak AIR',0.00,1000,1000.00,'2016-02-21 18:26:27',1,0),('Pelayanan1250','jasa','Pelayanan 1250','',1250.00,0,1250.00,'2016-04-04 17:23:07',1,0),('Pelayanan1500','jasa','Pelayanan 1500','',1500.00,0,1500.00,'2016-04-04 17:23:36',1,0),('Pelayanan750','jasa','Pelayanan 750','',750.00,0,750.00,'2016-04-04 17:22:37',1,0),('permen0001','product','Mentos ','permen mentos per pcs ',200.00,50,250.00,'2016-02-22 17:08:45',1,0),('Permen002','product','Permen Kopiko','',200.00,50,250.00,'2016-04-02 16:22:11',1,0),('Pul001','product','Balpoint Joyko','',2200.00,800,3000.00,'2016-04-02 16:19:30',1,0),('Sirkam0001','product','Sirkam','',7000.00,0,7000.00,'2016-04-02 14:35:02',1,0),('Snack 001','product','Kacang Kulit','',2500.00,500,3000.00,'2016-02-15 13:47:00',1,0),('Snack 002','product','Aneka Snack 1','',2500.00,500,3000.00,'2016-02-15 13:47:49',1,0),('Snack 003','product','Aneka Snack 2','',800.00,200,1000.00,'2016-02-15 13:48:29',1,0),('Snack 004','product','Kerupuk ','',800.00,200,1000.00,'2016-02-15 13:48:58',1,0),('Snack 005','product','Permen Relaxa','',165.00,85,250.00,'2016-02-15 13:50:16',1,0),('Snack 1000','product','1000','',800.00,200,1000.00,'2016-04-08 13:26:41',1,0),('Snack 2000','product','Snack 2000','',1500.00,500,2000.00,'2016-04-08 13:25:53',1,0),('Snack 3000','product','Snack 3000','',2500.00,500,3000.00,'2016-04-08 17:20:18',1,0),('Snack 3500','product','Snack 3500','',3000.00,500,3500.00,'2016-04-08 13:26:22',1,0),('Tisue 001','product','Paseo 50sht','',1500.00,500,2000.00,'2016-02-15 13:43:09',1,0),('Tisue 002','product','Paseo 250sht','',6750.00,3250,10000.00,'2016-02-15 13:43:39',1,0),('yalkul001','product','Yakult','',1500.00,500,2000.00,'2016-02-19 14:28:00',1,0);

/*Table structure for table `master_barang_log` */

DROP TABLE IF EXISTS `master_barang_log`;

CREATE TABLE `master_barang_log` (
  `id` int(11) NOT NULL AUTO_INCREMENT,
  `kode_barang` varchar(255) DEFAULT NULL,
  `type` enum('product','jasa') DEFAULT 'product',
  `nama_barang` varchar(255) DEFAULT NULL,
  `deskripsi` varchar(255) DEFAULT NULL,
  `harga_beli` decimal(20,2) DEFAULT '0.00',
  `presentase` int(20) DEFAULT '0',
  `harga_jual` decimal(20,2) DEFAULT '0.00',
  `created_timestamp` timestamp NOT NULL DEFAULT CURRENT_TIMESTAMP,
  `status` tinyint(1) DEFAULT '0',
  `hapus` tinyint(1) NOT NULL DEFAULT '0' COMMENT 'Jika 1 = DELETE',
  `account_id` int(11) DEFAULT NULL,
  PRIMARY KEY (`id`,`hapus`)
) ENGINE=InnoDB AUTO_INCREMENT=208 DEFAULT CHARSET=latin1;

/*Data for the table `master_barang_log` */

insert  into `master_barang_log`(`id`,`kode_barang`,`type`,`nama_barang`,`deskripsi`,`harga_beli`,`presentase`,`harga_jual`,`created_timestamp`,`status`,`hapus`,`account_id`) values (1,'0711844330115','product','ABC Sarden ','',13900.00,4100,18000.00,'2016-02-13 16:46:39',1,0,7),(2,'8991001111289','product','silver queen','',5500.00,1000,6500.00,'2016-02-21 19:27:21',1,0,7),(3,'7622210476043','product','cjips ahoy','cookies',7000.00,1500,8500.00,'2016-02-21 19:25:56',1,0,7),(4,'0711844120310','product','Saos sambel ABC sachet','',5500.00,1500,7000.00,'2016-02-19 14:48:32',1,0,7),(5,'8999988888811','product','Larutan cap kaki tiga','Rasa Jambu',4000.00,1000,5000.00,'2016-02-20 15:29:25',1,0,7),(6,'4800361347655','product','Lactogrow 3','Usia 1-3',84000.00,4000,88000.00,'2016-02-15 13:18:08',1,0,7),(7,'8992696427006','product','Lactogen 4 Gold','',81000.00,4000,85000.00,'2016-02-19 10:58:45',1,0,7),(8,'8990057882730','product','Bebelac 3','Rasa Madu 800gr',106500.00,3500,110000.00,'2016-02-18 17:34:49',1,0,7),(9,'8992696407701','product','Dancow 3+','Rasa Vanila',78000.00,4000,82000.00,'2016-02-18 17:33:54',1,0,7),(10,'8993189272165','product','Mamy Poko Pants XXL 24','celana',57000.00,4000,61000.00,'2016-02-19 11:01:05',1,0,7),(11,'8991906101019','product','Djarum Super','',12650.00,2350,15000.00,'2016-02-13 15:41:57',1,0,7),(12,'8993989311699','product','Class Mild','',14650.00,1350,16000.00,'2016-02-13 16:38:52',1,0,7),(13,'8992752116233','product','mizone ','apple guava',2750.00,1250,4000.00,'2016-02-19 17:04:25',1,0,7),(14,'8998989110167','product','GG Surya 16','',15950.00,3050,19000.00,'2016-02-13 15:22:55',1,0,7),(15,'8999909096004','product','Sampoerna Mild','Sampoerna Merah',16500.00,1500,18000.00,'2016-02-13 15:17:06',1,0,7),(16,'8998866607315','product','So Klin Softergent','',14000.00,1000,15000.00,'2016-02-13 16:36:19',1,0,7),(17,'8998989100120','product','Gudang Garam Filter','Isi 12 batang',12300.00,2700,15000.00,'2016-02-13 15:42:47',1,0,7),(18,'Kaus 001','product','Kaus Kaki Dewasa','',5000.00,2000,7000.00,'2016-02-15 13:44:37',1,0,7),(19,'8990057882761','product','Bebelac 4','Rasa Vanila 800gr',98000.00,4000,102000.00,'2016-02-18 17:35:32',1,0,7),(20,'8999909028234','product','Dji Sam Soe 12','12 batang',12975.00,1525,14500.00,'2016-02-13 15:18:47',1,0,7),(21,'4800361347655','product','Lactogrow 3','Usia 1-3',84000.00,4000,88000.00,'2016-02-15 13:18:08',1,0,7),(22,'8992696407701','product','Dancow 3+','Rasa Vanila',78000.00,4000,82000.00,'2016-02-18 17:33:54',1,0,7),(23,'8992696407701','product','Dancow 3+','Rasa Vanila',79000.00,4000,83000.00,'2016-02-18 17:33:54',1,0,7),(24,'4800361347815','product','lactogrow 1','',91000.00,4000,95000.00,'2016-02-26 11:02:01',1,0,7),(25,'8992696405257','product','dancow fortigro','instan coklat',69000.00,4000,73000.00,'2016-02-26 10:55:15',1,0,7),(26,'8999999710866','product','Pepsodent Herbal','190gr',13000.00,1000,14000.00,'2016-02-15 12:57:37',1,0,7),(27,'8999999710866','product','Pepsodent Herbal','190gr',14000.00,1000,15000.00,'2016-02-15 12:57:37',1,0,7),(28,'8993189272134','product','Mamy Poko Pants','Standard Ukuran M isi 34',54000.00,4000,58000.00,'2016-02-18 17:38:27',1,0,7),(29,'8992753883707','product','Frisian Flag Karya','4-6 Rasa Madu 800gr',76000.00,4000,80000.00,'2016-02-18 17:36:40',1,0,7),(30,'8992753883707','product','Frisian Flag Karya','4-6 Rasa Madu 800gr',77000.00,4000,81000.00,'2016-02-18 17:36:40',1,0,7),(31,'8992696427266','product','Datita 3-5','',75000.00,5000,80000.00,'2016-02-18 17:32:58',1,0,7),(32,'8992696415072','product','dancow 5+_','vanila',79000.00,4000,83000.00,'2016-02-27 13:14:11',1,0,7),(33,'8992696405448','product','dancow fortigro','instan putih',73000.00,5000,78000.00,'2016-02-26 10:57:06',1,0,7),(34,'8993189272165','product','Mamy Poko Pants XXL 24','celana',57000.00,4000,61000.00,'2016-02-19 11:01:05',1,0,7),(35,'8993189272134','product','Mamy Poko Pants','Standard Ukuran M isi 34',54000.00,4000,58000.00,'2016-02-18 17:38:27',1,0,7),(36,'8999999029616','product','Clear Ice Cool','',18500.00,2500,21000.00,'2016-02-13 15:50:10',1,0,7),(37,'8999999029685','product','Clear Cmpl. Care','',18500.00,2500,21000.00,'2016-02-13 15:49:43',1,0,7),(38,'8999999029616','product','Clear Ice Cool','',19000.00,2500,21500.00,'2016-02-13 15:50:10',1,0,7),(39,'8992696405448','product','dancow fortigro','instan putih',73000.00,5000,78000.00,'2016-02-26 10:57:06',1,0,7),(40,'0089686010343','product','Indokie Soto Mie','',1850.00,450,2300.00,'2016-02-22 12:53:56',1,0,7),(41,'0711844120310','product','Saos sambel ABC sachet','',5500.00,1500,7000.00,'2016-02-19 14:48:32',1,0,7),(42,'4800361347815','product','lactogrow 1','',91000.00,4000,95000.00,'2016-02-26 11:02:01',1,0,7),(43,'4902430400879','product','shampoo pantene','silky smooth care',20500.00,1500,22000.00,'2016-03-02 11:49:55',1,0,7),(44,'4902430400879','product','Shampoo Pantene','Silky Smooth Care',20500.00,1500,22000.00,'2016-03-02 11:49:55',1,0,7),(45,'4902430432269','product','shampoo rejoice','soft  & smooth',18000.00,2000,20000.00,'2016-03-02 11:58:06',1,0,7),(46,'76164217','product','Marlboro Merah','',17500.00,2500,20000.00,'2016-02-13 15:17:50',1,0,7),(47,'76239878','product','Marlboro Putih','',17500.00,2500,20000.00,'2016-02-13 15:46:05',1,0,7),(48,'8991906101019','product','Djarum Super','',12650.00,2350,15000.00,'2016-02-13 15:41:57',1,0,7),(49,'8991906101057','product','LA Light','',14000.00,3000,17000.00,'2016-02-20 16:05:43',1,0,7),(50,'8991906101071','product','LA Menthol','',14000.00,3000,17000.00,'2016-02-20 16:06:05',1,0,7),(51,'8991906101101','product','LA Ice','',14000.00,3000,17000.00,'2016-02-13 16:03:03',1,0,7),(52,'8991906101316','product','Djarum Black Mild','',12000.00,3000,15000.00,'2016-02-13 15:43:25',1,0,7),(53,'8991906101361','product','Djarum Super Mild','',14500.00,1500,16000.00,'2016-02-20 16:16:40',1,0,7),(54,'8991906105758','product','LA Bold','',13700.00,1300,15000.00,'2016-02-18 11:59:59',1,0,7),(55,'8991911101011','product','Envio mild','',11800.00,1200,13000.00,'2016-02-19 14:40:55',1,0,7),(56,'8992628020152','product','Minyak Goreng ','Bimoli 2 lt',22000.00,1000,23000.00,'2016-02-13 15:59:13',1,0,7),(57,'8995078803078','product','U Mild','',11400.00,1600,13000.00,'2016-02-13 15:41:20',1,0,7),(58,'8997018460150','product','Marlboro Ice Blast','',17500.00,2500,20000.00,'2016-02-20 16:02:27',1,0,7),(59,'8998127311173','product','Star Mild','',14750.00,1250,16000.00,'2016-02-13 15:45:39',1,0,7),(60,'8998127514123','product','Dunhill Mild','',15750.00,2250,18000.00,'2016-02-13 16:01:15',1,0,7),(61,'8998989100120','product','Gudang Garam Filter','Isi 12 batang',12300.00,2700,15000.00,'2016-02-13 15:42:47',1,0,7),(62,'8998989110167','product','GG Surya 16','',15950.00,3050,19000.00,'2016-02-13 15:22:55',1,0,7),(63,'8998989121163','product','Surya Pro Merah','',13700.00,1300,15000.00,'2016-02-13 15:21:21',1,0,7),(64,'8998989300391','product','Surya Pro Mild','',10200.00,2800,13000.00,'2016-02-13 15:20:41',1,0,7),(65,'8999909000162','product','Magnum Blue','',11950.00,2050,14000.00,'2016-02-13 15:39:58',1,0,7),(66,'8999909000377','product','Sampoerna Evolution','',17100.00,1900,19000.00,'2016-02-18 17:29:36',1,0,7),(67,'8999909001909','product','Magnum Black','',12200.00,1800,14000.00,'2016-02-15 13:05:23',1,0,7),(68,'8999909010567','product','Dji Sam Soe 16','16 batang',15850.00,1150,17000.00,'2016-02-13 16:17:22',1,0,7),(69,'8999909028234','product','Dji Sam Soe 12','12 batang',12975.00,2025,15000.00,'2016-02-13 15:18:47',1,0,7),(70,'8999909028999','product','Dji Sam Soe ','Super Premium Reffil',15350.00,1650,17000.00,'2016-02-20 16:08:27',1,0,7),(71,'8999909076006','product','Sampoerna Menthol','',15450.00,2550,18000.00,'2016-02-13 15:19:57',1,0,7),(72,'8999909096004','product','Sampoerna Mild','Sampoerna Merah',16500.00,1500,18000.00,'2016-02-13 15:17:06',1,0,7),(73,'95508788','product','Marlboro Bck Menthol','',17500.00,2500,20000.00,'2016-02-13 15:46:42',1,0,7),(74,'4800361347655','product','Lactogrow 3','Usia 1-3',84000.00,4000,88000.00,'2016-02-15 13:18:08',1,0,7),(75,'4800361347815','product','Lactogrow 1','',91000.00,4000,95000.00,'2016-02-26 11:02:01',1,0,7),(76,'8851111400584','product','mamypoko extra dry','biru  xxl 28',82000.00,4000,86000.00,'2016-03-14 11:38:58',1,0,7),(77,'8888166330306','product','biskuit lemonia','lemon',5500.00,1500,7000.00,'2016-02-21 19:22:09',1,0,7),(78,'8888166336568','product','crispy crackers','nissin',7000.00,2000,9000.00,'2016-02-21 19:16:44',1,0,7),(79,'8888166336605','product','wafer nissin','chocolate',7000.00,1500,8500.00,'2016-02-21 19:09:05',1,0,7),(80,'8888166337305','product','wafer nissin','strawberry',7000.00,1500,8500.00,'2016-02-21 19:08:11',1,0,7),(81,'8888166603240','product','cream biskuit coklat','serena',8000.00,2000,10000.00,'2016-02-21 19:02:25',1,0,7),(82,'8888166609365','product','biskuit lemonia','chocolate',5500.00,1500,7000.00,'2016-02-21 19:21:09',1,0,7),(83,'8888166842557','product','genji pie','monde',7000.00,1500,8500.00,'2016-02-21 19:05:40',1,0,7),(84,'8888166989474','product','wafer nissin','susu',7000.00,1500,8500.00,'2016-02-21 19:07:08',1,0,7),(85,'8888166991125','product','butter cookies','monde',13000.00,2000,15000.00,'2016-02-21 18:52:38',1,0,7),(86,'8888166991484','product','biskuit mentega klapa','mentega klapa nissin',8500.00,1500,10000.00,'2016-02-21 19:13:04',1,0,7),(87,'8888166991491','product','biskuit kopi susu','coffee milk nissin',8500.00,1500,10000.00,'2016-02-21 19:11:36',1,0,7),(88,'8888166996083','product','biskuit klapa ijo','nissin',5500.00,1500,7000.00,'2016-02-21 18:57:19',1,0,7),(89,'8990057882730','product','Bebelac 3','Rasa Madu 800gr',106500.00,3500,110000.00,'2016-02-18 17:34:49',1,0,7),(90,'8990057882761','product','Bebelac 4','Rasa Vanila 800gr',100000.00,4000,104000.00,'2016-02-18 17:35:32',1,0,7),(91,'8991001111289','product','silver queen','',5500.00,1000,6500.00,'2016-02-21 19:27:21',1,0,7),(92,'8991001301017','product','meses ceres','',8750.00,1250,10000.00,'2016-02-21 19:19:51',1,0,7),(93,'8991001770011','product','sandwich biskuit selamat','chocolate',9000.00,2000,11000.00,'2016-02-21 19:00:09',1,0,7),(94,'8991002101630','product','ABC Kopi Susu','',900.00,600,1500.00,'2016-02-13 16:27:09',1,0,7),(95,'8991002101746','product','ABC Mocca','',900.00,600,1500.00,'2016-02-15 13:16:25',1,0,7),(96,'8991002103238','product','Good Day Mchn','Mochachino',930.00,570,1500.00,'2016-02-13 15:48:25',1,0,7),(97,'8991002103764','product','Good Day Cpchn','Caphuchino',1300.00,700,2000.00,'2016-02-13 15:48:55',1,0,7),(98,'8991002121010','product','Good Day Mchn','Botol 250 ml',4500.00,1500,6000.00,'2016-02-13 16:11:51',1,0,7),(99,'8991102300421','product','wafer tango','chocolate',9000.00,2000,11000.00,'2016-02-21 18:48:05',1,0,7),(100,'8991102300544','product','wafer Tango','susu vanila',9000.00,2000,11000.00,'2016-02-21 18:46:49',1,0,7),(101,'8992696405257','product','dancow fortigro','instan coklat',69000.00,4000,73000.00,'2016-02-26 10:55:15',1,0,7),(102,'8992696405448','product','dancow fortigro','instan putih',73000.00,5000,78000.00,'2016-02-26 10:57:06',1,0,7),(103,'8992696405448','product','Dancow Fortigro','instan putih',73000.00,5000,78000.00,'2016-02-26 10:57:06',1,0,7),(104,'8992696407701','product','Dancow 3+','Rasa Vanila',79000.00,4000,83000.00,'2016-02-18 17:33:54',1,0,7),(105,'8992696415072','product','dancow 5+_','vanila',79000.00,4000,83000.00,'2016-02-27 13:14:11',1,0,7),(106,'8992696420472','product','Milo 3 in 1','1kg',78000.00,5000,83000.00,'2016-03-05 12:03:40',1,0,7),(107,'8992696427006','product','Lactogen 4 Gold','',81000.00,4000,85000.00,'2016-02-19 10:58:45',1,0,7),(108,'8992696427266','product','Datita 3-5','',75000.00,5000,80000.00,'2016-02-18 17:32:58',1,0,7),(109,'8992752116233','product','mizone ','apple guava',2750.00,1250,4000.00,'2016-02-19 17:04:25',1,0,7),(110,'8992753031894','product','SKM Sachet Putih','',1100.00,400,1500.00,'2016-02-13 16:31:03',1,0,7),(111,'8992753100101','product','SKM Gold','',12400.00,1100,13500.00,'2016-02-13 16:35:23',1,0,7),(112,'8992753102204','product','SKM Coklat','',8500.00,500,9000.00,'2016-02-13 16:10:17',1,0,7),(113,'8992753883707','product','Frisian Flag Karya','4-6 Rasa Madu 800gr',77000.00,4000,81000.00,'2016-02-18 17:36:40',1,0,7),(114,'8992760221028','product','oreo','roll',6000.00,1500,7500.00,'2016-02-21 19:15:15',1,0,7),(115,'8992772198035','product','kispray pelicin','refil 300ml',3750.00,1250,5000.00,'2016-03-07 14:31:39',1,0,7),(116,'8993175537360','product','wafer nabati','chocolate',7500.00,1500,9000.00,'2016-02-21 18:55:48',1,0,7),(117,'8993989311699','product','Class Mild','',14650.00,1350,16000.00,'2016-02-13 16:38:52',1,0,7),(118,'8994755030431','product','good time cookies','chocolate',6500.00,1500,8000.00,'2016-02-21 19:24:24',1,0,7),(119,'8999999029616','product','Clear Ice Cool','',19000.00,2500,21500.00,'2016-02-13 15:50:10',1,0,7),(120,'8999999029685','product','Clear Cmpl. Care','',19000.00,2500,21500.00,'2016-02-13 15:49:43',1,0,7),(121,'8999999036904','product','sabun lux refil 250ml','velvet touch',11500.00,1500,13000.00,'2016-03-14 11:52:04',1,0,7),(122,'8999999036942','product','sabun lux refil 250 ml','magical spell',11500.00,1500,13000.00,'2016-03-14 11:50:40',1,0,7),(123,'8999999717094','product','pond\"s white beauty','100gr',20250.00,1750,22000.00,'2016-02-19 14:51:59',1,0,7),(124,'8996001302026','product','malkist roma','',4500.00,1500,6000.00,'2016-02-21 19:17:44',1,0,7),(125,'yalkul001','product','yakul','',1500.00,500,2000.00,'2016-02-19 14:28:00',1,0,7),(126,'8992696427006','product','Susu Lactogen 4 Gold','',81000.00,4000,85000.00,'2016-02-19 10:58:45',1,0,7),(127,'0749921006158','product','Nutri Sari Jambu','',910.00,590,1500.00,'2016-02-13 16:15:27',1,0,7),(128,'0089686060126','product','Pop Mie Rasa Baso','',3350.00,650,4000.00,'2016-02-13 16:07:52',1,0,7),(129,'8999999717094','product','Pond','100gr',20250.00,1750,22000.00,'2016-02-19 14:51:59',1,0,7),(130,'8995227500292','product','Larutan cap kaki tiga','Melon',4500.00,500,5000.00,'2016-04-02 16:57:10',1,0,7),(131,'8999999029579','product','Shampo Clear Men','',19500.00,2500,22000.00,'2016-04-02 16:52:47',1,0,7),(132,'8996006855145','product','Teh Botol','450ml',4500.00,1500,6000.00,'2016-02-13 15:36:39',1,0,7),(133,'8858891302152','product','Ichitan Strawberry','',3500.00,1500,5000.00,'2016-04-02 16:50:30',1,0,7),(134,'/8886057883665','product','kratingdaeng','',3500.00,1000,4500.00,'2016-04-07 11:59:43',1,0,7),(135,'/8886057883665','product','kratingdaeng','',3500.00,1000,4500.00,'2016-04-07 11:59:43',1,0,7),(136,'8991906101057','product','Rokok LA Light','',14000.00,3000,17000.00,'2016-02-20 16:05:43',1,0,7),(137,'8991906105758','product','Rokok LA Bold','',13700.00,1300,15000.00,'2016-02-18 11:59:59',1,0,7),(138,'8991906101019','product','Rokok Djarum Super','',12650.00,2350,15000.00,'2016-02-13 15:41:57',1,0,7),(139,'8991906101057','product','Rokok LA Light','',14200.00,2800,17000.00,'2016-02-20 16:05:43',1,0,7),(140,'8999999406943','product','super pell','800 ml',8000.00,2000,10000.00,'2016-04-08 17:30:27',1,0,7),(141,'8999999406929','product','CIF Super Pell','',8750.00,1250,10000.00,'2016-02-13 17:07:21',1,0,7),(142,'8999999406943','product','super pell lemon','800 ml',8000.00,2000,10000.00,'2016-04-08 17:30:27',1,0,7),(143,'8999999029326','product','Shampo Sunsilk','Nourishing Soft & Smoot',16500.00,2000,18500.00,'2016-02-20 15:58:42',1,0,7),(144,'8998127514123','product','Rokok Dunhill Mild','',15750.00,2250,18000.00,'2016-02-13 16:01:15',1,0,7),(145,'8998989110167','product','Rokok GG Surya 16','',15950.00,3050,19000.00,'2016-02-13 15:22:55',1,0,7),(146,'8999909096004','product','Rokok Sampoerna Mild','Sampoerna Merah',16500.00,1500,18000.00,'2016-02-13 15:17:06',1,0,7),(147,'76164217','product','Rokok Marlboro Merah','',17500.00,2500,20000.00,'2016-02-13 15:17:50',1,0,7),(148,'76239878','product','Rokok Marlboro Putih','',17500.00,2500,20000.00,'2016-02-13 15:46:05',1,0,7),(149,'8999909028234','product','Rokok Dji Sam Soe 12','12 batang',12975.00,2025,15000.00,'2016-02-13 15:18:47',1,0,7),(150,'8999909010567','product','Rokok Dji Sam Soe 16','16 batang',15850.00,1150,17000.00,'2016-02-13 16:17:22',1,0,7),(151,'8995078803078','product','Rokok U Mild','',11400.00,1600,13000.00,'2016-02-13 15:41:20',1,0,7),(152,'8998989100120','product','Rokok Gudang Garam Filter','Isi 12 batang',12300.00,2700,15000.00,'2016-02-13 15:42:47',1,0,7),(153,'8998989300391','product','Rokok Surya Pro Mild','',10200.00,2800,13000.00,'2016-02-13 15:20:41',1,0,7),(154,'8991906101019','product','Rokok Djarum Super','',13500.00,1500,15000.00,'2016-02-13 15:41:57',1,0,7),(155,'8999909076006','product','Rokok Sampoerna Menthol','',15450.00,2550,18000.00,'2016-02-13 15:19:57',1,0,7),(156,'8991911101011','product','Rokok Envio mild','',11800.00,1200,13000.00,'2016-02-19 14:40:55',1,0,7),(157,'8999999401238','product','Rinso Anti Noda','900gr',14500.00,2500,17000.00,'2016-02-13 16:22:36',1,0,7),(158,'8999999100506','product','Kecap Bango 600ml','',17750.00,1250,19000.00,'2016-02-13 16:25:56',1,0,7),(159,'8999999407919','product','Wipol Karbol Wangi','',11500.00,1000,12500.00,'2016-02-20 15:27:40',1,0,7),(160,'8999999001124','product','Lifebouy Mild Care','250ml',11250.00,750,12000.00,'2016-02-13 16:40:13',1,0,7),(161,'Tisue 002','product','Paseo 250sht','',7000.00,3000,10000.00,'2016-02-15 13:43:39',1,0,7),(162,'Tisue 002','product','Paseo 250sht','',6750.00,3250,10000.00,'2016-02-15 13:43:39',1,0,7),(163,'8886001026025','product','Astor Chocolate Wafer Stick','',10000.00,1000,11000.00,'2016-04-02 15:55:34',1,0,7),(164,'8888166991491','product','Biskuit kopi susu','coffee milk nissin',8500.00,1500,10000.00,'2016-02-21 19:11:36',1,0,7),(165,'8991001111289','product','Silver Queen','',5500.00,1000,6500.00,'2016-02-21 19:27:21',1,0,7),(166,'8992760221028','product','Oreo','roll',6000.00,1500,7500.00,'2016-02-21 19:15:15',1,0,7),(167,'8992760221028','product','Oreo','',6500.00,1500,8000.00,'2016-02-21 19:15:15',1,0,7),(168,'8996001302637','product','Malkist Roma','Cokelat',5000.00,1500,6500.00,'2016-04-12 12:59:58',1,0,7),(169,'8996001302026','product','Malkist roma','',4500.00,1500,6000.00,'2016-02-21 19:17:44',1,0,7),(170,'8996001302637','product','Malkist Roma','Cokelat',4500.00,1500,6000.00,'2016-04-12 12:59:58',1,0,7),(171,'8999909096004','product','Rokok Sampoerna Mild','Sampoerna Merah',16575.00,2425,19000.00,'2016-02-13 15:17:06',1,0,7),(172,'8998989110167','product','Rokok GG Surya 16','',17450.00,1550,19000.00,'2016-02-13 15:22:55',1,0,7),(173,'8999909076006','product','Rokok Sampoerna Menthol','',16550.00,2450,19000.00,'2016-02-13 15:19:57',1,0,7),(174,'8996001600306','product','Kopiko 78','mocharetta',3700.00,1300,5000.00,'2016-04-12 16:05:35',1,0,7),(175,'8991002121010','product','Good Day Mchn','Botol 250 ml',4500.00,1500,6000.00,'2016-02-13 16:11:51',1,0,7),(176,'8998009020186','product','Buahvita guava','',5400.00,1100,6500.00,'2016-02-19 14:33:00',1,0,7),(177,'8992752116233','product','Mizone ','apple guava',2750.00,1250,4000.00,'2016-02-19 17:04:25',1,0,7),(178,'8996001600146','product','Teh Pucuk','',2083.00,1917,4000.00,'2016-02-13 15:52:35',1,0,7),(179,'8998009040023','product','Teh Kotak','200 ml',2550.00,1450,4000.00,'2016-03-14 11:47:41',1,0,7),(180,'8998009020223','product','Buahvita apple','250 ml',5500.00,1000,6500.00,'2016-04-12 16:13:26',1,0,7),(181,'8998009020223','product','Buahvita apple','250 ml',5458.00,1042,6500.00,'2016-04-12 16:13:26',1,0,7),(182,'8990057882716','product','Susu Bebelove 1','0-6 bulan',133000.00,3000,136000.00,'2016-04-06 11:54:39',1,0,7),(183,'8992696405448','product','Susu Dancow Fortigro','instan putih',73000.00,5000,78000.00,'2016-02-26 10:57:06',1,0,7),(184,'8992753100101','product','Susu SKM Gold','',12400.00,1100,13500.00,'2016-02-13 16:35:23',1,0,7),(185,'8993176110081','product','Minyak Kayu Putih Lang','Isi 30ml',7500.00,1000,8500.00,'2016-02-18 17:40:51',1,0,7),(186,'8999999029685','product','Shampo Clear Cmpl. Care','',19000.00,2500,21500.00,'2016-02-13 15:49:43',1,0,7),(187,'8999999033217','product','Shampo Lifebouy','Biru 170ml',12750.00,2250,15000.00,'2016-02-13 15:24:03',1,0,7),(188,'8999999033170','product','Shampo Lifebouy','Hijau 170ml',12750.00,2250,15000.00,'2016-02-13 15:24:42',1,0,7),(189,'4902430400947','product','Shampo Pantene','Anti Dandruff 170ml',21000.00,1000,22000.00,'2016-02-13 16:21:45',1,0,7),(190,'8886001038011','product','Beng beng 22gr','',1300.00,700,2000.00,'2016-02-13 15:33:48',1,0,7),(191,'8991002105423','product','Kopi kapal Api','Bubuk 165gr',10250.00,1750,12000.00,'2016-02-20 15:11:50',1,0,7),(192,'8999999390198','product','Sunlight 800ml','',11500.00,1500,13000.00,'2016-02-13 16:12:40',1,0,7),(193,'8991002101630','product','Kopi ABC Kopi Susu','',900.00,600,1500.00,'2016-02-13 16:27:09',1,0,7),(194,'9311931201208','product','Teh Tarik','',1350.00,150,1500.00,'2016-02-13 16:32:02',1,0,7),(195,'8992696430204','product','Milo Sachet','',1250.00,250,1500.00,'2016-02-13 16:29:47',1,0,7),(196,'8992696430204','product','Milo Sachet','',1750.00,250,2000.00,'2016-02-13 16:29:47',1,0,7),(197,'Permen002','product','Permen Kopiko','',200.00,50,250.00,'2016-04-02 16:22:11',1,0,7),(198,'8992933453119','product','Susu Jahe','',800.00,700,1500.00,'2016-02-13 16:09:17',1,0,7),(199,'8996001414002','product','Kopi Tora Bika Caooucino','',2500.00,500,3000.00,'2016-04-02 14:27:40',1,0,7),(200,'8992628020152','product','Minyak Bimoli ','Bimoli 2 lt',22000.00,1000,23000.00,'2016-02-13 15:59:13',1,0,7),(201,'8994171101289','product','Luwak White Cofee','',900.00,600,1500.00,'2016-02-13 16:06:33',1,0,7),(202,'8992696407701','product','Susu Dancow 3+','Rasa Vanila',79000.00,4000,83000.00,'2016-02-18 17:33:54',1,0,7),(203,'8997032711115','product','biskies chocolate','108 gr',5500.00,1500,7000.00,'2016-04-13 12:36:13',1,0,7),(204,'8997032711122','product','Biskies','',5500.00,1500,7000.00,'2016-04-02 15:57:03',1,0,7),(205,'8997032711023','product','Biskies','',1600.00,900,2500.00,'2016-04-02 15:59:48',1,0,7),(206,'8997032711016','product','biskies coklat','36 gr',1500.00,1000,2500.00,'2016-04-13 12:34:35',1,0,7),(207,'8992727005302','product','Attack Jazz','',12900.00,3100,16000.00,'2016-02-13 16:45:54',1,0,7);

/*Table structure for table `master_departemen` */

DROP TABLE IF EXISTS `master_departemen`;

CREATE TABLE `master_departemen` (
  `kode_departemen` int(11) NOT NULL AUTO_INCREMENT,
  `nama_departemen` varchar(255) DEFAULT NULL,
  `keterangan` varchar(255) DEFAULT NULL,
  `created_time` timestamp NULL DEFAULT CURRENT_TIMESTAMP,
  `hapus` tinyint(1) DEFAULT '0',
  PRIMARY KEY (`kode_departemen`)
) ENGINE=InnoDB AUTO_INCREMENT=29 DEFAULT CHARSET=utf8;

/*Data for the table `master_departemen` */

insert  into `master_departemen`(`kode_departemen`,`nama_departemen`,`keterangan`,`created_time`,`hapus`) values (1,'A&G','A&G','2016-02-12 16:45:49',0),(2,'Accounting','Accounting','2016-02-12 16:45:49',0),(3,'Engineering','Engineering','2016-02-12 16:45:49',0),(4,'FB/Banquet Opr','FB/Banquet Opr','2016-02-12 16:45:49',0),(5,'FB/Gallery Rest','FB/Gallery Rest','2016-02-12 16:45:49',0),(6,'FB/Lobby Lounge & Bar','FB/Lobby Lounge & Bar','2016-02-12 16:45:49',0),(7,'FB/Mini Bar','FB/Mini Bar','2016-02-12 16:45:49',0),(8,'FB/O Cafe','FB/O Cafe','2016-02-12 16:45:49',0),(9,'FB/Room Service','FB/Room Service','2016-02-12 16:45:49',0),(10,'FB/Sapphire Lounge & Bar','FB/Sapphire Lounge & Bar','2016-02-12 16:45:49',0),(11,'Fitness & Spa','Fitness & Spa','2016-02-12 16:45:49',0),(12,'FO','FO','2016-02-12 16:45:49',0),(13,'FO/Concierge','FO/Concierge','2016-02-12 16:45:49',0),(14,'FO/Operator','FO/Operator','2016-02-12 16:45:49',0),(15,'FO/Reservation','FO/Reservation','2016-02-12 16:45:49',0),(16,'Housekeeping','Housekeeping','2016-02-12 16:45:49',0),(17,'HRD','HRD','2016-02-12 16:45:49',0),(18,'Kitchen/Admin','Kitchen/Admin','2016-02-12 16:45:49',0),(19,'Kitchen/Banquet','Kitchen/Banquet','2016-02-12 16:45:49',0),(20,'Kitchen/Commissary','Kitchen/Commissary','2016-02-12 16:45:49',0),(21,'Kitchen/Gallery','Kitchen/Gallery','2016-02-12 16:45:49',0),(22,'Kitchen/Oriental','Kitchen/Oriental','2016-02-12 16:45:49',0),(23,'Kitchen/Pastry','Kitchen/Pastry','2016-02-12 16:45:49',0),(24,'Kitchen/Steward','Kitchen/Steward','2016-02-12 16:45:49',0),(25,'Laundry','Laundry','2016-02-12 16:45:49',0),(26,'Sales & Marketing','Sales & Marketing','2016-02-12 16:45:49',0),(27,'Sales & Marketing/PR','Sales & Marketing/PR','2016-02-12 16:45:49',0),(28,'Security','Security','2016-02-12 16:45:49',0);

/*Table structure for table `master_jabatan` */

DROP TABLE IF EXISTS `master_jabatan`;

CREATE TABLE `master_jabatan` (
  `kode_jabatan` int(11) NOT NULL AUTO_INCREMENT,
  `nama_jabatan` varchar(255) DEFAULT '',
  `keterangan` varchar(255) DEFAULT '',
  `created_time` timestamp NULL DEFAULT CURRENT_TIMESTAMP,
  `hapus` tinyint(1) DEFAULT '0',
  PRIMARY KEY (`kode_jabatan`)
) ENGINE=InnoDB AUTO_INCREMENT=63 DEFAULT CHARSET=utf8;

/*Data for the table `master_jabatan` */

insert  into `master_jabatan`(`kode_jabatan`,`nama_jabatan`,`keterangan`,`created_time`,`hapus`) values (1,'BC Supervisor','BC Supervisor','2016-02-12 16:58:52',0),(2,'AP Supervisor','AP Supervisor','2016-02-12 16:58:52',0),(3,'Cost Control Supervisor','Cost Control Supervisor','2016-02-12 16:58:52',0),(4,'AR Supervisor','AR Supervisor','2016-02-12 16:58:52',0),(5,'AP Staff','AP Staff','2016-02-12 16:58:52',0),(6,'Storekeeper','Storekeeper','2016-02-12 16:58:52',0),(7,'Purchasing Clerk','Purchasing Clerk','2016-02-12 16:58:52',0),(8,'Staff Can Fix It','Staff Can Fix It','2016-02-12 16:58:52',0),(9,'Engineering Supervisor','Engineering Supervisor','2016-02-12 16:58:52',0),(10,'Tehnician','Tehnician','2016-02-12 16:58:52',0),(11,'Sr. Technician','Sr. Technician','2016-02-12 16:58:52',0),(12,'Elcom Leader','Elcom Leader','2016-02-12 16:58:52',0),(13,'Senior Admin','Senior Admin','2016-02-12 16:58:52',0),(14,'Technician','Technician','2016-02-12 16:58:52',0),(15,'Mechanic','Mechanic','2016-02-12 16:58:52',0),(16,'Asst Chief Engineer','Asst Chief Engineer','2016-02-12 16:58:52',0),(17,'Captain','Captain','2016-02-12 16:58:52',0),(18,'Attendant','Attendant','2016-02-12 16:58:52',0),(19,'Asst. Manager','Asst. Manager','2016-02-12 16:58:52',0),(20,'Supervisor','Supervisor','2016-02-12 16:58:52',0),(21,'Manager','Manager','2016-02-12 16:58:52',0),(22,'Instructur','Instructur','2016-02-12 16:58:52',0),(23,'Duty Manager','Duty Manager','2016-02-12 16:58:52',0),(24,'FDA','FDA','2016-02-12 16:58:52',0),(25,'GRO','GRO','2016-02-12 16:58:52',0),(26,'Asst. FOM','Asst. FOM','2016-02-12 16:58:52',0),(27,'FOM','FOM','2016-02-12 16:58:52',0),(28,'Driver','Driver','2016-02-12 16:58:52',0),(29,'Bellboy','Bellboy','2016-02-12 16:58:52',0),(30,'Doorman','Doorman','2016-02-12 16:58:52',0),(31,'Operator','Operator','2016-02-12 16:58:52',0),(32,'Reservation Clerk','Reservation Clerk','2016-02-12 16:58:52',0),(33,'Gardener Leader','Gardener Leader','2016-02-12 16:58:52',0),(34,'HK Manager','HK Manager','2016-02-12 16:58:52',0),(35,'Training Manager','Training Manager','2016-02-12 16:58:52',0),(36,'HR Supervisor','HR Supervisor','2016-02-12 16:58:52',0),(37,'English Teacher','English Teacher','2016-02-12 16:58:52',0),(38,'Personnel Manager','Personnel Manager','2016-02-12 16:58:52',0),(39,'ER & GA Coordinator','ER & GA Coordinator','2016-02-12 16:58:52',0),(40,'Secretary','Secretary','2016-02-12 16:58:52',0),(41,'Exec. Sous Chef','Exec. Sous Chef','2016-02-12 16:58:52',0),(42,'Chef de Parties','Chef de Parties','2016-02-12 16:58:52',0),(43,'Commis II','Commis II','2016-02-12 16:58:52',0),(44,'Demi Chef','Demi Chef','2016-02-12 16:58:52',0),(47,'Commis I','Commis I','2016-02-12 16:58:52',0),(48,'Sous Chef','Sous Chef','2016-02-12 16:58:52',0),(49,'Commis II Dimsum','Commis II Dimsum','2016-02-12 16:58:52',0),(50,'Chinese Chef','Chinese Chef','2016-02-12 16:58:52',0),(51,'Demi Chef Dimsum','Demi Chef Dimsum','2016-02-12 16:58:52',0),(52,'Demi Chef  Chinese','Demi Chef  Chinese','2016-02-12 16:58:52',0),(53,'Chef de Parties Chinese','Chef de Parties Chinese','2016-02-12 16:58:52',0),(54,'Commis II Chinese','Commis II Chinese','2016-02-12 16:58:52',0),(55,'Special Chef Dimsun','Special Chef Dimsun','2016-02-12 16:58:52',0),(56,'Asst. Chief Steward','Asst. Chief Steward','2016-02-12 16:58:52',0),(57,'Sales Executive','Sales Executive','2016-02-12 16:58:52',0),(58,'Sales Manager','Sales Manager','2016-02-12 16:58:52',0),(59,'Sales Admin','Sales Admin','2016-02-12 16:58:52',0),(60,'PR Officer','PR Officer','2016-02-12 16:58:52',0),(61,'Officer','Officer','2016-02-12 16:58:52',0),(62,'Kitchen Artist','','2016-04-06 11:17:52',0);

/*Table structure for table `master_jenis_simpanan` */

DROP TABLE IF EXISTS `master_jenis_simpanan`;

CREATE TABLE `master_jenis_simpanan` (
  `kode_jenis_simpanan` int(11) NOT NULL AUTO_INCREMENT,
  `nama_simpanan` varchar(255) DEFAULT '',
  `keterangan` varchar(255) DEFAULT '',
  `nominal` decimal(10,2) DEFAULT '0.00',
  `create_timestamp` timestamp NOT NULL DEFAULT CURRENT_TIMESTAMP,
  `hapus` tinyint(1) DEFAULT '0',
  `prioritas` int(1) DEFAULT '0' COMMENT 'UNTUK PEMBAYARAN DI AWAL',
  PRIMARY KEY (`kode_jenis_simpanan`)
) ENGINE=InnoDB AUTO_INCREMENT=6 DEFAULT CHARSET=utf8;

/*Data for the table `master_jenis_simpanan` */

insert  into `master_jenis_simpanan`(`kode_jenis_simpanan`,`nama_simpanan`,`keterangan`,`nominal`,`create_timestamp`,`hapus`,`prioritas`) values (1,'Simpanan Pokok','Simpanan Pokok',100000.00,'2015-12-14 18:18:12',0,1),(2,'Simpanan Wajib','Simpanan Wajib',100000.00,'2015-12-14 18:18:23',0,2),(3,'Simpanan Sukarela','Simpanan Sukarela',0.00,'2015-12-14 18:18:35',0,0),(4,'Simpanan Exclusive','Simpanan Exclusive',200000.00,'2016-01-31 20:44:03',0,0),(5,'Simpanan Awal','Simpanan Awal',0.00,'2016-02-13 08:18:13',0,9);

/*Table structure for table `master_supplier` */

DROP TABLE IF EXISTS `master_supplier`;

CREATE TABLE `master_supplier` (
  `kode_supplier` int(11) NOT NULL AUTO_INCREMENT,
  `nama_supplier` varchar(255) DEFAULT NULL,
  `email` varchar(255) DEFAULT NULL,
  `alamat` varchar(255) DEFAULT NULL,
  `no_telfon` varchar(12) DEFAULT NULL,
  `hapus` tinyint(1) DEFAULT '0',
  PRIMARY KEY (`kode_supplier`)
) ENGINE=InnoDB AUTO_INCREMENT=12 DEFAULT CHARSET=latin1;

/*Data for the table `master_supplier` */

insert  into `master_supplier`(`kode_supplier`,`nama_supplier`,`email`,`alamat`,`no_telfon`,`hapus`) values (1,'Toko Johan','johan@yahoo.com','Jl. Kingkit','0213806945',0),(2,'Toko Susu Thoriq','thoriq@yahoo.com','Jl. Angsana Pejaten','081586637223',0),(3,'Toko Susu Kadung Sayang','kadung@yahoo.com','Jl. Jati Padang Raya No. 55A','085888486729',0),(4,'Toko Syifa Gas','syifa@yahoo.com','Jl. Ceylon','083786728217',0),(5,'Susu Anakku','susu@yahoo.com','Jln, Raya Ragunan No. 11 Pasar Minngu','087878890460',0),(6,'PT.sumber Cipta Multiniaga','djarum@gmail.com','Jln. Batu Ceper','02135000000',0),(7,'Yakult','yakult@yahoo.com','','35000000',0),(8,'Toko Kue Pasar Rumput','pasarrumput@gmail.com','','021300000',0),(9,'PT ATRI DISTRIBUSINDO','atridies@yahoo.com','KALIDERES -JAKARTA','02154391951',0),(10,'Toko Beras Haris','harisb@gmail.com','jl.ceylon gambir','0818978200',0),(11,'Dwini','dwini@yahoo.com','','02188888888',0);

/*Table structure for table `menu_web` */

DROP TABLE IF EXISTS `menu_web`;

CREATE TABLE `menu_web` (
  `id_menu` int(11) NOT NULL AUTO_INCREMENT,
  `link_menu` varchar(255) DEFAULT NULL,
  `icon_menu` varchar(255) DEFAULT NULL,
  `label_menu` varchar(255) DEFAULT NULL,
  `class_menu` varchar(255) DEFAULT NULL,
  `count_data` varchar(255) DEFAULT NULL,
  PRIMARY KEY (`id_menu`)
) ENGINE=InnoDB AUTO_INCREMENT=79 DEFAULT CHARSET=latin1;

/*Data for the table `menu_web` */

insert  into `menu_web`(`id_menu`,`link_menu`,`icon_menu`,`label_menu`,`class_menu`,`count_data`) values (1,'transaksi_pembelian','icon icon-pembelian','Transaksi Pembelian','badge badge-success pull-right','echo (isset($count_transaksi_pembelian)?$count_transaksi_pembelian:\"\");'),(2,'transaksi_penjualan','icon icon-jual','Invoice','badge badge-success pull-right','echo (isset($count_transaksi_penjualan)?$count_transaksi_penjualan:\"\");'),(3,'transaksi_service','icon-user','Transaksi Service','badge badge-success pull-right',''),(4,'surat_jalan','icon icon-suratjalan','Surat Jalan','badge badge-warning pull-right','echo (isset($count_surat_jalan)?$count_surat_jalan:\"\");'),(5,'generate_invoice','icon icon-invoice','Generate Invoice','badge badge-important pull-right','echo (isset($count_invoice)?$count_invoice:\"\");'),(6,'generate_penawaran','icon icon-penawaran','Generate Penawaran','badge badge-warning pull-right',''),(77,'spk','icon-user','SPK','badge badge-important pull-right',''),(78,'koreksi_invoice','icon-user','Koreksi Invoice','badge badge-warning pull-right','echo (isset($count_transaksi_penjualan)?$count_transaksi_penjualan:\"\");');

/*Table structure for table `pembelian` */

DROP TABLE IF EXISTS `pembelian`;

CREATE TABLE `pembelian` (
  `order_id` int(11) NOT NULL AUTO_INCREMENT,
  `kode_supplier` int(11) DEFAULT NULL COMMENT 'Supplier',
  `account_id` bigint(20) DEFAULT NULL COMMENT 'Pelayan',
  `order_timestamp` timestamp NOT NULL DEFAULT CURRENT_TIMESTAMP COMMENT 'tanggal PO di BUAT',
  `status_timestamp` date DEFAULT NULL COMMENT 'tanggal Approve PO',
  `arrive_timestamp` date DEFAULT NULL COMMENT 'tanggal Datang PO',
  `ppn` decimal(20,2) DEFAULT NULL,
  `transaksi_noppn` decimal(20,2) DEFAULT NULL,
  `total_transaksi` decimal(20,2) DEFAULT NULL,
  `currency` char(3) DEFAULT 'IDR',
  `payment_status` enum('lunas','hutang') DEFAULT NULL,
  `status` enum('approve','reject','pending','delivered') DEFAULT 'pending',
  PRIMARY KEY (`order_id`),
  KEY `account_id` (`account_id`),
  KEY `kode_customer` (`kode_supplier`),
  CONSTRAINT `pembelian_ibfk_1` FOREIGN KEY (`kode_supplier`) REFERENCES `master_supplier` (`kode_supplier`) ON DELETE CASCADE ON UPDATE CASCADE,
  CONSTRAINT `pembelian_ibfk_2` FOREIGN KEY (`account_id`) REFERENCES `user` (`account_id`) ON DELETE CASCADE ON UPDATE CASCADE
) ENGINE=InnoDB AUTO_INCREMENT=45 DEFAULT CHARSET=latin1;

/*Data for the table `pembelian` */

insert  into `pembelian`(`order_id`,`kode_supplier`,`account_id`,`order_timestamp`,`status_timestamp`,`arrive_timestamp`,`ppn`,`transaksi_noppn`,`total_transaksi`,`currency`,`payment_status`,`status`) values (1,1,7,'2016-04-06 12:00:13',NULL,NULL,0.00,8330.00,8330.00,'IDR','lunas','pending'),(2,3,7,'2016-04-07 13:05:53','2016-04-07','2016-04-07',0.00,543000.00,543000.00,'IDR','lunas','delivered'),(3,4,7,'2016-04-07 15:37:46','2016-04-07',NULL,0.00,0.00,0.00,'IDR','lunas','approve'),(4,4,7,'2016-04-07 16:15:59','2016-04-07','0000-00-00',0.00,54000.00,54000.00,'IDR','lunas','delivered'),(5,3,7,'2016-04-08 12:42:00','2016-04-08','2016-04-08',0.00,67000.00,67000.00,'IDR','lunas','delivered'),(6,6,7,'2016-04-08 15:18:03','2016-04-08','2016-04-08',0.00,601900.00,601900.00,'IDR','lunas','delivered'),(33,7,7,'2016-04-08 17:14:20','2016-04-08','0000-00-00',0.00,37500.00,37500.00,'IDR','lunas','delivered'),(34,1,7,'2016-04-12 12:45:24','2016-04-12','2016-04-12',0.00,6509630.00,6509630.00,'IDR','lunas','delivered'),(35,8,7,'2016-04-12 13:22:58','2016-04-12','2016-04-11',0.00,383500.00,383500.00,'IDR','lunas','delivered'),(36,4,7,'2016-04-12 16:42:26','2016-04-12','2016-04-12',0.00,917784.00,917784.00,'IDR','lunas','delivered'),(37,10,7,'2016-04-13 16:00:32','2016-04-13','0000-00-00',0.00,2600000.00,2600000.00,'IDR','lunas','delivered'),(38,3,7,'2016-04-14 12:46:17','2016-04-14','0000-00-00',0.00,770000.00,770000.00,'IDR','lunas','delivered'),(39,1,7,'2016-04-14 14:20:27','2016-04-14','2016-04-14',0.00,1299250.00,1299250.00,'IDR','lunas','delivered'),(40,5,7,'2016-04-15 11:06:20','2016-04-15','2016-04-15',0.00,286000.00,286000.00,'IDR','lunas','delivered'),(41,9,7,'2016-04-15 11:56:12','2016-04-15','2016-04-15',0.00,140400.00,140400.00,'IDR','lunas','delivered'),(42,11,7,'2016-04-15 12:00:03','2016-04-15','2016-04-15',0.00,25000.00,25000.00,'IDR','lunas','delivered'),(43,7,7,'2016-04-15 12:21:55','2016-04-15',NULL,0.00,37500.00,37500.00,'IDR','lunas','approve'),(44,7,7,'2016-04-15 13:12:14',NULL,NULL,0.00,37500.00,37500.00,'IDR','lunas','pending');

/*Table structure for table `pembelian_detail` */

DROP TABLE IF EXISTS `pembelian_detail`;

CREATE TABLE `pembelian_detail` (
  `order_id` int(11) NOT NULL,
  `order_detail_id` bigint(20) NOT NULL AUTO_INCREMENT,
  `order_master_id` varchar(255) DEFAULT NULL COMMENT 'kode barang',
  `qty` int(11) DEFAULT NULL,
  `buying_price` decimal(20,2) DEFAULT '0.00',
  `sub_total` decimal(12,2) DEFAULT NULL,
  `order_detail_status` enum('active','delete') DEFAULT 'active',
  `created_timestamp` timestamp NOT NULL DEFAULT CURRENT_TIMESTAMP,
  PRIMARY KEY (`order_id`,`order_detail_id`),
  KEY `order_detail_id` (`order_detail_id`),
  KEY `order_master_id` (`order_master_id`),
  CONSTRAINT `pembelian_detail_ibfk_1` FOREIGN KEY (`order_id`) REFERENCES `pembelian` (`order_id`) ON DELETE CASCADE
) ENGINE=InnoDB AUTO_INCREMENT=191 DEFAULT CHARSET=latin1;

/*Data for the table `pembelian_detail` */

insert  into `pembelian_detail`(`order_id`,`order_detail_id`,`order_master_id`,`qty`,`buying_price`,`sub_total`,`order_detail_status`,`created_timestamp`) values (1,1,'8991002105485',10,833.00,8330.00,'active','2016-04-06 12:00:13'),(2,5,'4800361347655',1,84000.00,84000.00,'active','2016-04-07 13:06:55'),(2,6,'8992696420472',5,78000.00,390000.00,'active','2016-04-07 13:06:55'),(2,7,'8992696405257',1,69000.00,69000.00,'active','2016-04-07 13:06:55'),(3,9,NULL,NULL,NULL,NULL,'active','2016-04-07 16:15:01'),(4,11,'8996006855145',12,4500.00,54000.00,'active','2016-04-07 17:20:16'),(5,13,'8999099920738',1,67000.00,67000.00,'active','2016-04-08 12:44:12'),(6,17,'8991906105758',20,14300.00,286000.00,'active','2016-04-08 15:19:44'),(6,18,'8991906101019',20,13500.00,270000.00,'active','2016-04-08 15:19:44'),(6,19,'8991906101057',3,15300.00,45900.00,'active','2016-04-08 15:19:44'),(33,21,'yalkul001',25,1500.00,37500.00,'active','2016-04-08 17:15:19'),(34,42,'8998127514123',20,17800.00,356000.00,'active','2016-04-12 12:46:12'),(34,43,'8998989110167',20,17450.00,349000.00,'active','2016-04-12 12:46:12'),(34,44,'8999909096004',100,16575.00,1657500.00,'active','2016-04-12 12:46:12'),(34,45,'76239878',20,18400.00,368000.00,'active','2016-04-12 12:46:12'),(34,46,'76164217',10,18400.00,184000.00,'active','2016-04-12 12:46:12'),(34,47,'8999909028234',40,13325.00,533000.00,'active','2016-04-12 12:46:12'),(34,48,'8999909010567',20,16050.00,321000.00,'active','2016-04-12 12:46:12'),(34,49,'8995078803078',50,11950.00,597500.00,'active','2016-04-12 12:46:12'),(34,50,'8998989100120',60,13550.00,813000.00,'active','2016-04-12 12:46:12'),(34,51,'8998989300391',20,11000.00,220000.00,'active','2016-04-12 12:46:12'),(34,52,'8991906101019',10,13650.00,136500.00,'active','2016-04-12 12:46:12'),(34,53,'8999909076006',10,16550.00,165500.00,'active','2016-04-12 12:46:12'),(34,54,'8991911101011',10,12000.00,120000.00,'active','2016-04-12 12:46:12'),(34,55,'8999999401238',10,15500.00,155000.00,'active','2016-04-12 12:46:12'),(34,56,'8991002105485',360,833.00,299880.00,'active','2016-04-12 12:46:12'),(34,57,'8999999100506',5,18000.00,90000.00,'active','2016-04-12 12:46:12'),(34,58,'8999999407919',5,13000.00,65000.00,'active','2016-04-12 12:46:12'),(34,59,'8999999001124',2,11250.00,22500.00,'active','2016-04-12 12:46:12'),(34,60,'8999999027278',2,11250.00,22500.00,'active','2016-04-12 12:46:12'),(34,61,'Tisue 002',5,6750.00,33750.00,'active','2016-04-12 12:46:12'),(35,80,'8888166989399',3,13000.00,39000.00,'active','2016-04-12 13:23:15'),(35,81,'8996001302637',3,5000.00,15000.00,'active','2016-04-12 13:23:15'),(35,82,'8888166842557',3,7000.00,21000.00,'active','2016-04-12 13:23:15'),(35,83,'8888166330306',1,5500.00,5500.00,'active','2016-04-12 13:23:15'),(35,84,'8888166609365',1,5500.00,5500.00,'active','2016-04-12 13:23:15'),(35,85,'8993039111255',3,8500.00,25500.00,'active','2016-04-12 13:23:15'),(35,86,'8991102300544',2,9000.00,18000.00,'active','2016-04-12 13:23:15'),(35,87,'8991102300421',1,9000.00,9000.00,'active','2016-04-12 13:23:15'),(35,88,'8991001770011',3,9000.00,27000.00,'active','2016-04-12 13:23:15'),(35,89,'8994755030431',3,6500.00,19500.00,'active','2016-04-12 13:23:15'),(35,90,'8886001026025',3,8500.00,25500.00,'active','2016-04-12 13:23:15'),(35,91,'8888166991491',3,8500.00,25500.00,'active','2016-04-12 13:23:15'),(35,92,'8888166336605',3,7000.00,21000.00,'active','2016-04-12 13:23:15'),(35,93,'8991001111289',10,6500.00,65000.00,'active','2016-04-12 13:23:15'),(35,94,'8888166991224',3,3000.00,9000.00,'active','2016-04-12 13:23:15'),(35,95,'8888166993433',3,6500.00,19500.00,'active','2016-04-12 13:23:15'),(35,96,'8992760221028',3,6500.00,19500.00,'active','2016-04-12 13:23:15'),(35,97,'8996001302026',3,4500.00,13500.00,'active','2016-04-12 13:23:15'),(36,109,'8992388101023',12,4000.00,48000.00,'active','2016-04-12 17:11:04'),(36,110,'8996001600306',12,4100.00,49200.00,'active','2016-04-12 17:11:04'),(36,111,'8994287316034',24,1000.00,24000.00,'active','2016-04-12 17:11:04'),(36,112,'8992752119104',12,2750.00,33000.00,'active','2016-04-12 17:11:04'),(36,113,'8996001600146',48,2083.00,99984.00,'active','2016-04-12 17:11:04'),(36,114,'8886008101053',48,1700.00,81600.00,'active','2016-04-12 17:11:04'),(36,115,'8998009020223',24,5500.00,132000.00,'active','2016-04-12 17:11:04'),(36,116,'8998009010590',40,2175.00,87000.00,'active','2016-04-12 17:11:04'),(36,117,'8991002121010',24,4500.00,108000.00,'active','2016-04-12 17:11:04'),(36,118,'8998009040023',24,2625.00,63000.00,'active','2016-04-12 17:11:04'),(36,119,'8992858527308',48,4000.00,192000.00,'active','2016-04-12 17:11:04'),(37,121,'Beras 001',10,260000.00,2600000.00,'active','2016-04-13 16:01:01'),(38,128,'8990057882716',1,125000.00,125000.00,'active','2016-04-14 12:46:54'),(38,129,'8992696407831',2,78500.00,157000.00,'active','2016-04-14 12:46:54'),(38,130,'8992696405448',2,75500.00,151000.00,'active','2016-04-14 12:46:54'),(38,131,'8992696407701',1,79000.00,79000.00,'active','2016-04-14 12:46:54'),(38,132,'8992696415072',2,79000.00,158000.00,'active','2016-04-14 12:46:54'),(38,133,'8990057882761',1,100000.00,100000.00,'active','2016-04-14 12:46:54'),(39,155,'8992753100101',10,12400.00,124000.00,'active','2016-04-14 14:21:53'),(39,156,'8992772198011',3,3750.00,11250.00,'active','2016-04-14 14:21:53'),(39,157,'8998866600095',5,1750.00,8750.00,'active','2016-04-14 14:21:53'),(39,158,'8993176110081',4,8000.00,32000.00,'active','2016-04-14 14:21:53'),(39,159,'8999999045852',15,2250.00,33750.00,'active','2016-04-14 14:21:53'),(39,160,'8999999029685',4,19250.00,77000.00,'active','2016-04-14 14:21:53'),(39,161,'8999999033217',2,13750.00,27500.00,'active','2016-04-14 14:21:53'),(39,162,'8999999033170',1,13750.00,13750.00,'active','2016-04-14 14:21:53'),(39,163,'4902430400947',3,15500.00,46500.00,'active','2016-04-14 14:21:53'),(39,164,'8886001038011',100,1500.00,150000.00,'active','2016-04-14 14:21:53'),(39,165,'8991002105423',5,10250.00,51250.00,'active','2016-04-14 14:21:53'),(39,166,'8999999390198',10,11500.00,115000.00,'active','2016-04-14 14:21:53'),(39,167,'8991002101630',30,900.00,27000.00,'active','2016-04-14 14:21:53'),(39,168,'9311931201208',30,1400.00,42000.00,'active','2016-04-14 14:21:53'),(39,169,'8992696430204',50,1750.00,87500.00,'active','2016-04-14 14:21:53'),(39,170,'Permen002',100,200.00,20000.00,'active','2016-04-14 14:21:53'),(39,171,'8992933453119',30,800.00,24000.00,'active','2016-04-14 14:21:53'),(39,172,'8996001414002',20,1500.00,30000.00,'active','2016-04-14 14:21:53'),(39,173,'8888826019589',12,5000.00,60000.00,'active','2016-04-14 14:21:53'),(39,174,'8992628020152',6,22000.00,132000.00,'active','2016-04-14 14:21:53'),(39,175,'8994171101289',200,930.00,186000.00,'active','2016-04-14 14:21:53'),(40,178,'8992696407701',1,79000.00,79000.00,'active','2016-04-15 11:07:16'),(40,179,'8992696405257',3,69000.00,207000.00,'active','2016-04-15 11:07:16'),(41,183,'8997032711115',12,5500.00,66000.00,'active','2016-04-15 11:57:49'),(41,184,'8997032711016',24,1500.00,36000.00,'active','2016-04-15 11:57:49'),(41,185,'8997032711023',24,1600.00,38400.00,'active','2016-04-15 11:57:49'),(42,187,'Snack 3000',10,2500.00,25000.00,'active','2016-04-15 12:00:16'),(43,189,'yalkul001',25,1500.00,37500.00,'active','2016-04-15 12:23:47'),(44,190,'yalkul001',25,1500.00,37500.00,'active','2016-04-15 13:12:15');

/*Table structure for table `resign` */

DROP TABLE IF EXISTS `resign`;

CREATE TABLE `resign` (
  `NoPengunduranDiri` int(11) NOT NULL AUTO_INCREMENT,
  `no_anggota` varchar(255) DEFAULT '',
  `TglResign` timestamp NOT NULL DEFAULT CURRENT_TIMESTAMP,
  `Keterangan` varchar(255) DEFAULT '',
  `status` tinyint(1) DEFAULT '0' COMMENT '0 = Belum penarikan ,1 = sudah',
  PRIMARY KEY (`NoPengunduranDiri`)
) ENGINE=InnoDB DEFAULT CHARSET=latin1;

/*Data for the table `resign` */

/*Table structure for table `stok_barang` */

DROP TABLE IF EXISTS `stok_barang`;

CREATE TABLE `stok_barang` (
  `id_stok` int(11) NOT NULL AUTO_INCREMENT,
  `kode_barang` varchar(255) DEFAULT NULL,
  `order_id_penjualan` int(11) DEFAULT NULL,
  `order_id_pembelian` int(11) DEFAULT NULL,
  `qty` bigint(20) DEFAULT NULL,
  `status` enum('barangmasuk','barangkeluar','opname') NOT NULL DEFAULT 'opname',
  `keterangan` varchar(255) DEFAULT NULL,
  `timestamp` timestamp NOT NULL DEFAULT CURRENT_TIMESTAMP,
  PRIMARY KEY (`id_stok`),
  KEY `kode_barang` (`kode_barang`),
  KEY `order_detail_id` (`order_id_penjualan`),
  KEY `stok_barang_ibfk_3` (`order_id_pembelian`),
  CONSTRAINT `stok_barang_ibfk_1` FOREIGN KEY (`kode_barang`) REFERENCES `master_barang` (`kode_barang`) ON DELETE CASCADE ON UPDATE CASCADE
) ENGINE=InnoDB AUTO_INCREMENT=1693 DEFAULT CHARSET=latin1;

/*Data for the table `stok_barang` */

insert  into `stok_barang`(`id_stok`,`kode_barang`,`order_id_penjualan`,`order_id_pembelian`,`qty`,`status`,`keterangan`,`timestamp`) values (18,'8995177102058',NULL,NULL,6,'opname','saldo_awal','2016-04-02 12:10:11'),(19,'8999999195649',NULL,NULL,4,'opname','saldo_awal','2016-04-02 12:10:34'),(20,'8886007811076',NULL,NULL,4,'opname','saldo_awal','2016-04-02 12:10:46'),(21,'0089686060126',NULL,NULL,1,'opname','saldo_awal','2016-04-02 12:12:10'),(22,'0089686060461',NULL,NULL,3,'opname','saldo_awal','2016-04-02 12:13:02'),(23,'0089686060126',NULL,NULL,1,'opname','saldo_awal','2016-04-02 12:13:17'),(24,'8992761002015',NULL,NULL,15,'opname','saldo_awal','2016-04-02 12:14:45'),(25,'8992761147037',NULL,NULL,6,'opname','saldo_awal','2016-04-02 12:14:56'),(26,'8992752116233',NULL,NULL,14,'opname','saldo_awal','2016-04-02 12:15:07'),(27,'8886001038011',NULL,NULL,22,'opname','saldo_awal','2016-04-02 12:15:16'),(28,'4902430610599',NULL,NULL,1,'opname','saldo_awal','2016-04-02 12:16:07'),(29,'8851111400584',NULL,NULL,1,'opname','saldo_awal','2016-04-02 12:17:15'),(30,'8993189272134',NULL,NULL,2,'opname','saldo_awal','2016-04-02 12:18:14'),(31,'Tisue 002',NULL,NULL,5,'opname','saldo_awal','2016-04-02 12:18:56'),(32,'8993189270284',NULL,NULL,1,'opname','saldo_awal','2016-04-02 12:19:39'),(33,'Cotton 001',NULL,NULL,53,'opname','saldo_awal','2016-04-02 12:19:49'),(34,'Kaus 001',NULL,NULL,5,'opname','saldo_awal','2016-04-02 12:20:09'),(35,'Kaus 001',NULL,NULL,4,'opname','saldo_awal','2016-04-02 12:20:36'),(36,'Tisue 001',NULL,NULL,10,'opname','saldo_awal','2016-04-02 12:20:50'),(37,'Kaus 002',NULL,NULL,2,'opname','saldo_awal','2016-04-02 12:21:24'),(38,'8998866600095',NULL,NULL,1,'opname','saldo_awal','2016-04-02 12:21:59'),(39,'8999999036904',NULL,NULL,2,'opname','saldo_awal','2016-04-02 12:22:34'),(40,'8996001600146',NULL,NULL,42,'opname','saldo_awal','2016-04-02 12:23:05'),(41,'8996006855145',NULL,NULL,20,'opname','saldo_awal','2016-04-02 12:23:47'),(42,'8996001600221',NULL,NULL,9,'opname','saldo_awal','2016-04-02 12:24:04'),(43,'8996006142511',NULL,NULL,10,'opname','saldo_awal','2016-04-02 12:24:20'),(44,'8886008101053',NULL,NULL,37,'opname','saldo_awal','2016-04-02 12:24:33'),(45,'8992858527308',NULL,NULL,41,'opname','saldo_awal','2016-04-02 12:24:49'),(46,'GULA0001',NULL,NULL,5,'opname','saldo_awal','2016-04-02 12:25:28'),(47,'8992628020152',NULL,NULL,4,'opname','saldo_awal','2016-04-02 12:25:40'),(48,'8991002105485',NULL,NULL,80,'opname','saldo_awal','2016-04-02 12:28:43'),(49,'8991002101630',NULL,NULL,16,'opname','saldo_awal','2016-04-02 12:29:05'),(50,'8991002101630',NULL,NULL,20,'opname','saldo_awal','2016-04-02 15:02:01'),(51,'8991002101746',NULL,NULL,37,'opname','saldo_awal','2016-04-02 15:02:46'),(52,'8886008101053',NULL,NULL,33,'opname','saldo_awal','2016-04-02 15:02:59'),(53,'8886001038011',NULL,NULL,37,'opname','saldo_awal','2016-04-02 15:03:11'),(54,'8992727005111',NULL,NULL,2,'opname','saldo_awal','2016-04-02 15:03:30'),(55,'8992727005135',NULL,NULL,2,'opname','saldo_awal','2016-04-02 15:03:37'),(56,'8888166330306',NULL,NULL,1,'opname','saldo_awal','2016-04-02 15:04:08'),(57,'8999999034153',NULL,NULL,7,'opname','saldo_awal','2016-04-02 15:04:31'),(58,'8999908000200',NULL,NULL,18,'opname','saldo_awal','2016-04-02 15:04:49'),(59,'8999908057709',NULL,NULL,18,'opname','saldo_awal','2016-04-02 15:05:02'),(60,'8998009020179',NULL,NULL,2,'opname','saldo_awal','2016-04-02 15:05:12'),(61,'8992866110608',NULL,NULL,1,'opname','saldo_awal','2016-04-02 15:05:24'),(62,'8999999406929',NULL,NULL,4,'opname','saldo_awal','2016-04-02 15:05:57'),(63,'8993989311699',NULL,NULL,23,'opname','saldo_awal','2016-04-02 15:06:06'),(64,'8992761002015',NULL,NULL,15,'opname','saldo_awal','2016-04-02 15:06:22'),(65,'Cotton 001',NULL,NULL,53,'opname','saldo_awal','2016-04-02 15:06:37'),(66,'8992696407701',NULL,NULL,2,'opname','saldo_awal','2016-04-02 15:06:52'),(67,'8992696415072',NULL,NULL,3,'opname','saldo_awal','2016-04-02 15:07:07'),(68,'8991906101316',NULL,NULL,13,'opname','saldo_awal','2016-04-02 15:07:23'),(69,'8991906101019',NULL,NULL,12,'opname','saldo_awal','2016-04-02 15:07:36'),(70,'8991906101361',NULL,NULL,3,'opname','saldo_awal','2016-04-02 15:07:47'),(71,'8999909028999',NULL,NULL,18,'opname','saldo_awal','2016-04-02 15:08:01'),(72,'Tisue 001',NULL,NULL,10,'opname','saldo_awal','2016-04-02 15:08:45'),(73,'Tisue 001',NULL,NULL,10,'opname','saldo_awal','2016-04-02 15:08:53'),(74,'8999999706180-',NULL,NULL,15,'opname','saldo_awal','2016-04-02 15:09:11'),(75,'8999999710866',NULL,NULL,6,'opname','saldo_awal','2016-04-02 15:09:20'),(76,'8997035111110',NULL,NULL,9,'opname','saldo_awal','2016-04-02 15:09:37'),(77,'8999999034696',NULL,NULL,2,'opname','saldo_awal','2016-04-02 15:10:02'),(78,'0089686060461',NULL,NULL,3,'opname','saldo_awal','2016-04-02 15:10:16'),(79,'0089686060126',NULL,NULL,1,'opname','saldo_awal','2016-04-02 15:10:25'),(80,'8992761166038',NULL,NULL,31,'opname','saldo_awal','2016-04-02 15:10:35'),(81,'8999999049409',NULL,NULL,5,'opname','saldo_awal','2016-04-02 15:10:51'),(82,'8999999049409',NULL,NULL,1,'opname','saldo_awal','2016-04-02 15:11:52'),(83,'8999999049430',NULL,NULL,2,'opname','saldo_awal','2016-04-02 15:12:18'),(84,'8999999049454',NULL,NULL,2,'opname','saldo_awal','2016-04-02 15:12:57'),(85,'8999999049508',NULL,NULL,2,'opname','saldo_awal','2016-04-02 15:13:05'),(86,'8999999401238',NULL,NULL,7,'opname','saldo_awal','2016-04-02 15:13:19'),(87,'8998866600095',NULL,NULL,1,'opname','saldo_awal','2016-04-02 15:13:33'),(88,'8999999045869',NULL,NULL,20,'opname','saldo_awal','2016-04-02 15:13:48'),(89,'8999999036607',NULL,NULL,4,'opname','saldo_awal','2016-04-02 15:14:03'),(90,'8999999036638',NULL,NULL,18,'opname','saldo_awal','2016-04-02 15:14:15'),(91,'8999999036942',NULL,NULL,3,'opname','saldo_awal','2016-04-02 15:14:28'),(92,'0711844120013',NULL,NULL,2,'opname','saldo_awal','2016-04-02 15:14:40'),(93,'8999909000377',NULL,NULL,7,'opname','saldo_awal','2016-04-02 15:14:52'),(94,'8999909076006',NULL,NULL,30,'opname','saldo_awal','2016-04-02 15:15:01'),(95,'8999909096004',NULL,NULL,125,'opname','saldo_awal','2016-04-02 15:15:16'),(96,'8998009050053',NULL,NULL,24,'opname','saldo_awal','2016-04-02 15:15:31'),(97,'8999999039165',NULL,NULL,4,'opname','saldo_awal','2016-04-02 15:15:46'),(98,'8999999033170',NULL,NULL,1,'opname','saldo_awal','2016-04-02 15:16:00'),(99,'8999999033217',NULL,NULL,2,'opname','saldo_awal','2016-04-02 15:16:13'),(100,'4902430400947',NULL,NULL,1,'opname','saldo_awal','2016-04-02 15:16:24'),(101,'4902430428316',NULL,NULL,3,'opname','saldo_awal','2016-04-02 15:16:40'),(102,'8999999029326',NULL,NULL,2,'opname','saldo_awal','2016-04-02 15:16:52'),(103,'8999999029357',NULL,NULL,2,'opname','saldo_awal','2016-04-02 15:17:04'),(104,'8991001111289',NULL,NULL,17,'opname','saldo_awal','2016-04-02 15:17:15'),(105,'8992753102204',NULL,NULL,21,'opname','saldo_awal','2016-04-02 15:17:31'),(106,'8992753100101',NULL,NULL,20,'opname','saldo_awal','2016-04-02 15:17:39'),(107,'8999909028234',NULL,NULL,59,'opname','saldo_awal','2016-04-02 15:18:04'),(108,'8999909010567',NULL,NULL,19,'opname','saldo_awal','2016-04-02 15:18:14'),(109,'8998127514123',NULL,NULL,9,'opname','saldo_awal','2016-04-02 15:18:29'),(110,'8996001440049',NULL,NULL,35,'opname','saldo_awal','2016-04-02 15:18:45'),(111,'8996001440124',NULL,NULL,36,'opname','saldo_awal','2016-04-02 15:19:33'),(112,'8991911101011',NULL,NULL,6,'opname','saldo_awal','2016-04-02 15:19:45'),(113,'8993058000684',NULL,NULL,48,'opname','saldo_awal','2016-04-02 15:21:22'),(114,'8992761147037',NULL,NULL,13,'opname','saldo_awal','2016-04-02 15:21:37'),(115,'8997021870014',NULL,NULL,4,'opname','saldo_awal','2016-04-02 15:22:26'),(116,'8997021870236',NULL,NULL,1,'opname','saldo_awal','2016-04-02 15:24:18'),(117,'8997021870151',NULL,NULL,3,'opname','saldo_awal','2016-04-02 15:24:37'),(118,'8992304009181',NULL,NULL,2,'opname','saldo_awal','2016-04-02 15:25:08'),(119,'8992222052993',NULL,NULL,3,'opname','saldo_awal','2016-04-02 15:25:25'),(120,'8992222050203',NULL,NULL,1,'opname','saldo_awal','2016-04-02 15:25:53'),(121,'8998989110167',NULL,NULL,26,'opname','saldo_awal','2016-04-02 15:26:07'),(122,'gillette goal II001',NULL,NULL,2,'opname','saldo_awal','2016-04-02 15:26:23'),(123,'8991002103764',NULL,NULL,58,'opname','saldo_awal','2016-04-02 15:26:44'),(124,'8991002103238',NULL,NULL,58,'opname','saldo_awal','2016-04-02 15:27:18'),(125,'8991002121010',NULL,NULL,10,'opname','saldo_awal','2016-04-02 15:28:08'),(126,'8998989100120',NULL,NULL,63,'opname','saldo_awal','2016-04-02 15:29:00'),(127,'GULA0001',NULL,NULL,5,'opname','saldo_awal','2016-04-02 15:29:21'),(128,'8995177102058',NULL,NULL,8,'opname','saldo_awal','2016-04-02 15:29:37'),(129,'8992858527308',NULL,NULL,41,'opname','saldo_awal','2016-04-02 15:29:50'),(130,'9311931024036',NULL,NULL,97,'opname','saldo_awal','2016-04-02 15:30:10'),(131,'0089686010343',NULL,NULL,43,'opname','saldo_awal','2016-04-02 15:30:35'),(132,'0089686010015',NULL,NULL,70,'opname','saldo_awal','2016-04-02 15:30:49'),(133,'0089686010947',NULL,NULL,96,'opname','saldo_awal','2016-04-02 15:31:12'),(134,'0089686010527',NULL,NULL,62,'opname','saldo_awal','2016-04-02 15:31:24'),(135,'8888166607132',NULL,NULL,2,'opname','saldo_awal','2016-04-02 15:31:41'),(136,'8992772198035',NULL,NULL,2,'opname','saldo_awal','2016-04-02 15:31:56'),(137,'8991002105423',NULL,NULL,4,'opname','saldo_awal','2016-04-02 15:33:19'),(138,'8991002105430',NULL,NULL,1,'opname','saldo_awal','2016-04-02 15:34:45'),(139,'8991002105485',NULL,NULL,447,'opname','saldo_awal','2016-04-02 15:35:32'),(140,'Korek api001',NULL,NULL,12,'opname','saldo_awal','2016-04-02 15:36:23'),(141,'8991906105758',NULL,NULL,19,'opname','saldo_awal','2016-04-02 15:36:55'),(142,'8991906101101',NULL,NULL,16,'opname','saldo_awal','2016-04-02 15:37:04'),(143,'8991906101071',NULL,NULL,1,'opname','saldo_awal','2016-04-02 15:37:16'),(144,'8992696427006',NULL,NULL,1,'opname','saldo_awal','2016-04-02 15:37:33'),(145,'8995227500247',NULL,NULL,10,'opname','saldo_awal','2016-04-02 15:37:47'),(146,'8995227500278',NULL,NULL,4,'opname','saldo_awal','2016-04-02 15:37:59'),(147,'8992725910400',NULL,NULL,4,'opname','saldo_awal','2016-04-02 15:38:24'),(148,'8991111152097',NULL,NULL,1,'opname','saldo_awal','2016-04-02 15:38:34'),(149,'8994171101289',NULL,NULL,58,'opname','saldo_awal','2016-04-02 15:38:59'),(150,'8999909001909',NULL,NULL,39,'opname','saldo_awal','2016-04-02 15:39:18'),(151,'8999909000162',NULL,NULL,35,'opname','saldo_awal','2016-04-02 15:39:27'),(152,'8996001302026',NULL,NULL,2,'opname','saldo_awal','2016-04-02 15:39:35'),(153,'8993189272134',NULL,NULL,2,'opname','saldo_awal','2016-04-02 15:39:46'),(154,'8993189272165',NULL,NULL,1,'opname','saldo_awal','2016-04-02 15:39:57'),(155,'95508788',NULL,NULL,17,'opname','saldo_awal','2016-04-02 15:40:56'),(156,'8997018460150',NULL,NULL,2,'opname','saldo_awal','2016-04-02 15:41:13'),(157,'8851111400584',NULL,NULL,1,'opname','saldo_awal','2016-04-02 15:41:46'),(158,'76164217',NULL,NULL,47,'opname','saldo_awal','2016-04-02 15:42:07'),(159,'76239878',NULL,NULL,35,'opname','saldo_awal','2016-04-02 15:42:15'),(160,'permen0001',NULL,NULL,100,'opname','saldo_awal','2016-04-02 15:42:48'),(161,'8992696420472',NULL,NULL,6,'opname','saldo_awal','2016-04-02 15:42:57'),(162,'8992696430204',NULL,NULL,40,'opname','saldo_awal','2016-04-02 15:43:08'),(163,'8992628020152',NULL,NULL,4,'opname','saldo_awal','2016-04-02 15:43:20'),(164,'8992752116233',NULL,NULL,14,'opname','saldo_awal','2016-04-02 15:43:28'),(165,'8999999403188',NULL,NULL,2,'opname','saldo_awal','2016-04-02 15:43:37'),(166,'mini wafer001',NULL,NULL,5,'opname','saldo_awal','2016-04-02 15:43:54'),(167,'8992760221028',NULL,NULL,1,'opname','saldo_awal','2016-04-02 15:44:06'),(168,'4902430610599',NULL,NULL,1,'opname','saldo_awal','2016-04-02 15:44:21'),(169,'8992695110206',NULL,NULL,10,'opname','saldo_awal','2016-04-02 15:44:27'),(170,'Tisue 002',NULL,NULL,5,'opname','saldo_awal','2016-04-02 15:44:38'),(171,'8998866607315',NULL,NULL,6,'opname','saldo_awal','2016-04-02 15:44:58'),(172,'8992761147020',NULL,NULL,14,'opname','saldo_awal','2016-04-02 15:45:08'),(173,'8998127311173',NULL,NULL,3,'opname','saldo_awal','2016-04-02 15:45:25'),(174,'Kaus 002',NULL,NULL,3,'opname','saldo_awal','2016-04-02 15:45:34'),(175,'8999999390198',NULL,NULL,6,'opname','saldo_awal','2016-04-02 15:45:44'),(176,'8998989121163',NULL,NULL,15,'opname','saldo_awal','2016-04-02 15:45:57'),(177,'8998989300391',NULL,NULL,19,'opname','saldo_awal','2016-04-02 15:46:05'),(178,'8992696404441',NULL,NULL,4,'opname','saldo_awal','2016-04-02 15:46:15'),(179,'8992933453119',NULL,NULL,48,'opname','saldo_awal','2016-04-02 15:46:26'),(180,'8996006855145',NULL,NULL,20,'opname','saldo_awal','2016-04-02 15:46:38'),(181,'8886007811076',NULL,NULL,4,'opname','saldo_awal','2016-04-02 15:46:48'),(182,'8996006142511',NULL,NULL,10,'opname','saldo_awal','2016-04-02 15:47:01'),(183,'8996001600146',NULL,NULL,43,'opname','saldo_awal','2016-04-02 15:47:10'),(184,'8999999195649',NULL,NULL,4,'opname','saldo_awal','2016-04-02 15:47:35'),(185,'9311931201208',NULL,NULL,15,'opname','saldo_awal','2016-04-02 15:47:47'),(186,'8998898101409',NULL,NULL,50,'opname','saldo_awal','2016-04-02 15:47:55'),(187,'8995078803078',NULL,NULL,52,'opname','saldo_awal','2016-04-02 15:48:17'),(188,'8998009010231',NULL,NULL,13,'opname','saldo_awal','2016-04-02 15:48:34'),(189,'8998009010248',NULL,NULL,24,'opname','saldo_awal','2016-04-02 15:48:46'),(190,'8991102300421',NULL,NULL,1,'opname','saldo_awal','2016-04-02 15:48:56'),(191,'8991102300544',NULL,NULL,2,'opname','saldo_awal','2016-04-02 15:49:08'),(192,'8999999407919',NULL,NULL,3,'opname','saldo_awal','2016-04-02 15:49:17'),(193,'yalkul001',NULL,NULL,11,'opname','saldo_awal','2016-04-02 15:49:24'),(194,'8997009510017',NULL,NULL,34,'opname','saldo_awal','2016-04-02 15:49:33'),(195,'8997009510055',NULL,NULL,34,'opname','saldo_awal','2016-04-02 15:49:40'),(196,'8997035563414',NULL,NULL,10,'opname','saldo_awal','2016-04-02 16:23:38'),(197,'0749921005946',NULL,NULL,38,'opname','saldo_awal','2016-04-02 16:24:07'),(198,'0749921010339',NULL,NULL,3,'opname','saldo_awal','2016-04-02 16:24:20'),(199,'8996001440087',NULL,NULL,45,'opname','saldo_awal','2016-04-02 16:24:32'),(200,'8993176110067',NULL,NULL,4,'opname','saldo_awal','2016-04-02 16:25:12'),(201,'Pul001',NULL,NULL,8,'opname','saldo_awal','2016-04-02 16:25:33'),(202,'8998898830125',NULL,NULL,8,'opname','saldo_awal','2016-04-02 16:26:06'),(203,'8886022930240',NULL,NULL,7,'opname','saldo_awal','2016-04-02 16:26:19'),(204,'8999777026370',NULL,NULL,121,'opname','saldo_awal','2016-04-02 16:26:28'),(205,'0711844110113',NULL,NULL,3,'opname','saldo_awal','2016-04-02 16:26:40'),(206,'4800361347631',NULL,NULL,1,'opname','saldo_awal','2016-04-02 16:28:08'),(207,'8993189270321',NULL,NULL,5,'opname','saldo_awal','2016-04-02 16:29:44'),(208,'Permen002',NULL,NULL,55,'opname','saldo_awal','2016-04-02 16:29:50'),(209,'8991102020152',NULL,NULL,11,'opname','saldo_awal','2016-04-02 16:29:58'),(210,'8999999049393',NULL,NULL,2,'opname','saldo_awal','2016-04-02 16:30:32'),(211,'8999999049492',NULL,NULL,2,'opname','saldo_awal','2016-04-02 16:30:44'),(212,'8999999036942',NULL,NULL,1,'opname','saldo_awal','2016-04-02 16:31:00'),(213,'8999999036898',NULL,NULL,1,'opname','saldo_awal','2016-04-02 16:31:09'),(214,'8999999403119',NULL,NULL,2,'opname','saldo_awal','2016-04-02 16:31:35'),(215,'8997032711122',NULL,NULL,2,'opname','saldo_awal','2016-04-02 16:32:19'),(216,'8997032711023',NULL,NULL,8,'opname','saldo_awal','2016-04-02 16:32:32'),(217,'8998009010910',NULL,NULL,40,'opname','saldo_awal','2016-04-02 16:33:21'),(218,'8997017640614',NULL,NULL,1,'opname','saldo_awal','2016-04-02 16:33:34'),(219,'8997017640621',NULL,NULL,1,'opname','saldo_awal','2016-04-02 16:33:40'),(220,'8997017640836',NULL,NULL,1,'opname','saldo_awal','2016-04-02 16:33:48'),(221,'8997017640843',NULL,NULL,1,'opname','saldo_awal','2016-04-02 16:33:56'),(222,'8997017640850',NULL,NULL,1,'opname','saldo_awal','2016-04-02 16:34:04'),(223,'8997017640881',NULL,NULL,1,'opname','saldo_awal','2016-04-02 16:34:10'),(224,'8999999707781',NULL,NULL,3,'opname','saldo_awal','2016-04-02 16:34:46'),(225,'0089686060027',NULL,NULL,3,'opname','saldo_awal','2016-04-02 16:35:17'),(226,'8998866200813',NULL,NULL,2,'opname','saldo_awal','2016-04-02 16:35:31'),(227,'8993560025007',NULL,NULL,3,'opname','saldo_awal','2016-04-02 16:36:50'),(228,'8993560025083',NULL,NULL,4,'opname','saldo_awal','2016-04-02 16:37:03'),(229,'8993560024987',NULL,NULL,2,'opname','saldo_awal','2016-04-02 16:37:17'),(230,'8999999045876',NULL,NULL,6,'opname','saldo_awal','2016-04-02 16:38:11'),(231,'8993189272141',NULL,NULL,2,'opname','saldo_awal','2016-04-02 16:39:34'),(232,'8993189272134',NULL,NULL,1,'opname','saldo_awal','2016-04-02 16:39:45'),(233,'8993189272134',NULL,NULL,2,'opname','saldo_awal','2016-04-02 16:39:55'),(234,'8851111400584',NULL,NULL,1,'opname','saldo_awal','2016-04-02 16:40:10'),(235,'8851111401260',NULL,NULL,1,'opname','saldo_awal','2016-04-02 16:40:20'),(236,'8992727005524',NULL,NULL,2,'opname','saldo_awal','2016-04-02 16:41:31'),(237,'8991977120025',NULL,NULL,2,'opname','saldo_awal','2016-04-02 16:41:54'),(238,'8992003170403',NULL,NULL,4,'opname','saldo_awal','2016-04-02 16:48:59'),(239,'8999999719418',NULL,NULL,1,'opname','saldo_awal','2016-04-02 16:49:20'),(240,'8886029101049',NULL,NULL,5,'opname','saldo_awal','2016-04-02 16:51:14'),(241,'8999999029579',NULL,NULL,2,'opname','saldo_awal','2016-04-02 16:52:58'),(242,'8996001414002',NULL,NULL,21,'opname','saldo_awal','2016-04-02 16:53:18'),(243,'8991002105676',NULL,NULL,18,'opname','saldo_awal','2016-04-02 16:53:59'),(244,'8993560025083',NULL,NULL,4,'opname','saldo_awal','2016-04-02 16:54:29'),(245,'8999999045876',NULL,NULL,6,'opname','saldo_awal','2016-04-02 16:55:03'),(246,'8886001026025',NULL,NULL,2,'opname','saldo_awal','2016-04-02 16:55:14'),(247,'8999999717094',NULL,NULL,2,'opname','saldo_awal','2016-04-02 16:55:37'),(248,'8992696420472',2,NULL,-3,'barangkeluar',NULL,'2016-04-02 18:03:54'),(249,'8999999029647',NULL,NULL,1,'opname','saldo_awal','2016-04-04 12:59:00'),(250,'8999999029579',3,NULL,-1,'barangkeluar',NULL,'2016-04-04 13:04:43'),(251,'8999999403188',3,NULL,-1,'barangkeluar',NULL,'2016-04-04 13:04:43'),(252,'8999999710866',3,NULL,-1,'barangkeluar',NULL,'2016-04-04 13:04:43'),(253,'8992696404441',3,NULL,-1,'barangkeluar',NULL,'2016-04-04 13:04:43'),(254,'8992761166038',3,NULL,-1,'barangkeluar',NULL,'2016-04-04 13:04:43'),(255,'8998989300391',4,NULL,-2,'barangkeluar',NULL,'2016-04-04 13:48:18'),(256,'8992946121029',NULL,NULL,5,'opname','saldo_awal','2016-04-04 14:12:02'),(257,'8998888712646',NULL,NULL,3,'opname','saldo_awal','2016-04-04 14:13:25'),(258,'8992727005289',NULL,NULL,5,'opname','saldo_awal','2016-04-04 14:14:53'),(259,'8999999407919',5,NULL,-1,'barangkeluar',NULL,'2016-04-04 14:20:52'),(260,'8992628020152',5,NULL,-1,'barangkeluar',NULL,'2016-04-04 14:20:52'),(261,'8999999390198',5,NULL,-1,'barangkeluar',NULL,'2016-04-04 14:20:52'),(262,'8999999401238',5,NULL,-1,'barangkeluar',NULL,'2016-04-04 14:20:52'),(263,'8999999710866',5,NULL,-1,'barangkeluar',NULL,'2016-04-04 14:20:52'),(264,'8998127514123',6,NULL,-1,'barangkeluar',NULL,'2016-04-04 14:23:05'),(265,'76239878',7,NULL,-1,'barangkeluar',NULL,'2016-04-04 14:37:33'),(266,'8992753102204',8,NULL,-2,'barangkeluar',NULL,'2016-04-04 16:20:44'),(267,'8999909076006',8,NULL,-2,'barangkeluar',NULL,'2016-04-04 16:20:44'),(268,'8999909028234',9,NULL,-1,'barangkeluar',NULL,'2016-04-04 16:22:57'),(269,'8991002105485',10,NULL,-1,'barangkeluar',NULL,'2016-04-04 17:26:48'),(270,'8991002105485',11,NULL,-1,'barangkeluar',NULL,'2016-04-04 17:28:37'),(271,'8995078803078',12,NULL,-1,'barangkeluar',NULL,'2016-04-04 17:57:30'),(272,'yalkul001',12,NULL,-2,'barangkeluar',NULL,'2016-04-04 17:57:30'),(273,'8998989100120',12,NULL,-2,'barangkeluar',NULL,'2016-04-04 17:57:30'),(274,'8991002105485',12,NULL,-17,'barangkeluar',NULL,'2016-04-04 17:57:30'),(275,'8999909000162',12,NULL,-1,'barangkeluar',NULL,'2016-04-04 17:57:30'),(276,'8999909096004',12,NULL,-1,'barangkeluar',NULL,'2016-04-04 17:57:30'),(277,'8994171101289',12,NULL,-1,'barangkeluar',NULL,'2016-04-04 17:57:30'),(278,'8996006855145',12,NULL,-1,'barangkeluar',NULL,'2016-04-04 17:57:30'),(279,'9311931024036',12,NULL,-4,'barangkeluar',NULL,'2016-04-04 17:57:30'),(280,'8996001600146',12,NULL,-2,'barangkeluar',NULL,'2016-04-04 17:57:30'),(281,'8998898101409',12,NULL,-1,'barangkeluar',NULL,'2016-04-04 17:57:30'),(282,'8998127514123',12,NULL,-1,'barangkeluar',NULL,'2016-04-04 17:57:30'),(283,'8997009510017',12,NULL,-1,'barangkeluar',NULL,'2016-04-04 17:57:30'),(284,'8998009010248',12,NULL,-1,'barangkeluar',NULL,'2016-04-04 17:57:30'),(285,'8992761147037',12,NULL,-1,'barangkeluar',NULL,'2016-04-04 17:57:30'),(286,'8992858527308',12,NULL,-1,'barangkeluar',NULL,'2016-04-04 17:57:30'),(287,'8886001038011',12,NULL,-3,'barangkeluar',NULL,'2016-04-04 17:57:30'),(288,'Permen002',12,NULL,-8,'barangkeluar',NULL,'2016-04-04 17:57:30'),(289,'permen0001',12,NULL,-4,'barangkeluar',NULL,'2016-04-04 17:57:30'),(290,'8991002101630',12,NULL,-1,'barangkeluar',NULL,'2016-04-04 17:57:30'),(291,'8999909028234',13,NULL,-1,'barangkeluar',NULL,'2016-04-04 18:10:15'),(292,'8991906101101',14,NULL,-1,'barangkeluar',NULL,'2016-04-05 11:06:05'),(293,'76164217',15,NULL,-1,'barangkeluar',NULL,'2016-04-05 12:38:01'),(294,'8991002105485',15,NULL,-1,'barangkeluar',NULL,'2016-04-05 12:38:01'),(295,'8991002121010',16,NULL,-1,'barangkeluar',NULL,'2016-04-05 13:02:38'),(296,'0089686010015',16,NULL,-2,'barangkeluar',NULL,'2016-04-05 13:02:38'),(297,'8991002105485',17,NULL,-1,'barangkeluar',NULL,'2016-04-05 13:07:48'),(298,'8991906105758',18,NULL,-1,'barangkeluar',NULL,'2016-04-05 13:36:12'),(299,'8991002105485',18,NULL,-8,'barangkeluar',NULL,'2016-04-05 13:36:12'),(300,'9311931201208',18,NULL,-1,'barangkeluar',NULL,'2016-04-05 13:36:12'),(301,'8996006855145',19,NULL,-1,'barangkeluar',NULL,'2016-04-05 13:37:33'),(302,'8994171101289',20,NULL,-1,'barangkeluar',NULL,'2016-04-05 13:39:49'),(303,'8999909096004',24,NULL,-1,'barangkeluar',NULL,'2016-04-05 13:49:58'),(304,'9311931024036',24,NULL,-1,'barangkeluar',NULL,'2016-04-05 13:49:58'),(305,'8999909028234',25,NULL,-1,'barangkeluar',NULL,'2016-04-05 13:58:19'),(306,'8991002105485',25,NULL,-2,'barangkeluar',NULL,'2016-04-05 13:58:19'),(307,'8991002105485',26,NULL,-1,'barangkeluar',NULL,'2016-04-05 13:59:14'),(308,'9311931024036',27,NULL,-1,'barangkeluar',NULL,'2016-04-05 14:01:38'),(309,'8992858527308',27,NULL,-1,'barangkeluar',NULL,'2016-04-05 14:01:38'),(310,'8991002121010',28,NULL,-1,'barangkeluar',NULL,'2016-04-05 14:06:58'),(311,'8999909028234',28,NULL,-1,'barangkeluar',NULL,'2016-04-05 14:06:58'),(312,'76164217',29,NULL,-2,'barangkeluar',NULL,'2016-04-05 14:09:03'),(313,'8886008101053',29,NULL,-1,'barangkeluar',NULL,'2016-04-05 14:09:03'),(314,'8992696420472',30,NULL,-1,'barangkeluar',NULL,'2016-04-05 14:11:00'),(315,'8996001302026',30,NULL,-2,'barangkeluar',NULL,'2016-04-05 14:11:00'),(316,'8994171101289',30,NULL,-6,'barangkeluar',NULL,'2016-04-05 14:11:00'),(317,'8997021870014',30,NULL,-1,'barangkeluar',NULL,'2016-04-05 14:11:00'),(318,'76164217',31,NULL,-1,'barangkeluar',NULL,'2016-04-05 14:15:30'),(319,'8991002105485',31,NULL,-1,'barangkeluar',NULL,'2016-04-05 14:15:30'),(320,'8998989100120',32,NULL,-1,'barangkeluar',NULL,'2016-04-05 14:23:51'),(321,'8991002105485',32,NULL,-1,'barangkeluar',NULL,'2016-04-05 14:23:51'),(322,'8991002105485',33,NULL,-1,'barangkeluar',NULL,'2016-04-05 14:25:00'),(323,'8999909028234',34,NULL,-1,'barangkeluar',NULL,'2016-04-05 14:32:53'),(324,'8998989100120',35,NULL,-5,'barangkeluar',NULL,'2016-04-05 14:34:35'),(325,'8998989100120',36,NULL,-1,'barangkeluar',NULL,'2016-04-05 14:37:25'),(326,'8991002105485',36,NULL,-1,'barangkeluar',NULL,'2016-04-05 14:37:25'),(327,'8998989300391',37,NULL,-1,'barangkeluar',NULL,'2016-04-05 14:45:42'),(328,'9311931024036',37,NULL,-1,'barangkeluar',NULL,'2016-04-05 14:45:42'),(329,'8999909028234',38,NULL,-1,'barangkeluar',NULL,'2016-04-05 14:47:13'),(330,'8991002105485',38,NULL,-1,'barangkeluar',NULL,'2016-04-05 14:47:13'),(331,'8999909096004',39,NULL,-1,'barangkeluar',NULL,'2016-04-05 14:48:52'),(332,'8991002105485',39,NULL,-1,'barangkeluar',NULL,'2016-04-05 14:48:52'),(333,'8999909010567',40,NULL,-1,'barangkeluar',NULL,'2016-04-05 14:51:52'),(334,'8991002105485',40,NULL,-1,'barangkeluar',NULL,'2016-04-05 14:51:52'),(335,'8998989110167',41,NULL,-1,'barangkeluar',NULL,'2016-04-05 14:53:17'),(336,'8991002105485',41,NULL,-1,'barangkeluar',NULL,'2016-04-05 14:53:17'),(337,'8995078803078',42,NULL,-1,'barangkeluar',NULL,'2016-04-05 14:54:12'),(338,'8999909096004',43,NULL,-1,'barangkeluar',NULL,'2016-04-05 14:54:54'),(339,'76164217',44,NULL,-1,'barangkeluar',NULL,'2016-04-05 14:55:41'),(340,'8999909028234',45,NULL,-1,'barangkeluar',NULL,'2016-04-05 14:56:28'),(341,'8996006855145',46,NULL,-1,'barangkeluar',NULL,'2016-04-05 15:04:26'),(342,'8991002105485',46,NULL,-1,'barangkeluar',NULL,'2016-04-05 15:04:26'),(343,'8996001414002',47,NULL,-2,'barangkeluar',NULL,'2016-04-05 15:06:40'),(344,'8992696420472',48,NULL,-1,'barangkeluar',NULL,'2016-04-05 15:17:05'),(345,'8996001600146',48,NULL,-1,'barangkeluar',NULL,'2016-04-05 15:17:05'),(346,'8996001600221',48,NULL,-1,'barangkeluar',NULL,'2016-04-05 15:17:05'),(347,'8991002105485',49,NULL,-2,'barangkeluar',NULL,'2016-04-05 15:19:15'),(348,'8888166607132',50,NULL,-1,'barangkeluar',NULL,'2016-04-05 16:37:11'),(349,'8997035563414',50,NULL,-2,'barangkeluar',NULL,'2016-04-05 16:37:11'),(350,'8886008101053',50,NULL,-1,'barangkeluar',NULL,'2016-04-05 16:37:11'),(351,'8995078803078',51,NULL,-1,'barangkeluar',NULL,'2016-04-05 17:27:07'),(352,'8998009040023',NULL,NULL,10,'opname','saldo_awal','2016-04-05 17:28:55'),(353,'8996001600146',52,NULL,-1,'barangkeluar',NULL,'2016-04-05 17:31:11'),(354,'8886001038011',52,NULL,-1,'barangkeluar',NULL,'2016-04-05 17:31:11'),(355,'8991002105485',53,NULL,-2,'barangkeluar',NULL,'2016-04-05 17:32:15'),(356,'8992858527308',54,NULL,-1,'barangkeluar',NULL,'2016-04-05 17:33:10'),(357,'8998127514123',55,NULL,-1,'barangkeluar',NULL,'2016-04-05 17:34:23'),(358,'8991002105485',56,NULL,-3,'barangkeluar',NULL,'2016-04-05 17:35:17'),(359,'8992933453119',57,NULL,-1,'barangkeluar',NULL,'2016-04-05 17:36:09'),(360,'8992858527308',58,NULL,-1,'barangkeluar',NULL,'2016-04-05 17:36:55'),(361,'8993189270284',59,NULL,-1,'barangkeluar',NULL,'2016-04-05 17:38:42'),(362,'8858891302114',NULL,NULL,21,'opname','saldo_awal','2016-04-05 17:49:10'),(363,'8858891302152',NULL,NULL,10,'opname','saldo_awal','2016-04-05 17:50:02'),(364,'Snack 005',NULL,NULL,19,'opname','saldo_awal','2016-04-05 17:52:26'),(365,'8992765301008',NULL,NULL,2,'opname','saldo_awal','2016-04-05 17:54:10'),(366,'yalkul001',60,NULL,-1,'barangkeluar',NULL,'2016-04-05 17:57:09'),(367,'8996006855145',60,NULL,-1,'barangkeluar',NULL,'2016-04-05 17:57:09'),(368,'8991906101316',60,NULL,-1,'barangkeluar',NULL,'2016-04-05 17:57:09'),(369,'8991906101101',60,NULL,-1,'barangkeluar',NULL,'2016-04-05 17:57:09'),(370,'8998989100120',60,NULL,-2,'barangkeluar',NULL,'2016-04-05 17:57:09'),(371,'9311931201208',60,NULL,-1,'barangkeluar',NULL,'2016-04-05 17:57:09'),(372,'8999909096004',60,NULL,-3,'barangkeluar',NULL,'2016-04-05 17:57:09'),(373,'permen0001',60,NULL,-4,'barangkeluar',NULL,'2016-04-05 17:57:09'),(374,'Snack 005',60,NULL,-2,'barangkeluar',NULL,'2016-04-05 17:57:09'),(375,'8886001026025',60,NULL,-1,'barangkeluar',NULL,'2016-04-05 17:57:09'),(376,'8996001600221',60,NULL,-1,'barangkeluar',NULL,'2016-04-05 17:57:09'),(377,'8858891302114',60,NULL,-1,'barangkeluar',NULL,'2016-04-05 17:57:09'),(378,'8991001111289',60,NULL,-1,'barangkeluar',NULL,'2016-04-05 17:57:09'),(379,'8992696430204',60,NULL,-10,'barangkeluar',NULL,'2016-04-05 17:57:09'),(380,'8992765301008',60,NULL,-2,'barangkeluar',NULL,'2016-04-05 17:57:09'),(381,'8996001600146',60,NULL,-1,'barangkeluar',NULL,'2016-04-05 17:57:09'),(382,'8999909000377',60,NULL,-1,'barangkeluar',NULL,'2016-04-05 17:57:09'),(383,'8998127514123',60,NULL,-1,'barangkeluar',NULL,'2016-04-05 17:57:09'),(384,'76239878',60,NULL,-1,'barangkeluar',NULL,'2016-04-05 17:57:09'),(385,'8998989110167',60,NULL,-1,'barangkeluar',NULL,'2016-04-05 17:57:09'),(386,'8992727005135',60,NULL,-1,'barangkeluar',NULL,'2016-04-05 17:57:09'),(387,'8992222052993',60,NULL,-1,'barangkeluar',NULL,'2016-04-05 17:57:09'),(388,'8999909028234',60,NULL,-1,'barangkeluar',NULL,'2016-04-05 17:57:09'),(389,'76239878',61,NULL,-1,'barangkeluar',NULL,'2016-04-05 18:06:21'),(390,'8991002105485',61,NULL,-1,'barangkeluar',NULL,'2016-04-05 18:06:21'),(391,'8998127514123',62,NULL,-1,'barangkeluar',NULL,'2016-04-05 18:07:01'),(392,'8999909096004',63,NULL,-2,'barangkeluar',NULL,'2016-04-05 18:08:15'),(393,'8996001600146',64,NULL,-1,'barangkeluar',NULL,'2016-04-05 18:09:25'),(394,'8999909028234',65,NULL,-1,'barangkeluar',NULL,'2016-04-05 18:10:17'),(395,'8992858527308',65,NULL,-1,'barangkeluar',NULL,'2016-04-05 18:10:17'),(396,'yalkul001',66,NULL,-1,'barangkeluar',NULL,'2016-04-05 18:11:21'),(397,'76239878',67,NULL,-1,'barangkeluar',NULL,'2016-04-05 18:12:01'),(398,'8999909028234',68,NULL,-1,'barangkeluar',NULL,'2016-04-05 18:13:06'),(399,'8991002105485',68,NULL,-1,'barangkeluar',NULL,'2016-04-05 18:13:06'),(400,'8999909096004',69,NULL,-1,'barangkeluar',NULL,'2016-04-05 18:13:36'),(401,'8991906101019',70,NULL,-2,'barangkeluar',NULL,'2016-04-05 18:15:05'),(402,'Kaus 001',71,NULL,-1,'barangkeluar',NULL,'2016-04-05 18:16:37'),(403,'8992696415072',72,NULL,-2,'barangkeluar',NULL,'2016-04-05 18:24:25'),(404,'8995177102058',72,NULL,-1,'barangkeluar',NULL,'2016-04-05 18:24:25'),(405,'8991002105423',72,NULL,-1,'barangkeluar',NULL,'2016-04-05 18:24:25'),(406,'8999999401238',72,NULL,-1,'barangkeluar',NULL,'2016-04-05 18:24:25'),(407,'8999999706180-',72,NULL,-1,'barangkeluar',NULL,'2016-04-05 18:24:25'),(408,'8992222050203',72,NULL,-1,'barangkeluar',NULL,'2016-04-05 18:24:25'),(409,'8999999045869',72,NULL,-5,'barangkeluar',NULL,'2016-04-05 18:24:25'),(410,'8996006855145',73,NULL,-1,'barangkeluar',NULL,'2016-04-05 18:28:03'),(411,'8998009010231',73,NULL,-1,'barangkeluar',NULL,'2016-04-05 18:28:03'),(412,'yalkul001',73,NULL,-1,'barangkeluar',NULL,'2016-04-05 18:28:03'),(413,'permen0001',73,NULL,-8,'barangkeluar',NULL,'2016-04-05 18:28:03'),(414,'8996001600146',74,NULL,-2,'barangkeluar',NULL,'2016-04-05 18:29:03'),(415,'8996006855145',74,NULL,-1,'barangkeluar',NULL,'2016-04-05 18:29:03'),(416,'8999909028234',75,NULL,-1,'barangkeluar',NULL,'2016-04-05 18:29:37'),(417,'8999909001909',76,NULL,-1,'barangkeluar',NULL,'2016-04-05 18:30:20'),(418,'8997021870014',77,NULL,-1,'barangkeluar',NULL,'2016-04-05 18:31:37'),(419,'8997009510055',77,NULL,-1,'barangkeluar',NULL,'2016-04-05 18:31:37'),(420,'8991002105485',78,NULL,-1,'barangkeluar',NULL,'2016-04-05 18:32:51'),(421,'9311931024036',78,NULL,-1,'barangkeluar',NULL,'2016-04-05 18:32:51'),(422,'8991002105485',79,NULL,-1,'barangkeluar',NULL,'2016-04-05 18:33:32'),(423,'8991002105485',80,NULL,-11,'barangkeluar',NULL,'2016-04-06 10:53:20'),(424,'9311931024036',80,NULL,-1,'barangkeluar',NULL,'2016-04-06 10:53:20'),(425,'8994171101289',80,NULL,-1,'barangkeluar',NULL,'2016-04-06 10:53:20'),(426,'8996001414002',80,NULL,-1,'barangkeluar',NULL,'2016-04-06 10:53:20'),(427,'8991002101630',80,NULL,-1,'barangkeluar',NULL,'2016-04-06 10:53:20'),(428,'8998989300391',81,NULL,-1,'barangkeluar',NULL,'2016-04-06 10:57:53'),(429,'8991002105485',81,NULL,-1,'barangkeluar',NULL,'2016-04-06 10:57:53'),(430,'8995078803078',82,NULL,-5,'barangkeluar',NULL,'2016-04-06 11:05:16'),(431,'8991002105485',82,NULL,-1,'barangkeluar',NULL,'2016-04-06 11:05:16'),(432,'8992696404441',83,NULL,-1,'barangkeluar',NULL,'2016-04-06 11:06:34'),(433,'8886001038011',83,NULL,-2,'barangkeluar',NULL,'2016-04-06 11:06:34'),(434,'8999909096004',84,NULL,-2,'barangkeluar',NULL,'2016-04-06 11:11:01'),(435,'8991906101101',84,NULL,-1,'barangkeluar',NULL,'2016-04-06 11:11:01'),(436,'8886008101053',84,NULL,-1,'barangkeluar',NULL,'2016-04-06 11:11:01'),(437,'8999909010567',85,NULL,-1,'barangkeluar',NULL,'2016-04-06 11:27:27'),(438,'8999909028234',86,NULL,-1,'barangkeluar',NULL,'2016-04-06 11:28:14'),(439,'8996001600146',86,NULL,-1,'barangkeluar',NULL,'2016-04-06 11:28:14'),(440,'8996001600146',87,NULL,-1,'barangkeluar',NULL,'2016-04-06 11:28:56'),(441,'8992858527308',88,NULL,-1,'barangkeluar',NULL,'2016-04-06 11:30:26'),(442,'8997009510055',89,NULL,-1,'barangkeluar',NULL,'2016-04-06 11:30:47'),(443,'8991002105485',90,NULL,-1,'barangkeluar',NULL,'2016-04-06 11:31:21'),(444,'76239878',91,NULL,-1,'barangkeluar',NULL,'2016-04-06 11:31:51'),(445,'8991002105485',92,NULL,-1,'barangkeluar',NULL,'2016-04-06 11:32:19'),(446,'8995078803078',93,NULL,-1,'barangkeluar',NULL,'2016-04-06 11:32:53'),(447,'8998989300391',94,NULL,-1,'barangkeluar',NULL,'2016-04-06 11:33:24'),(448,'8991002105485',95,NULL,-1,'barangkeluar',NULL,'2016-04-06 11:33:51'),(449,'8991002105485',96,NULL,-1,'barangkeluar',NULL,'2016-04-06 11:34:15'),(450,'8997009510055',97,NULL,-1,'barangkeluar',NULL,'2016-04-06 11:34:38'),(451,'8999909028234',98,NULL,-1,'barangkeluar',NULL,'2016-04-06 11:35:55'),(452,'8991002121010',98,NULL,-1,'barangkeluar',NULL,'2016-04-06 11:35:55'),(453,'8999909096004',99,NULL,-1,'barangkeluar',NULL,'2016-04-06 11:36:40'),(454,'8991002105485',99,NULL,-1,'barangkeluar',NULL,'2016-04-06 11:36:40'),(455,'8998989100120',100,NULL,-1,'barangkeluar',NULL,'2016-04-06 11:37:00'),(456,'8995078803078',101,NULL,-1,'barangkeluar',NULL,'2016-04-06 11:37:35'),(457,'8991002105485',101,NULL,-1,'barangkeluar',NULL,'2016-04-06 11:37:35'),(458,'8991002105485',102,NULL,-2,'barangkeluar',NULL,'2016-04-06 11:38:04'),(459,'8992858527308',103,NULL,-1,'barangkeluar',NULL,'2016-04-06 11:39:19'),(460,'8991002105485',104,NULL,-1,'barangkeluar',NULL,'2016-04-06 11:40:01'),(461,'8998127514123',105,NULL,-1,'barangkeluar',NULL,'2016-04-06 11:40:36'),(462,'9311931024036',105,NULL,-1,'barangkeluar',NULL,'2016-04-06 11:40:36'),(463,'8999909096004',106,NULL,-1,'barangkeluar',NULL,'2016-04-06 11:42:34'),(464,'8999909028234',107,NULL,-2,'barangkeluar',NULL,'2016-04-06 11:43:13'),(465,'8998989110167',108,NULL,-1,'barangkeluar',NULL,'2016-04-06 11:43:35'),(466,'8992753881703',NULL,NULL,2,'opname','saldo_awal','2016-04-06 11:46:31'),(467,'8992802009027',NULL,NULL,1,'opname','saldo_awal','2016-04-06 11:48:17'),(468,'8991991161332',NULL,NULL,2,'opname','saldo_awal','2016-04-06 11:49:44'),(469,'8993560024987',NULL,NULL,4,'opname','saldo_awal','2016-04-06 11:50:34'),(470,'8993560025007',NULL,NULL,6,'opname','saldo_awal','2016-04-06 11:50:54'),(471,'8993560025083',NULL,NULL,6,'opname','saldo_awal','2016-04-06 11:51:17'),(472,'8993560025106',NULL,NULL,7,'opname','saldo_awal','2016-04-06 11:53:23'),(473,'8990057882716',NULL,NULL,1,'opname','saldo_awal','2016-04-06 11:54:51'),(474,'8992696407701',NULL,NULL,3,'opname','saldo_awal','2016-04-06 11:56:55'),(475,'8999099920486',NULL,NULL,1,'opname','saldo_awal','2016-04-06 11:59:24'),(476,'8996001600146',109,NULL,-1,'barangkeluar',NULL,'2016-04-06 12:14:04'),(477,'8999909000162',110,NULL,-1,'barangkeluar',NULL,'2016-04-06 12:15:35'),(478,'8995078803078',111,NULL,-1,'barangkeluar',NULL,'2016-04-06 12:22:40'),(479,'8999909028234',112,NULL,-1,'barangkeluar',NULL,'2016-04-06 12:35:23'),(480,'8999909076006',113,NULL,-1,'barangkeluar',NULL,'2016-04-06 12:43:21'),(481,'8999909096004',113,NULL,-1,'barangkeluar',NULL,'2016-04-06 12:43:21'),(482,'8994171101289',113,NULL,-1,'barangkeluar',NULL,'2016-04-06 12:43:21'),(483,'8999909028234',114,NULL,-1,'barangkeluar',NULL,'2016-04-06 12:58:24'),(484,'8991002121010',114,NULL,-1,'barangkeluar',NULL,'2016-04-06 12:58:24'),(485,'8998989100120',115,NULL,-1,'barangkeluar',NULL,'2016-04-06 12:59:35'),(486,'8992858527308',116,NULL,-1,'barangkeluar',NULL,'2016-04-06 13:00:13'),(487,'8886008101053',117,NULL,-1,'barangkeluar',NULL,'2016-04-06 13:00:58'),(488,'8999909028234',118,NULL,-1,'barangkeluar',NULL,'2016-04-06 13:02:07'),(489,'8991002105485',118,NULL,-1,'barangkeluar',NULL,'2016-04-06 13:02:07'),(490,'8998989100120',119,NULL,-1,'barangkeluar',NULL,'2016-04-06 13:03:10'),(491,'8991002105485',119,NULL,-2,'barangkeluar',NULL,'2016-04-06 13:03:10'),(492,'8999909028234',120,NULL,-1,'barangkeluar',NULL,'2016-04-06 13:04:03'),(493,'8991002105485',120,NULL,-1,'barangkeluar',NULL,'2016-04-06 13:04:03'),(494,'8999909096004',121,NULL,-1,'barangkeluar',NULL,'2016-04-06 13:04:58'),(495,'8991002105485',121,NULL,-1,'barangkeluar',NULL,'2016-04-06 13:04:58'),(496,'8998989300391',122,NULL,-1,'barangkeluar',NULL,'2016-04-06 13:06:46'),(497,'8991002105485',122,NULL,-1,'barangkeluar',NULL,'2016-04-06 13:06:46'),(498,'8999909001909',123,NULL,-1,'barangkeluar',NULL,'2016-04-06 13:07:39'),(499,'8991002105485',123,NULL,-1,'barangkeluar',NULL,'2016-04-06 13:07:39'),(500,'8991002105485',124,NULL,-1,'barangkeluar',NULL,'2016-04-06 13:08:26'),(501,'8999909096004',125,NULL,-1,'barangkeluar',NULL,'2016-04-06 13:09:04'),(502,'8996001600146',125,NULL,-1,'barangkeluar',NULL,'2016-04-06 13:09:04'),(503,'76164217',126,NULL,-1,'barangkeluar',NULL,'2016-04-06 13:09:26'),(504,'76239878',127,NULL,-1,'barangkeluar',NULL,'2016-04-06 13:09:49'),(505,'8992858527308',128,NULL,-1,'barangkeluar',NULL,'2016-04-06 13:10:25'),(506,'8991906105758',129,NULL,-1,'barangkeluar',NULL,'2016-04-06 13:10:54'),(507,'8991002105485',130,NULL,-1,'barangkeluar',NULL,'2016-04-06 13:12:08'),(508,'8992933453119',131,NULL,-1,'barangkeluar',NULL,'2016-04-06 13:13:00'),(509,'8991001111289',131,NULL,-2,'barangkeluar',NULL,'2016-04-06 13:13:00'),(510,'76239878',132,NULL,-2,'barangkeluar',NULL,'2016-04-06 13:13:45'),(511,'8991002105485',133,NULL,-1,'barangkeluar',NULL,'2016-04-06 13:14:56'),(512,'8998989121163',134,NULL,-2,'barangkeluar',NULL,'2016-04-06 13:17:18'),(513,'8991002105485',134,NULL,-1,'barangkeluar',NULL,'2016-04-06 13:17:18'),(514,'8886008101053',135,NULL,-1,'barangkeluar',NULL,'2016-04-06 13:18:36'),(515,'8996001600146',136,NULL,-1,'barangkeluar',NULL,'2016-04-06 13:19:57'),(516,'8992858527308',136,NULL,-1,'barangkeluar',NULL,'2016-04-06 13:19:57'),(517,'8991002105485',137,NULL,-1,'barangkeluar',NULL,'2016-04-06 13:25:01'),(518,'8886001038011',138,NULL,-1,'barangkeluar',NULL,'2016-04-06 13:26:45'),(519,'8996001600221',138,NULL,-1,'barangkeluar',NULL,'2016-04-06 13:26:45'),(520,'8995078803078',139,NULL,-1,'barangkeluar',NULL,'2016-04-06 13:27:45'),(521,'8991002105485',140,NULL,-1,'barangkeluar',NULL,'2016-04-06 13:29:01'),(522,'8992761166038',141,NULL,-1,'barangkeluar',NULL,'2016-04-06 13:31:02'),(523,'8991002105485',142,NULL,-1,'barangkeluar',NULL,'2016-04-06 13:32:57'),(524,'8858891302152',142,NULL,-1,'barangkeluar',NULL,'2016-04-06 13:32:57'),(525,'8991002105485',143,NULL,-1,'barangkeluar',NULL,'2016-04-06 13:33:38'),(526,'76164217',144,NULL,-1,'barangkeluar',NULL,'2016-04-06 13:34:48'),(527,'8991002103238',145,NULL,-2,'barangkeluar',NULL,'2016-04-06 13:36:13'),(528,'8999909010567',146,NULL,-1,'barangkeluar',NULL,'2016-04-06 13:37:47'),(529,'8991002105485',146,NULL,-1,'barangkeluar',NULL,'2016-04-06 13:37:47'),(530,'8991002105485',147,NULL,-2,'barangkeluar',NULL,'2016-04-06 13:40:08'),(531,'8991906101019',148,NULL,-2,'barangkeluar',NULL,'2016-04-06 13:45:08'),(532,'yalkul001',148,NULL,-1,'barangkeluar',NULL,'2016-04-06 13:45:08'),(533,'76239878',148,NULL,-2,'barangkeluar',NULL,'2016-04-06 13:45:08'),(534,'8999909096004',148,NULL,-1,'barangkeluar',NULL,'2016-04-06 13:45:08'),(535,'8995078803078',148,NULL,-1,'barangkeluar',NULL,'2016-04-06 13:45:08'),(536,'9311931024036',148,NULL,-1,'barangkeluar',NULL,'2016-04-06 13:45:08'),(537,'8996006855145',148,NULL,-2,'barangkeluar',NULL,'2016-04-06 13:45:08'),(538,'Korek api001',148,NULL,-1,'barangkeluar',NULL,'2016-04-06 13:45:08'),(539,'8998989100120',148,NULL,-1,'barangkeluar',NULL,'2016-04-06 13:45:08'),(540,'8998127514123',148,NULL,-1,'barangkeluar',NULL,'2016-04-06 13:45:08'),(541,'8991002105485',149,NULL,-1,'barangkeluar',NULL,'2016-04-06 13:47:40'),(542,'8996006142511',149,NULL,-1,'barangkeluar',NULL,'2016-04-06 13:47:40'),(543,'8886008101053',150,NULL,-1,'barangkeluar',NULL,'2016-04-06 13:48:54'),(544,'8996001600146',151,NULL,-2,'barangkeluar',NULL,'2016-04-06 13:49:42'),(545,'8999909076006',152,NULL,-2,'barangkeluar',NULL,'2016-04-06 13:56:20'),(546,'8995078803078',152,NULL,-1,'barangkeluar',NULL,'2016-04-06 13:56:20'),(547,'8991906105758',153,NULL,-1,'barangkeluar',NULL,'2016-04-06 13:56:59'),(548,'8999909028234',154,NULL,-1,'barangkeluar',NULL,'2016-04-06 14:09:16'),(549,'8996001600221',154,NULL,-1,'barangkeluar',NULL,'2016-04-06 14:09:16'),(550,'76239878',155,NULL,-1,'barangkeluar',NULL,'2016-04-06 14:13:07'),(551,'8995078803078',155,NULL,-2,'barangkeluar',NULL,'2016-04-06 14:13:07'),(552,'8995078803078',156,NULL,-1,'barangkeluar',NULL,'2016-04-06 14:17:56'),(553,'8995078803078',157,NULL,-1,'barangkeluar',NULL,'2016-04-06 14:18:46'),(554,'8886001038011',157,NULL,-1,'barangkeluar',NULL,'2016-04-06 14:18:46'),(555,'8991906101101',158,NULL,-1,'barangkeluar',NULL,'2016-04-06 14:21:39'),(556,'8998989300391',159,NULL,-1,'barangkeluar',NULL,'2016-04-06 14:22:27'),(557,'8999909028234',160,NULL,-1,'barangkeluar',NULL,'2016-04-06 14:23:11'),(558,'yalkul001',161,NULL,-1,'barangkeluar',NULL,'2016-04-06 14:24:00'),(559,'8996006855145',162,NULL,-1,'barangkeluar',NULL,'2016-04-06 14:24:25'),(560,'8991002105485',163,NULL,-1,'barangkeluar',NULL,'2016-04-06 14:25:22'),(561,'8991002105485',164,NULL,-1,'barangkeluar',NULL,'2016-04-06 14:26:10'),(562,'76164217',165,NULL,-1,'barangkeluar',NULL,'2016-04-06 14:35:36'),(563,'8992725910400',166,NULL,-1,'barangkeluar',NULL,'2016-04-06 14:37:21'),(564,'8991906105758',167,NULL,-1,'barangkeluar',NULL,'2016-04-06 14:39:12'),(565,'8998989300391',168,NULL,-1,'barangkeluar',NULL,'2016-04-06 14:39:53'),(566,'8997009510055',169,NULL,-1,'barangkeluar',NULL,'2016-04-06 14:40:24'),(567,'8991911101011',170,NULL,-1,'barangkeluar',NULL,'2016-04-06 14:43:20'),(568,'8998009050053',171,NULL,-1,'barangkeluar',NULL,'2016-04-06 14:56:39'),(569,'0089686060027',172,NULL,-1,'barangkeluar',NULL,'2016-04-06 15:10:26'),(570,'0089686060126',172,NULL,-1,'barangkeluar',NULL,'2016-04-06 15:10:26'),(571,'8992753100101',172,NULL,-6,'barangkeluar',NULL,'2016-04-06 15:10:26'),(572,'8992858527308',173,NULL,-2,'barangkeluar',NULL,'2016-04-06 15:16:12'),(573,'8991002105485',174,NULL,-1,'barangkeluar',NULL,'2016-04-06 15:17:19'),(574,'8886008101053',175,NULL,-1,'barangkeluar',NULL,'2016-04-06 15:19:29'),(575,'8996006142511',175,NULL,-1,'barangkeluar',NULL,'2016-04-06 15:19:29'),(576,'Tisue 002',175,NULL,-1,'barangkeluar',NULL,'2016-04-06 15:19:29'),(577,'8998989110167',176,NULL,-1,'barangkeluar',NULL,'2016-04-06 15:23:48'),(578,'8886001026025',177,NULL,-1,'barangkeluar',NULL,'2016-04-06 15:28:08'),(579,'8886007811076',177,NULL,-1,'barangkeluar',NULL,'2016-04-06 15:28:08'),(580,'8992761166038',177,NULL,-1,'barangkeluar',NULL,'2016-04-06 15:28:08'),(581,'8999999049393',177,NULL,-1,'barangkeluar',NULL,'2016-04-06 15:28:08'),(582,'8999999710866',177,NULL,-1,'barangkeluar',NULL,'2016-04-06 15:28:08'),(583,'8995177102058',177,NULL,-1,'barangkeluar',NULL,'2016-04-06 15:28:08'),(584,'8991002105423',177,NULL,-1,'barangkeluar',NULL,'2016-04-06 15:28:08'),(585,'8992696430204',177,NULL,-10,'barangkeluar',NULL,'2016-04-06 15:28:08'),(586,'8886008101053',178,NULL,-1,'barangkeluar',NULL,'2016-04-06 15:28:56'),(587,'8999909096004',179,NULL,-1,'barangkeluar',NULL,'2016-04-06 15:47:14'),(588,'76239878',180,NULL,-1,'barangkeluar',NULL,'2016-04-06 15:48:12'),(589,'76239878',181,NULL,-1,'barangkeluar',NULL,'2016-04-06 15:49:19'),(590,'8997009510055',181,NULL,-1,'barangkeluar',NULL,'2016-04-06 15:49:19'),(591,'8993189270321',182,NULL,-1,'barangkeluar',NULL,'2016-04-06 15:54:21'),(592,'8991002105485',183,NULL,-3,'barangkeluar',NULL,'2016-04-06 15:55:22'),(593,'9311931024036',183,NULL,-1,'barangkeluar',NULL,'2016-04-06 15:55:22'),(594,'Pul001',184,NULL,-1,'barangkeluar',NULL,'2016-04-06 16:59:18'),(595,'8858891302152',184,NULL,-2,'barangkeluar',NULL,'2016-04-06 16:59:18'),(596,'8858891302114',184,NULL,-2,'barangkeluar',NULL,'2016-04-06 16:59:18'),(597,'8992752116233',184,NULL,-1,'barangkeluar',NULL,'2016-04-06 16:59:18'),(598,'8998009010569',NULL,NULL,12,'opname','saldo_awal','2016-04-06 17:07:17'),(599,'8999909028234',185,NULL,-1,'barangkeluar',NULL,'2016-04-06 17:10:37'),(600,'8999909096004',186,NULL,-2,'barangkeluar',NULL,'2016-04-06 17:12:04'),(601,'8998989100120',186,NULL,-1,'barangkeluar',NULL,'2016-04-06 17:12:04'),(602,'8991002105485',187,NULL,-1,'barangkeluar',NULL,'2016-04-06 17:13:14'),(603,'8992858527308',188,NULL,-1,'barangkeluar',NULL,'2016-04-06 17:17:41'),(604,'8997009510017',189,NULL,-2,'barangkeluar',NULL,'2016-04-06 17:22:13'),(605,'8998989110167',189,NULL,-5,'barangkeluar',NULL,'2016-04-06 17:22:13'),(606,'76164217',189,NULL,-1,'barangkeluar',NULL,'2016-04-06 17:22:13'),(607,'76239878',190,NULL,-1,'barangkeluar',NULL,'2016-04-06 17:23:00'),(608,'8995078803078',191,NULL,-1,'barangkeluar',NULL,'2016-04-06 17:25:20'),(609,'8999909076006',191,NULL,-1,'barangkeluar',NULL,'2016-04-06 17:25:20'),(610,'Korek api001',191,NULL,-1,'barangkeluar',NULL,'2016-04-06 17:25:20'),(611,'8991002105485',191,NULL,-1,'barangkeluar',NULL,'2016-04-06 17:25:20'),(612,'8999909028234',192,NULL,-1,'barangkeluar',NULL,'2016-04-06 17:29:18'),(613,'8996001600146',193,NULL,-1,'barangkeluar',NULL,'2016-04-06 17:29:49'),(614,'9311931024036',194,NULL,-1,'barangkeluar',NULL,'2016-04-06 17:37:35'),(615,'0089686010947',194,NULL,-2,'barangkeluar',NULL,'2016-04-06 17:37:35'),(616,'0089686010015',194,NULL,-2,'barangkeluar',NULL,'2016-04-06 17:37:35'),(617,'Tisue 001',194,NULL,-1,'barangkeluar',NULL,'2016-04-06 17:37:35'),(618,'8991906101101',195,NULL,-1,'barangkeluar',NULL,'2016-04-06 17:38:10'),(619,'76164217',196,NULL,-1,'barangkeluar',NULL,'2016-04-06 17:39:39'),(620,'8999909028234',197,NULL,-1,'barangkeluar',NULL,'2016-04-06 17:40:30'),(621,'8992696407701',198,NULL,-1,'barangkeluar',NULL,'2016-04-06 17:42:27'),(622,'8999099920486',198,NULL,-1,'barangkeluar',NULL,'2016-04-06 17:42:27'),(623,'8999999045869',198,NULL,-2,'barangkeluar',NULL,'2016-04-06 17:42:27'),(624,'8999909096004',199,NULL,-1,'barangkeluar',NULL,'2016-04-06 17:43:20'),(625,'8992752116233',200,NULL,-1,'barangkeluar',NULL,'2016-04-06 17:45:37'),(626,'8999909096004',200,NULL,-1,'barangkeluar',NULL,'2016-04-06 17:45:37'),(627,'8992858527308',200,NULL,-1,'barangkeluar',NULL,'2016-04-06 17:45:37'),(628,'8991002105485',200,NULL,-12,'barangkeluar',NULL,'2016-04-06 17:45:37'),(629,'8994171101289',200,NULL,-1,'barangkeluar',NULL,'2016-04-06 17:45:37'),(630,'8991906105758',201,NULL,-1,'barangkeluar',NULL,'2016-04-06 17:46:15'),(631,'8991002105485',202,NULL,-1,'barangkeluar',NULL,'2016-04-06 17:47:31'),(632,'8886008101053',203,NULL,-1,'barangkeluar',NULL,'2016-04-06 17:47:53'),(633,'8992753881703',204,NULL,-2,'barangkeluar',NULL,'2016-04-06 17:50:36'),(634,'8991002105485',205,NULL,-1,'barangkeluar',NULL,'2016-04-06 17:51:19'),(635,'8994171101289',206,NULL,-1,'barangkeluar',NULL,'2016-04-06 17:56:15'),(636,'8992696430204',206,NULL,-1,'barangkeluar',NULL,'2016-04-06 17:56:15'),(637,'8992933453119',206,NULL,-1,'barangkeluar',NULL,'2016-04-06 17:56:15'),(638,'yalkul001',206,NULL,-2,'barangkeluar',NULL,'2016-04-06 17:56:15'),(639,'8992858527308',207,NULL,-1,'barangkeluar',NULL,'2016-04-06 18:08:29'),(640,'8998989110167',208,NULL,-2,'barangkeluar',NULL,'2016-04-07 10:36:43'),(641,'8998989100120',209,NULL,-1,'barangkeluar',NULL,'2016-04-07 10:38:05'),(642,'8886008101053',209,NULL,-1,'barangkeluar',NULL,'2016-04-07 10:38:05'),(643,'yalkul001',209,NULL,-1,'barangkeluar',NULL,'2016-04-07 10:38:05'),(644,'8991002105485',209,NULL,-1,'barangkeluar',NULL,'2016-04-07 10:38:05'),(645,'8999909096004',210,NULL,-1,'barangkeluar',NULL,'2016-04-07 10:39:12'),(646,'8991002105485',210,NULL,-1,'barangkeluar',NULL,'2016-04-07 10:39:12'),(647,'8999909096004',211,NULL,-1,'barangkeluar',NULL,'2016-04-07 11:04:28'),(648,'8999909028234',212,NULL,-1,'barangkeluar',NULL,'2016-04-07 11:05:02'),(649,'8991002105485',213,NULL,-1,'barangkeluar',NULL,'2016-04-07 11:07:33'),(650,'8998989300391',214,NULL,-1,'barangkeluar',NULL,'2016-04-07 11:46:32'),(651,'8991002105485',215,NULL,-1,'barangkeluar',NULL,'2016-04-07 11:47:13'),(652,'8999999029647',216,NULL,-1,'barangkeluar',NULL,'2016-04-07 11:52:40'),(653,'8991991161332',216,NULL,-1,'barangkeluar',NULL,'2016-04-07 11:52:40'),(654,'8991906105758',216,NULL,-1,'barangkeluar',NULL,'2016-04-07 11:52:40'),(655,'/8886057883665',NULL,NULL,20,'opname','saldo_awal','2016-04-07 12:03:04'),(656,'/8886057883665',NULL,NULL,21,'opname','saldo_awal','2016-04-07 12:03:19'),(657,'/8886057883665',NULL,NULL,21,'opname','saldo_awal','2016-04-07 12:04:58'),(658,'9311931024036',217,NULL,-1,'barangkeluar',NULL,'2016-04-07 12:33:37'),(659,'8991002105485',218,NULL,-1,'barangkeluar',NULL,'2016-04-07 12:34:32'),(660,'8991906101019',219,NULL,-1,'barangkeluar',NULL,'2016-04-07 12:46:52'),(661,'8992761166038',219,NULL,-1,'barangkeluar',NULL,'2016-04-07 12:46:52'),(662,'8993989311699',219,NULL,-1,'barangkeluar',NULL,'2016-04-07 12:46:52'),(663,'8992858527308',219,NULL,-1,'barangkeluar',NULL,'2016-04-07 12:46:52'),(664,'8998127311173',219,NULL,-1,'barangkeluar',NULL,'2016-04-07 12:46:52'),(665,'8886008101053',219,NULL,-1,'barangkeluar',NULL,'2016-04-07 12:46:52'),(666,'8996001600146',219,NULL,-1,'barangkeluar',NULL,'2016-04-07 12:46:52'),(667,'8992933453119',220,NULL,-1,'barangkeluar',NULL,'2016-04-07 12:49:51'),(668,'/8886057883665',221,NULL,-1,'barangkeluar',NULL,'2016-04-07 12:53:31'),(669,'8991906105758',222,NULL,-1,'barangkeluar',NULL,'2016-04-07 13:16:01'),(670,'8991002105485',222,NULL,-2,'barangkeluar',NULL,'2016-04-07 13:16:01'),(671,'76239878',223,NULL,-1,'barangkeluar',NULL,'2016-04-07 13:17:32'),(672,'8991002105485',223,NULL,-1,'barangkeluar',NULL,'2016-04-07 13:17:32'),(673,'8991002105485',224,NULL,-1,'barangkeluar',NULL,'2016-04-07 13:18:15'),(674,'8991002105485',225,NULL,-1,'barangkeluar',NULL,'2016-04-07 13:19:16'),(675,'8992858527308',226,NULL,-1,'barangkeluar',NULL,'2016-04-07 13:20:12'),(676,'76164217',226,NULL,-1,'barangkeluar',NULL,'2016-04-07 13:20:12'),(677,'8991002105485',227,NULL,-2,'barangkeluar',NULL,'2016-04-07 13:21:35'),(678,'9311931024036',228,NULL,-1,'barangkeluar',NULL,'2016-04-07 13:22:35'),(679,'8993176110067',229,NULL,-1,'barangkeluar',NULL,'2016-04-07 13:24:36'),(680,'8992761166038',229,NULL,-1,'barangkeluar',NULL,'2016-04-07 13:24:36'),(681,'8999999407919',229,NULL,-1,'barangkeluar',NULL,'2016-04-07 13:24:36'),(682,'8991002105485',230,NULL,-1,'barangkeluar',NULL,'2016-04-07 13:33:48'),(683,'/8886057883665',231,NULL,-1,'barangkeluar',NULL,'2016-04-07 13:35:08'),(684,'8996006855145',231,NULL,-1,'barangkeluar',NULL,'2016-04-07 13:35:08'),(685,'8886001038011',231,NULL,-1,'barangkeluar',NULL,'2016-04-07 13:35:08'),(686,'8991002105485',232,NULL,-1,'barangkeluar',NULL,'2016-04-07 13:35:54'),(687,'8991002105485',233,NULL,-1,'barangkeluar',NULL,'2016-04-07 13:36:41'),(688,'8994171101289',234,NULL,-1,'barangkeluar',NULL,'2016-04-07 13:37:17'),(689,'8991002105485',235,NULL,-1,'barangkeluar',NULL,'2016-04-07 13:38:18'),(690,'8991002105485',236,NULL,-1,'barangkeluar',NULL,'2016-04-07 13:39:09'),(691,'8991002105485',237,NULL,-1,'barangkeluar',NULL,'2016-04-07 13:39:51'),(692,'76164217',238,NULL,-1,'barangkeluar',NULL,'2016-04-07 13:40:46'),(693,'8991002105485',238,NULL,-1,'barangkeluar',NULL,'2016-04-07 13:40:46'),(694,'8991002105485',239,NULL,-4,'barangkeluar',NULL,'2016-04-07 13:42:18'),(695,'8999909001909',240,NULL,-2,'barangkeluar',NULL,'2016-04-07 13:43:16'),(696,'8991002105485',241,NULL,-1,'barangkeluar',NULL,'2016-04-07 13:47:29'),(697,'8998127514123',242,NULL,-1,'barangkeluar',NULL,'2016-04-07 14:10:45'),(698,'8996001600146',242,NULL,-1,'barangkeluar',NULL,'2016-04-07 14:10:45'),(699,'8999909096004',243,NULL,-1,'barangkeluar',NULL,'2016-04-07 14:21:35'),(700,'8992858527308',243,NULL,-1,'barangkeluar',NULL,'2016-04-07 14:21:35'),(701,'8998989100120',244,NULL,-1,'barangkeluar',NULL,'2016-04-07 14:22:16'),(702,'8992761166038',244,NULL,-2,'barangkeluar',NULL,'2016-04-07 14:22:16'),(703,'8991002105485',245,NULL,-1,'barangkeluar',NULL,'2016-04-07 14:22:54'),(704,'76239878',246,NULL,-1,'barangkeluar',NULL,'2016-04-07 14:23:47'),(705,'8996001600146',246,NULL,-1,'barangkeluar',NULL,'2016-04-07 14:23:47'),(706,'8999909000377',247,NULL,-1,'barangkeluar',NULL,'2016-04-07 14:24:43'),(707,'8999909000162',248,NULL,-1,'barangkeluar',NULL,'2016-04-07 14:38:37'),(708,'8995078803078',249,NULL,-1,'barangkeluar',NULL,'2016-04-07 14:43:05'),(709,'8991002105485',249,NULL,-1,'barangkeluar',NULL,'2016-04-07 14:43:05'),(710,'8991002105485',250,NULL,-2,'barangkeluar',NULL,'2016-04-07 14:45:33'),(711,'8999909028234',251,NULL,-1,'barangkeluar',NULL,'2016-04-07 14:47:30'),(712,'8999999049454',251,NULL,-1,'barangkeluar',NULL,'2016-04-07 14:47:30'),(713,'8991002105485',252,NULL,-2,'barangkeluar',NULL,'2016-04-07 14:48:11'),(714,'8996006855145',253,NULL,-2,'barangkeluar',NULL,'2016-04-07 14:48:37'),(715,'8996001600146',254,NULL,-1,'barangkeluar',NULL,'2016-04-07 14:49:16'),(716,'8992858527308',255,NULL,-1,'barangkeluar',NULL,'2016-04-07 14:49:43'),(717,'8999909028234',256,NULL,-1,'barangkeluar',NULL,'2016-04-07 14:50:13'),(718,'8991002105485',257,NULL,-1,'barangkeluar',NULL,'2016-04-07 14:51:17'),(719,'8992696404441',258,NULL,-1,'barangkeluar',NULL,'2016-04-07 14:57:02'),(720,'8991906101101',259,NULL,-1,'barangkeluar',NULL,'2016-04-07 14:58:42'),(721,'8886008101053',260,NULL,-1,'barangkeluar',NULL,'2016-04-07 15:13:43'),(722,'8999909096004',261,NULL,-1,'barangkeluar',NULL,'2016-04-07 15:18:02'),(723,'8998989300391',261,NULL,-1,'barangkeluar',NULL,'2016-04-07 15:18:02'),(724,'8999999033217',261,NULL,-1,'barangkeluar',NULL,'2016-04-07 15:18:02'),(725,'8998009020179',261,NULL,-1,'barangkeluar',NULL,'2016-04-07 15:18:02'),(726,'76239878',262,NULL,-1,'barangkeluar',NULL,'2016-04-07 15:49:17'),(727,'8998989110167',263,NULL,-1,'barangkeluar',NULL,'2016-04-07 15:50:22'),(728,'8991002105485',264,NULL,-1,'barangkeluar',NULL,'2016-04-07 17:04:29'),(729,'8999909096004',265,NULL,-20,'barangkeluar',NULL,'2016-04-07 17:07:09'),(730,'8995078803078',266,NULL,-1,'barangkeluar',NULL,'2016-04-07 17:13:14'),(731,'8996006855145',266,NULL,-1,'barangkeluar',NULL,'2016-04-07 17:13:14'),(732,'8886008101053',267,NULL,-1,'barangkeluar',NULL,'2016-04-07 17:14:30'),(733,'8991002105485',268,NULL,-1,'barangkeluar',NULL,'2016-04-07 17:15:28'),(734,'8999909010567',269,NULL,-1,'barangkeluar',NULL,'2016-04-07 17:16:37'),(735,'8991002105485',269,NULL,-1,'barangkeluar',NULL,'2016-04-07 17:16:37'),(736,'8996006855145',NULL,4,12,'barangmasuk',NULL,'2016-04-07 17:21:38'),(737,'8997035563414',270,NULL,-1,'barangkeluar',NULL,'2016-04-07 17:24:20'),(738,'8999909028234',270,NULL,-1,'barangkeluar',NULL,'2016-04-07 17:24:20'),(739,'8998989300391',271,NULL,-1,'barangkeluar',NULL,'2016-04-07 17:29:31'),(740,'8999909076006',272,NULL,-1,'barangkeluar',NULL,'2016-04-07 17:30:43'),(741,'76164217',273,NULL,-1,'barangkeluar',NULL,'2016-04-07 17:31:55'),(742,'8994171101289',273,NULL,-1,'barangkeluar',NULL,'2016-04-07 17:31:55'),(743,'76164217',274,NULL,-1,'barangkeluar',NULL,'2016-04-07 17:32:34'),(744,'8991002105485',275,NULL,-1,'barangkeluar',NULL,'2016-04-07 17:33:32'),(745,'8996006855145',276,NULL,-2,'barangkeluar',NULL,'2016-04-07 17:38:28'),(746,'8992752116233',276,NULL,-1,'barangkeluar',NULL,'2016-04-07 17:38:28'),(747,'Permen002',276,NULL,-4,'barangkeluar',NULL,'2016-04-07 17:38:28'),(748,'8997018460150',276,NULL,-1,'barangkeluar',NULL,'2016-04-07 17:38:28'),(749,'8992696404441',276,NULL,-1,'barangkeluar',NULL,'2016-04-07 17:38:28'),(750,'8998127514123',276,NULL,-1,'barangkeluar',NULL,'2016-04-07 17:38:28'),(751,'76164217',276,NULL,-1,'barangkeluar',NULL,'2016-04-07 17:38:28'),(752,'8992858527308',276,NULL,-1,'barangkeluar',NULL,'2016-04-07 17:38:28'),(753,'8996006142511',276,NULL,-2,'barangkeluar',NULL,'2016-04-07 17:38:28'),(754,'8999909096004',276,NULL,-2,'barangkeluar',NULL,'2016-04-07 17:38:28'),(755,'yalkul001',276,NULL,-1,'barangkeluar',NULL,'2016-04-07 17:38:28'),(756,'8998989100120',277,NULL,-1,'barangkeluar',NULL,'2016-04-07 17:47:47'),(757,'8991001111289',277,NULL,-6,'barangkeluar',NULL,'2016-04-07 17:47:47'),(758,'8991002105485',277,NULL,-11,'barangkeluar',NULL,'2016-04-07 17:47:47'),(759,'9311931024036',277,NULL,-1,'barangkeluar',NULL,'2016-04-07 17:47:47'),(760,'8994171101289',277,NULL,-2,'barangkeluar',NULL,'2016-04-07 17:47:47'),(761,'8991906101019',278,NULL,-1,'barangkeluar',NULL,'2016-04-07 17:48:26'),(762,'8991002105485',279,NULL,-3,'barangkeluar',NULL,'2016-04-07 17:49:48'),(763,'8991002105485',280,NULL,-1,'barangkeluar',NULL,'2016-04-07 17:52:29'),(764,'8998989300391',281,NULL,-1,'barangkeluar',NULL,'2016-04-07 17:53:48'),(765,'8991906101101',282,NULL,-1,'barangkeluar',NULL,'2016-04-08 10:52:38'),(766,'8996001440049',282,NULL,-1,'barangkeluar',NULL,'2016-04-08 10:52:38'),(767,'8996001600146',283,NULL,-1,'barangkeluar',NULL,'2016-04-08 10:53:40'),(768,'Snack 005',283,NULL,-4,'barangkeluar',NULL,'2016-04-08 10:53:40'),(769,'8991906101019',284,NULL,-1,'barangkeluar',NULL,'2016-04-08 11:08:14'),(770,'8997009510055',285,NULL,-1,'barangkeluar',NULL,'2016-04-08 11:09:27'),(771,'8999909000162',286,NULL,-1,'barangkeluar',NULL,'2016-04-08 11:11:19'),(772,'8991002105485',286,NULL,-1,'barangkeluar',NULL,'2016-04-08 11:11:19'),(773,'8991906101019',287,NULL,-1,'barangkeluar',NULL,'2016-04-08 11:11:51'),(774,'8996001600146',288,NULL,-1,'barangkeluar',NULL,'2016-04-08 11:12:32'),(775,'8997009510055',289,NULL,-1,'barangkeluar',NULL,'2016-04-08 11:13:13'),(776,'8999909096004',290,NULL,-1,'barangkeluar',NULL,'2016-04-08 11:14:15'),(777,'8999909096004',291,NULL,-1,'barangkeluar',NULL,'2016-04-08 12:03:29'),(778,'8886008101053',292,NULL,-1,'barangkeluar',NULL,'2016-04-08 12:04:11'),(779,'8994171101289',293,NULL,-1,'barangkeluar',NULL,'2016-04-08 12:04:48'),(780,'8999999706180-',294,NULL,-2,'barangkeluar',NULL,'2016-04-08 12:08:29'),(781,'0089686010947',294,NULL,-10,'barangkeluar',NULL,'2016-04-08 12:08:29'),(782,'0089686010527',294,NULL,-10,'barangkeluar',NULL,'2016-04-08 12:08:29'),(783,'8992753100101',294,NULL,-1,'barangkeluar',NULL,'2016-04-08 12:08:29'),(784,'8992946121029',294,NULL,-1,'barangkeluar',NULL,'2016-04-08 12:08:29'),(785,'8992696430204',294,NULL,-10,'barangkeluar',NULL,'2016-04-08 12:08:29'),(786,'0711844120013',294,NULL,-1,'barangkeluar',NULL,'2016-04-08 12:08:29'),(787,'0089686010015',295,NULL,-10,'barangkeluar',NULL,'2016-04-08 12:40:25'),(788,'0089686010343',295,NULL,-5,'barangkeluar',NULL,'2016-04-08 12:40:25'),(789,'0749921005946',295,NULL,-10,'barangkeluar',NULL,'2016-04-08 12:40:25'),(790,'8886008101053',295,NULL,-2,'barangkeluar',NULL,'2016-04-08 12:40:25'),(791,'8999099920738',NULL,5,1,'barangmasuk',NULL,'2016-04-08 12:44:32'),(792,'4800361347655',NULL,2,1,'barangmasuk',NULL,'2016-04-08 12:45:12'),(793,'8992696420472',NULL,2,5,'barangmasuk',NULL,'2016-04-08 12:45:12'),(794,'8992696405257',NULL,2,1,'barangmasuk',NULL,'2016-04-08 12:45:12'),(795,'8996001600146',296,NULL,-2,'barangkeluar',NULL,'2016-04-08 12:56:33'),(796,'8996001600146',297,NULL,-2,'barangkeluar',NULL,'2016-04-08 12:58:44'),(797,'8991002105485',298,NULL,-1,'barangkeluar',NULL,'2016-04-08 13:00:54'),(798,'8991002105485',299,NULL,-1,'barangkeluar',NULL,'2016-04-08 13:14:49'),(799,'8991002105485',300,NULL,-10,'barangkeluar',NULL,'2016-04-08 14:02:07'),(800,'76164217',300,NULL,-1,'barangkeluar',NULL,'2016-04-08 14:02:07'),(801,'8997009510017',301,NULL,-1,'barangkeluar',NULL,'2016-04-08 14:04:26'),(802,'8886001038011',301,NULL,-1,'barangkeluar',NULL,'2016-04-08 14:04:26'),(803,'8991002105485',302,NULL,-2,'barangkeluar',NULL,'2016-04-08 14:12:09'),(804,'8991002105485',303,NULL,-1,'barangkeluar',NULL,'2016-04-08 14:13:57'),(805,'8996006855145',304,NULL,-1,'barangkeluar',NULL,'2016-04-08 14:14:46'),(806,'/8886057883665',304,NULL,-1,'barangkeluar',NULL,'2016-04-08 14:14:46'),(807,'8991002105485',305,NULL,-1,'barangkeluar',NULL,'2016-04-08 14:15:47'),(808,'8991002105485',306,NULL,-1,'barangkeluar',NULL,'2016-04-08 14:16:51'),(809,'8991002105485',307,NULL,-1,'barangkeluar',NULL,'2016-04-08 14:17:25'),(810,'8991002105485',308,NULL,-1,'barangkeluar',NULL,'2016-04-08 14:18:10'),(811,'8992858527308',308,NULL,-1,'barangkeluar',NULL,'2016-04-08 14:18:10'),(812,'9311931201208',309,NULL,-1,'barangkeluar',NULL,'2016-04-08 14:19:52'),(813,'8991002105485',309,NULL,-1,'barangkeluar',NULL,'2016-04-08 14:19:52'),(814,'8992858527308',310,NULL,-1,'barangkeluar',NULL,'2016-04-08 14:21:54'),(815,'8991002105485',311,NULL,-2,'barangkeluar',NULL,'2016-04-08 14:23:32'),(816,'8998989300391',312,NULL,-1,'barangkeluar',NULL,'2016-04-08 14:24:02'),(817,'8992858527308',312,NULL,-1,'barangkeluar',NULL,'2016-04-08 14:24:02'),(818,'8991002105485',313,NULL,-1,'barangkeluar',NULL,'2016-04-08 14:24:43'),(819,'8992761166038',314,NULL,-1,'barangkeluar',NULL,'2016-04-08 14:25:15'),(820,'8886001038011',314,NULL,-1,'barangkeluar',NULL,'2016-04-08 14:25:15'),(821,'8996001600146',315,NULL,-2,'barangkeluar',NULL,'2016-04-08 14:26:20'),(822,'8998009010569',315,NULL,-1,'barangkeluar',NULL,'2016-04-08 14:26:20'),(823,'8999909028234',316,NULL,-1,'barangkeluar',NULL,'2016-04-08 14:26:59'),(824,'8994171101289',316,NULL,-1,'barangkeluar',NULL,'2016-04-08 14:26:59'),(825,'8991906105758',317,NULL,-1,'barangkeluar',NULL,'2016-04-08 14:27:57'),(826,'8995078803078',318,NULL,-1,'barangkeluar',NULL,'2016-04-08 14:28:51'),(827,'8991002105485',318,NULL,-1,'barangkeluar',NULL,'2016-04-08 14:28:51'),(828,'8992752116233',319,NULL,-1,'barangkeluar',NULL,'2016-04-08 14:30:30'),(829,'9311931024036',319,NULL,-1,'barangkeluar',NULL,'2016-04-08 14:30:30'),(830,'76239878',320,NULL,-1,'barangkeluar',NULL,'2016-04-08 14:31:41'),(831,'8999909010567',320,NULL,-1,'barangkeluar',NULL,'2016-04-08 14:31:41'),(832,'8999909028234',321,NULL,-1,'barangkeluar',NULL,'2016-04-08 14:32:26'),(833,'8991002121010',321,NULL,-1,'barangkeluar',NULL,'2016-04-08 14:32:26'),(834,'8991002105485',322,NULL,-1,'barangkeluar',NULL,'2016-04-08 14:32:58'),(835,'76164217',323,NULL,-1,'barangkeluar',NULL,'2016-04-08 14:34:20'),(836,'8991002105485',323,NULL,-1,'barangkeluar',NULL,'2016-04-08 14:34:20'),(837,'8997009510055',324,NULL,-1,'barangkeluar',NULL,'2016-04-08 14:34:52'),(838,'8999909096004',325,NULL,-1,'barangkeluar',NULL,'2016-04-08 14:44:43'),(839,'8998009050053',325,NULL,-1,'barangkeluar',NULL,'2016-04-08 14:44:43'),(840,'8991906105758',NULL,6,20,'barangmasuk',NULL,'2016-04-08 15:22:28'),(841,'8991906101019',NULL,6,20,'barangmasuk',NULL,'2016-04-08 15:22:28'),(842,'8991906101057',NULL,6,3,'barangmasuk',NULL,'2016-04-08 15:22:28'),(843,'8999909028234',326,NULL,-1,'barangkeluar',NULL,'2016-04-08 15:24:14'),(844,'8886008101053',327,NULL,-1,'barangkeluar',NULL,'2016-04-08 15:28:18'),(845,'8991002105485',327,NULL,-1,'barangkeluar',NULL,'2016-04-08 15:28:18'),(846,'8999999033170',328,NULL,-1,'barangkeluar',NULL,'2016-04-08 15:39:04'),(847,'8998866607315',328,NULL,-1,'barangkeluar',NULL,'2016-04-08 15:39:04'),(848,'8999999390198',328,NULL,-1,'barangkeluar',NULL,'2016-04-08 15:39:04'),(849,'8999999706180-',328,NULL,-1,'barangkeluar',NULL,'2016-04-08 15:39:04'),(850,'8992696420472',329,NULL,-1,'barangkeluar',NULL,'2016-04-08 16:04:21'),(851,'8991001111289',330,NULL,-1,'barangkeluar',NULL,'2016-04-08 16:13:59'),(852,'8992761166038',330,NULL,-1,'barangkeluar',NULL,'2016-04-08 16:13:59'),(853,'8998009010248',330,NULL,-1,'barangkeluar',NULL,'2016-04-08 16:13:59'),(854,'yalkul001',NULL,33,25,'barangmasuk',NULL,'2016-04-08 17:15:40'),(855,'Snack 3500',NULL,NULL,15,'opname','saldo_awal','2016-04-08 17:18:57'),(856,'Snack 2000',NULL,NULL,28,'opname','saldo_awal','2016-04-08 17:19:27'),(857,'Snack 3000',NULL,NULL,10,'opname','saldo_awal','2016-04-08 17:20:32'),(858,'8992628020152',331,NULL,-1,'barangkeluar',NULL,'2016-04-08 17:40:17'),(859,'8999999407919',331,NULL,-1,'barangkeluar',NULL,'2016-04-08 17:40:17'),(860,'8991001111289',331,NULL,-2,'barangkeluar',NULL,'2016-04-08 17:40:17'),(861,'8999999706180-',331,NULL,-1,'barangkeluar',NULL,'2016-04-08 17:40:17'),(862,'8991102300421',331,NULL,-1,'barangkeluar',NULL,'2016-04-08 17:40:17'),(863,'8990057882716',331,NULL,-1,'barangkeluar',NULL,'2016-04-08 17:40:17'),(864,'8993189272141',332,NULL,-1,'barangkeluar',NULL,'2016-04-08 18:01:46'),(865,'4800361347655',332,NULL,-1,'barangkeluar',NULL,'2016-04-08 18:01:46'),(866,'8999999390198',333,NULL,-4,'barangkeluar',NULL,'2016-04-08 18:05:34'),(867,'8999999406929',333,NULL,-1,'barangkeluar',NULL,'2016-04-08 18:05:34'),(868,'8992696405257',334,NULL,-1,'barangkeluar',NULL,'2016-04-08 18:10:44'),(869,'8993560025106',334,NULL,-1,'barangkeluar',NULL,'2016-04-08 18:10:44'),(870,'8993560024987',334,NULL,-1,'barangkeluar',NULL,'2016-04-08 18:10:44'),(871,'4902430400947',334,NULL,-1,'barangkeluar',NULL,'2016-04-08 18:10:44'),(872,'8992696427006',335,NULL,-1,'barangkeluar',NULL,'2016-04-08 18:12:15'),(873,'9311931201208',336,NULL,-1,'barangkeluar',NULL,'2016-04-09 10:51:46'),(874,'8991002103764',336,NULL,-1,'barangkeluar',NULL,'2016-04-09 10:51:46'),(875,'8999999045869',337,NULL,-1,'barangkeluar',NULL,'2016-04-09 10:53:33'),(876,'8999999036638',337,NULL,-1,'barangkeluar',NULL,'2016-04-09 10:53:33'),(877,'8999909096004',338,NULL,-1,'barangkeluar',NULL,'2016-04-09 10:55:40'),(878,'8999909001909',339,NULL,-1,'barangkeluar',NULL,'2016-04-09 10:57:37'),(879,'8991002105485',339,NULL,-1,'barangkeluar',NULL,'2016-04-09 10:57:37'),(880,'Snack 2000',340,NULL,-1,'barangkeluar',NULL,'2016-04-09 10:58:50'),(881,'8992858527308',341,NULL,-1,'barangkeluar',NULL,'2016-04-09 10:59:26'),(882,'8997009510055',342,NULL,-1,'barangkeluar',NULL,'2016-04-09 10:59:56'),(883,'9311931024036',343,NULL,-1,'barangkeluar',NULL,'2016-04-09 11:02:15'),(884,'8999909096004',343,NULL,-1,'barangkeluar',NULL,'2016-04-09 11:02:15'),(885,'8999909096004',344,NULL,-1,'barangkeluar',NULL,'2016-04-09 11:03:24'),(886,'8991002105485',344,NULL,-2,'barangkeluar',NULL,'2016-04-09 11:03:24'),(887,'8991002105485',345,NULL,-1,'barangkeluar',NULL,'2016-04-09 11:04:44'),(888,'8991002105485',346,NULL,-1,'barangkeluar',NULL,'2016-04-09 11:06:33'),(889,'8999909096004',347,NULL,-1,'barangkeluar',NULL,'2016-04-09 11:07:12'),(890,'Snack 3500',348,NULL,-1,'barangkeluar',NULL,'2016-04-09 11:08:08'),(891,'8996001600146',349,NULL,-1,'barangkeluar',NULL,'2016-04-09 11:08:37'),(892,'8996001600146',350,NULL,-1,'barangkeluar',NULL,'2016-04-09 11:09:35'),(893,'8991002105485',350,NULL,-1,'barangkeluar',NULL,'2016-04-09 11:09:35'),(894,'8886008101053',351,NULL,-1,'barangkeluar',NULL,'2016-04-09 11:10:03'),(895,'8991906105758',352,NULL,-1,'barangkeluar',NULL,'2016-04-09 11:11:07'),(896,'8992858527308',352,NULL,-1,'barangkeluar',NULL,'2016-04-09 11:11:07'),(897,'8996001600146',353,NULL,-1,'barangkeluar',NULL,'2016-04-09 11:11:45'),(898,'Snack 3500',354,NULL,-1,'barangkeluar',NULL,'2016-04-09 11:12:14'),(899,'8998009050053',355,NULL,-1,'barangkeluar',NULL,'2016-04-09 11:13:11'),(900,'8886001038011',355,NULL,-1,'barangkeluar',NULL,'2016-04-09 11:13:11'),(901,'8991002105485',356,NULL,-1,'barangkeluar',NULL,'2016-04-09 11:13:56'),(902,'8999909028234',356,NULL,-1,'barangkeluar',NULL,'2016-04-09 11:13:56'),(903,'8999099920738',357,NULL,-1,'barangkeluar',NULL,'2016-04-09 11:14:43'),(904,'8998989100120',357,NULL,-1,'barangkeluar',NULL,'2016-04-09 11:14:43'),(905,'8991002105485',358,NULL,-2,'barangkeluar',NULL,'2016-04-09 11:15:50'),(906,'8998989100120',359,NULL,-1,'barangkeluar',NULL,'2016-04-09 11:16:42'),(907,'8991002105485',359,NULL,-1,'barangkeluar',NULL,'2016-04-09 11:16:42'),(908,'76239878',360,NULL,-1,'barangkeluar',NULL,'2016-04-09 11:17:53'),(909,'8991002105485',360,NULL,-1,'barangkeluar',NULL,'2016-04-09 11:17:53'),(910,'8991906101019',361,NULL,-1,'barangkeluar',NULL,'2016-04-09 11:19:14'),(911,'8998989121163',362,NULL,-1,'barangkeluar',NULL,'2016-04-09 11:19:48'),(912,'8992628020152',363,NULL,-1,'barangkeluar',NULL,'2016-04-09 11:21:53'),(913,'76239878',364,NULL,-1,'barangkeluar',NULL,'2016-04-09 11:22:29'),(914,'8992858527308',365,NULL,-1,'barangkeluar',NULL,'2016-04-09 11:23:17'),(915,'8995078803078',366,NULL,-1,'barangkeluar',NULL,'2016-04-09 11:23:45'),(916,'8991002101630',367,NULL,-1,'barangkeluar',NULL,'2016-04-09 11:24:20'),(917,'8991002105485',368,NULL,-1,'barangkeluar',NULL,'2016-04-09 11:24:52'),(918,'8991002105485',369,NULL,-2,'barangkeluar',NULL,'2016-04-09 11:25:37'),(919,'8991002105485',370,NULL,-1,'barangkeluar',NULL,'2016-04-09 11:26:11'),(920,'8991002105485',371,NULL,-1,'barangkeluar',NULL,'2016-04-09 11:26:50'),(921,'Snack 3500',372,NULL,-1,'barangkeluar',NULL,'2016-04-09 11:27:33'),(922,'yalkul001',372,NULL,-1,'barangkeluar',NULL,'2016-04-09 11:27:33'),(923,'yalkul001',373,NULL,-2,'barangkeluar',NULL,'2016-04-09 11:28:35'),(924,'Snack 3000',374,NULL,-4,'barangkeluar',NULL,'2016-04-09 11:31:16'),(925,'Snack 3500',375,NULL,-6,'barangkeluar',NULL,'2016-04-09 11:34:05'),(926,'8991002103238',376,NULL,-10,'barangkeluar',NULL,'2016-04-09 11:36:32'),(927,'8858891302152',377,NULL,-2,'barangkeluar',NULL,'2016-04-09 11:41:11'),(928,'8992858527308',377,NULL,-1,'barangkeluar',NULL,'2016-04-09 11:41:11'),(929,'Snack 3000',378,NULL,-2,'barangkeluar',NULL,'2016-04-09 11:42:06'),(930,'8997009510055',379,NULL,-1,'barangkeluar',NULL,'2016-04-09 11:44:56'),(931,'8991906105758',380,NULL,-1,'barangkeluar',NULL,'2016-04-09 12:15:47'),(932,'8991906105758',381,NULL,-1,'barangkeluar',NULL,'2016-04-09 12:21:00'),(933,'8999909096004',382,NULL,-1,'barangkeluar',NULL,'2016-04-09 13:13:05'),(934,'8993058000684',382,NULL,-12,'barangkeluar',NULL,'2016-04-09 13:13:05'),(935,'8996001600146',382,NULL,-4,'barangkeluar',NULL,'2016-04-09 13:13:05'),(936,'76239878',382,NULL,-1,'barangkeluar',NULL,'2016-04-09 13:13:05'),(937,'8999909000377',382,NULL,-1,'barangkeluar',NULL,'2016-04-09 13:13:05'),(938,'8886008101053',382,NULL,-2,'barangkeluar',NULL,'2016-04-09 13:13:05'),(939,'8992752116233',382,NULL,-1,'barangkeluar',NULL,'2016-04-09 13:13:05'),(940,'8992761166038',382,NULL,-1,'barangkeluar',NULL,'2016-04-09 13:13:05'),(941,'8993189270321',382,NULL,-1,'barangkeluar',NULL,'2016-04-09 13:13:05'),(942,'Tisue 001',382,NULL,-1,'barangkeluar',NULL,'2016-04-09 13:13:05'),(943,'Permen002',382,NULL,-8,'barangkeluar',NULL,'2016-04-09 13:13:05'),(944,'8996006855145',382,NULL,-1,'barangkeluar',NULL,'2016-04-09 13:13:05'),(945,'8996001600221',382,NULL,-1,'barangkeluar',NULL,'2016-04-09 13:13:05'),(946,'8998989121163',382,NULL,-1,'barangkeluar',NULL,'2016-04-09 13:13:05'),(947,'8992858527308',382,NULL,-1,'barangkeluar',NULL,'2016-04-09 13:13:05'),(948,'8991002105485',382,NULL,-9,'barangkeluar',NULL,'2016-04-09 13:13:05'),(949,'8991002105676',382,NULL,-2,'barangkeluar',NULL,'2016-04-09 13:13:05'),(950,'8992933453119',382,NULL,-1,'barangkeluar',NULL,'2016-04-09 13:13:05'),(951,'8994171101289',382,NULL,-2,'barangkeluar',NULL,'2016-04-09 13:13:05'),(952,'Snack 2000',382,NULL,-10,'barangkeluar',NULL,'2016-04-09 13:13:05'),(953,'Snack 3500',382,NULL,-4,'barangkeluar',NULL,'2016-04-09 13:13:05'),(954,'Snack 2000',383,NULL,-1,'barangkeluar',NULL,'2016-04-09 13:16:56'),(955,'Snack 3500',384,NULL,-1,'barangkeluar',NULL,'2016-04-09 13:18:23'),(956,'8991906101101',385,NULL,-1,'barangkeluar',NULL,'2016-04-09 13:20:46'),(957,'8991002121010',386,NULL,-1,'barangkeluar',NULL,'2016-04-09 13:22:08'),(958,'8995078803078',387,NULL,-1,'barangkeluar',NULL,'2016-04-09 13:22:42'),(959,'76239878',388,NULL,-1,'barangkeluar',NULL,'2016-04-09 13:28:54'),(960,'yalkul001',388,NULL,-1,'barangkeluar',NULL,'2016-04-09 13:28:54'),(961,'8998989100120',389,NULL,-1,'barangkeluar',NULL,'2016-04-09 13:29:43'),(962,'8991911101011',390,NULL,-1,'barangkeluar',NULL,'2016-04-09 13:49:31'),(963,'8991002105485',391,NULL,-1,'barangkeluar',NULL,'2016-04-09 13:50:33'),(964,'8999999029357',392,NULL,-1,'barangkeluar',NULL,'2016-04-09 13:51:40'),(965,'8999999719418',392,NULL,-1,'barangkeluar',NULL,'2016-04-09 13:51:40'),(966,'8991002105485',393,NULL,-2,'barangkeluar',NULL,'2016-04-09 13:55:34'),(967,'8999909076006',394,NULL,-1,'barangkeluar',NULL,'2016-04-09 13:59:51'),(968,'9311931024036',394,NULL,-1,'barangkeluar',NULL,'2016-04-09 13:59:51'),(969,'8991002105485',395,NULL,-1,'barangkeluar',NULL,'2016-04-09 14:00:31'),(970,'8992761147020',396,NULL,-1,'barangkeluar',NULL,'2016-04-09 14:00:59'),(971,'8999909001909',397,NULL,-1,'barangkeluar',NULL,'2016-04-09 14:03:21'),(972,'8991002105485',397,NULL,-1,'barangkeluar',NULL,'2016-04-09 14:03:21'),(973,'8996001600146',398,NULL,-1,'barangkeluar',NULL,'2016-04-09 14:03:58'),(974,'8991002105485',398,NULL,-2,'barangkeluar',NULL,'2016-04-09 14:03:58'),(975,'8999909028234',399,NULL,-1,'barangkeluar',NULL,'2016-04-09 14:04:40'),(976,'8991002105485',400,NULL,-1,'barangkeluar',NULL,'2016-04-09 14:05:19'),(977,'8991906101019',401,NULL,-1,'barangkeluar',NULL,'2016-04-09 14:05:54'),(978,'8999909028234',402,NULL,-1,'barangkeluar',NULL,'2016-04-09 14:06:23'),(979,'76164217',403,NULL,-1,'barangkeluar',NULL,'2016-04-09 14:07:45'),(980,'9311931024036',403,NULL,-1,'barangkeluar',NULL,'2016-04-09 14:07:45'),(981,'8991002105485',404,NULL,-1,'barangkeluar',NULL,'2016-04-09 14:08:31'),(982,'76239878',405,NULL,-1,'barangkeluar',NULL,'2016-04-09 14:09:33'),(983,'8991002105485',405,NULL,-1,'barangkeluar',NULL,'2016-04-09 14:09:33'),(984,'8995078803078',406,NULL,-1,'barangkeluar',NULL,'2016-04-09 14:10:54'),(985,'8999909076006',406,NULL,-1,'barangkeluar',NULL,'2016-04-09 14:10:54'),(986,'8991002105485',406,NULL,-1,'barangkeluar',NULL,'2016-04-09 14:10:54'),(987,'76239878',407,NULL,-1,'barangkeluar',NULL,'2016-04-09 14:11:36'),(988,'8999909096004',408,NULL,-2,'barangkeluar',NULL,'2016-04-09 14:13:00'),(989,'8992933453119',409,NULL,-1,'barangkeluar',NULL,'2016-04-09 14:17:28'),(990,'8991002101630',409,NULL,-1,'barangkeluar',NULL,'2016-04-09 14:17:28'),(991,'9311931201208',409,NULL,-1,'barangkeluar',NULL,'2016-04-09 14:17:28'),(992,'8991002105485',409,NULL,-2,'barangkeluar',NULL,'2016-04-09 14:17:28'),(993,'8992858527308',410,NULL,-1,'barangkeluar',NULL,'2016-04-09 14:19:50'),(994,'8991002105485',411,NULL,-1,'barangkeluar',NULL,'2016-04-09 14:21:20'),(995,'8996001600146',411,NULL,-1,'barangkeluar',NULL,'2016-04-09 14:21:20'),(996,'8998989300391',412,NULL,-1,'barangkeluar',NULL,'2016-04-09 14:22:51'),(997,'8991002105485',412,NULL,-1,'barangkeluar',NULL,'2016-04-09 14:22:51'),(998,'8996001600221',413,NULL,-1,'barangkeluar',NULL,'2016-04-09 14:29:37'),(999,'8858891302114',413,NULL,-1,'barangkeluar',NULL,'2016-04-09 14:29:37'),(1000,'8991002105485',414,NULL,-1,'barangkeluar',NULL,'2016-04-09 14:30:23'),(1001,'yalkul001',415,NULL,-5,'barangkeluar',NULL,'2016-04-09 14:31:23'),(1002,'8999909096004',416,NULL,-2,'barangkeluar',NULL,'2016-04-09 14:31:56'),(1003,'8991002105485',417,NULL,-1,'barangkeluar',NULL,'2016-04-09 14:32:49'),(1004,'8991002105485',418,NULL,-1,'barangkeluar',NULL,'2016-04-09 14:33:49'),(1005,'8997035563414',419,NULL,-1,'barangkeluar',NULL,'2016-04-09 14:37:23'),(1006,'8999909001909',419,NULL,-1,'barangkeluar',NULL,'2016-04-09 14:37:23'),(1007,'8991906101101',419,NULL,-1,'barangkeluar',NULL,'2016-04-09 14:37:23'),(1008,'8996001600146',419,NULL,-1,'barangkeluar',NULL,'2016-04-09 14:37:23'),(1009,'8992761166038',419,NULL,-2,'barangkeluar',NULL,'2016-04-09 14:37:23'),(1010,'8991002103764',419,NULL,-1,'barangkeluar',NULL,'2016-04-09 14:37:23'),(1011,'8991002105485',419,NULL,-3,'barangkeluar',NULL,'2016-04-09 14:37:23'),(1012,'8992802009027',420,NULL,-1,'barangkeluar',NULL,'2016-04-09 14:39:31'),(1013,'8999909096004',420,NULL,-1,'barangkeluar',NULL,'2016-04-09 14:39:31'),(1014,'8998989300391',421,NULL,-2,'barangkeluar',NULL,'2016-04-09 14:54:35'),(1015,'8991002105485',421,NULL,-1,'barangkeluar',NULL,'2016-04-09 14:54:35'),(1016,'8994171101289',422,NULL,-1,'barangkeluar',NULL,'2016-04-09 14:56:23'),(1017,'8991002105485',423,NULL,-2,'barangkeluar',NULL,'2016-04-09 15:09:48'),(1018,'8999909028234',424,NULL,-2,'barangkeluar',NULL,'2016-04-09 15:10:36'),(1019,'8991002101630',425,NULL,-1,'barangkeluar',NULL,'2016-04-09 15:19:20'),(1020,'8991906105758',426,NULL,-1,'barangkeluar',NULL,'2016-04-09 15:31:16'),(1021,'8994171101289',426,NULL,-1,'barangkeluar',NULL,'2016-04-09 15:31:16'),(1022,'8999909096004',427,NULL,-1,'barangkeluar',NULL,'2016-04-09 15:35:23'),(1023,'8999909096004',428,NULL,-1,'barangkeluar',NULL,'2016-04-09 16:03:11'),(1024,'8996001600146',429,NULL,-1,'barangkeluar',NULL,'2016-04-09 16:05:58'),(1025,'8991002105485',429,NULL,-1,'barangkeluar',NULL,'2016-04-09 16:05:58'),(1026,'8997032711023',429,NULL,-2,'barangkeluar',NULL,'2016-04-09 16:05:58'),(1027,'8991906101071',430,NULL,-1,'barangkeluar',NULL,'2016-04-09 16:10:46'),(1028,'8992858527308',430,NULL,-1,'barangkeluar',NULL,'2016-04-09 16:10:46'),(1029,'8991002105485',431,NULL,-2,'barangkeluar',NULL,'2016-04-09 16:52:06'),(1030,'9311931024036',431,NULL,-1,'barangkeluar',NULL,'2016-04-09 16:52:06'),(1031,'8994171101289',431,NULL,-1,'barangkeluar',NULL,'2016-04-09 16:52:06'),(1032,'8995078803078',432,NULL,-1,'barangkeluar',NULL,'2016-04-09 16:52:48'),(1033,'8991906101019',433,NULL,-10,'barangkeluar',NULL,'2016-04-09 16:53:35'),(1034,'8991991161332',434,NULL,-1,'barangkeluar',NULL,'2016-04-11 10:48:07'),(1035,'Tisue 002',434,NULL,-1,'barangkeluar',NULL,'2016-04-11 10:48:07'),(1036,'8992696420472',435,NULL,-1,'barangkeluar',NULL,'2016-04-11 11:13:49'),(1037,'8992946121029',435,NULL,-1,'barangkeluar',NULL,'2016-04-11 11:13:49'),(1038,'GULA0001',435,NULL,-1,'barangkeluar',NULL,'2016-04-11 11:13:49'),(1039,'8992222052993',435,NULL,-1,'barangkeluar',NULL,'2016-04-11 11:13:49'),(1040,'8999999036638',435,NULL,-1,'barangkeluar',NULL,'2016-04-11 11:13:49'),(1041,'8999999045869',435,NULL,-1,'barangkeluar',NULL,'2016-04-11 11:13:49'),(1042,'8999999045876',435,NULL,-1,'barangkeluar',NULL,'2016-04-11 11:13:49'),(1043,'8999999036607',435,NULL,-1,'barangkeluar',NULL,'2016-04-11 11:13:49'),(1044,'8996001440124',435,NULL,-5,'barangkeluar',NULL,'2016-04-11 11:13:49'),(1045,'8996001440087',435,NULL,-5,'barangkeluar',NULL,'2016-04-11 11:13:49'),(1046,'8999999706180-',435,NULL,-1,'barangkeluar',NULL,'2016-04-11 11:13:49'),(1047,'8992727005289',435,NULL,-1,'barangkeluar',NULL,'2016-04-11 11:13:49'),(1048,'9311931201208',435,NULL,-2,'barangkeluar',NULL,'2016-04-11 11:13:49'),(1049,'8992752116233',436,NULL,-2,'barangkeluar',NULL,'2016-04-11 11:33:44'),(1050,'8992858527308',436,NULL,-2,'barangkeluar',NULL,'2016-04-11 11:33:44'),(1051,'yalkul001',437,NULL,-1,'barangkeluar',NULL,'2016-04-11 11:34:36'),(1052,'8991002105485',437,NULL,-1,'barangkeluar',NULL,'2016-04-11 11:34:36'),(1053,'8998989100120',438,NULL,-1,'barangkeluar',NULL,'2016-04-11 11:47:36'),(1054,'Tisue 002',439,NULL,-1,'barangkeluar',NULL,'2016-04-11 11:48:12'),(1055,'76239878',440,NULL,-2,'barangkeluar',NULL,'2016-04-11 11:49:45'),(1056,'8991002105485',440,NULL,-1,'barangkeluar',NULL,'2016-04-11 11:49:45'),(1057,'9311931024036',441,NULL,-1,'barangkeluar',NULL,'2016-04-11 11:59:59'),(1058,'8999909096004',441,NULL,-1,'barangkeluar',NULL,'2016-04-11 11:59:59'),(1059,'8995078803078',442,NULL,-1,'barangkeluar',NULL,'2016-04-11 12:10:11'),(1060,'8991002105485',442,NULL,-1,'barangkeluar',NULL,'2016-04-11 12:10:11'),(1061,'8991002105485',443,NULL,-1,'barangkeluar',NULL,'2016-04-11 12:10:59'),(1062,'8991002105485',444,NULL,-1,'barangkeluar',NULL,'2016-04-11 12:11:50'),(1063,'8999909076006',444,NULL,-1,'barangkeluar',NULL,'2016-04-11 12:11:50'),(1064,'8995078803078',445,NULL,-1,'barangkeluar',NULL,'2016-04-11 12:26:30'),(1065,'8991001111289',446,NULL,-1,'barangkeluar',NULL,'2016-04-11 12:29:03'),(1066,'8992858527308',446,NULL,-1,'barangkeluar',NULL,'2016-04-11 12:29:03'),(1067,'8992752116233',447,NULL,-1,'barangkeluar',NULL,'2016-04-11 12:29:58'),(1068,'8858891302152',448,NULL,-1,'barangkeluar',NULL,'2016-04-11 12:30:29'),(1069,'8999909096004',449,NULL,-2,'barangkeluar',NULL,'2016-04-11 12:30:56'),(1070,'8999909010567',450,NULL,-1,'barangkeluar',NULL,'2016-04-11 12:31:29'),(1071,'8998989300391',451,NULL,-1,'barangkeluar',NULL,'2016-04-11 12:32:19'),(1072,'8999909028234',452,NULL,-1,'barangkeluar',NULL,'2016-04-11 12:32:59'),(1073,'8886008101053',452,NULL,-1,'barangkeluar',NULL,'2016-04-11 12:32:59'),(1074,'8999909096004',453,NULL,-1,'barangkeluar',NULL,'2016-04-11 12:33:38'),(1075,'8991002105485',453,NULL,-1,'barangkeluar',NULL,'2016-04-11 12:33:38'),(1076,'8999909028234',454,NULL,-1,'barangkeluar',NULL,'2016-04-11 12:35:15'),(1077,'8991002105485',454,NULL,-1,'barangkeluar',NULL,'2016-04-11 12:35:15'),(1078,'8991002105485',455,NULL,-1,'barangkeluar',NULL,'2016-04-11 12:35:53'),(1079,'8991002105485',456,NULL,-1,'barangkeluar',NULL,'2016-04-11 12:36:38'),(1080,'8991906105758',457,NULL,-1,'barangkeluar',NULL,'2016-04-11 12:37:22'),(1081,'8999909096004',458,NULL,-1,'barangkeluar',NULL,'2016-04-11 12:38:15'),(1082,'8991002105485',458,NULL,-2,'barangkeluar',NULL,'2016-04-11 12:38:15'),(1083,'8999999045876',459,NULL,-3,'barangkeluar',NULL,'2016-04-11 12:40:22'),(1084,'8999999706180-',459,NULL,-1,'barangkeluar',NULL,'2016-04-11 12:40:22'),(1085,'/8886057883665',459,NULL,-1,'barangkeluar',NULL,'2016-04-11 12:40:22'),(1086,'8886001038011',459,NULL,-4,'barangkeluar',NULL,'2016-04-11 12:40:22'),(1087,'8991102020152',459,NULL,-3,'barangkeluar',NULL,'2016-04-11 12:40:22'),(1088,'8994171101289',460,NULL,-10,'barangkeluar',NULL,'2016-04-11 12:41:29'),(1089,'8992753100101',461,NULL,-1,'barangkeluar',NULL,'2016-04-11 13:28:55'),(1090,'8991002105423',461,NULL,-1,'barangkeluar',NULL,'2016-04-11 13:28:55'),(1091,'8996001414002',461,NULL,-2,'barangkeluar',NULL,'2016-04-11 13:28:55'),(1092,'9311931024036',461,NULL,-1,'barangkeluar',NULL,'2016-04-11 13:28:55'),(1093,'8991002105485',462,NULL,-1,'barangkeluar',NULL,'2016-04-11 13:48:17'),(1094,'8992753100101',463,NULL,-10,'barangkeluar',NULL,'2016-04-11 14:25:13'),(1095,'8992753102204',463,NULL,-5,'barangkeluar',NULL,'2016-04-11 14:25:13'),(1096,'8993176110067',463,NULL,-1,'barangkeluar',NULL,'2016-04-11 14:25:13'),(1097,'8993560025007',463,NULL,-5,'barangkeluar',NULL,'2016-04-11 14:25:13'),(1098,'8999999710866',463,NULL,-1,'barangkeluar',NULL,'2016-04-11 14:25:13'),(1099,'8992858527308',464,NULL,-1,'barangkeluar',NULL,'2016-04-11 14:39:27'),(1100,'8991002105485',465,NULL,-2,'barangkeluar',NULL,'2016-04-11 14:42:48'),(1101,'76239878',466,NULL,-1,'barangkeluar',NULL,'2016-04-11 14:47:01'),(1102,'8991002105485',466,NULL,-1,'barangkeluar',NULL,'2016-04-11 14:47:01'),(1103,'76164217',467,NULL,-1,'barangkeluar',NULL,'2016-04-11 14:50:07'),(1104,'76164217',468,NULL,-1,'barangkeluar',NULL,'2016-04-11 14:52:10'),(1105,'76164217',469,NULL,-1,'barangkeluar',NULL,'2016-04-11 14:53:09'),(1106,'8991002105485',469,NULL,-1,'barangkeluar',NULL,'2016-04-11 14:53:09'),(1107,'8991002105485',470,NULL,-2,'barangkeluar',NULL,'2016-04-11 14:53:48'),(1108,'8991002105485',471,NULL,-1,'barangkeluar',NULL,'2016-04-11 14:54:37'),(1109,'76164217',472,NULL,-1,'barangkeluar',NULL,'2016-04-11 14:55:27'),(1110,'8991002105485',472,NULL,-1,'barangkeluar',NULL,'2016-04-11 14:55:27'),(1111,'8992858527308',473,NULL,-1,'barangkeluar',NULL,'2016-04-11 14:59:20'),(1112,'8994171101289',474,NULL,-2,'barangkeluar',NULL,'2016-04-11 15:01:04'),(1113,'8999909096004',475,NULL,-2,'barangkeluar',NULL,'2016-04-11 15:01:37'),(1114,'8999909028234',476,NULL,-1,'barangkeluar',NULL,'2016-04-11 15:02:23'),(1115,'8998009050053',476,NULL,-1,'barangkeluar',NULL,'2016-04-11 15:02:23'),(1116,'8991906101019',477,NULL,-1,'barangkeluar',NULL,'2016-04-11 15:03:53'),(1117,'8995078803078',478,NULL,-1,'barangkeluar',NULL,'2016-04-11 15:04:25'),(1118,'8991906105758',479,NULL,-1,'barangkeluar',NULL,'2016-04-11 15:05:10'),(1119,'8991002105485',479,NULL,-2,'barangkeluar',NULL,'2016-04-11 15:05:10'),(1120,'8991002105485',480,NULL,-1,'barangkeluar',NULL,'2016-04-11 15:05:43'),(1121,'8996006855145',481,NULL,-1,'barangkeluar',NULL,'2016-04-11 15:06:09'),(1122,'8991906101101',482,NULL,-1,'barangkeluar',NULL,'2016-04-11 15:06:39'),(1123,'8999909028234',483,NULL,-1,'barangkeluar',NULL,'2016-04-11 15:07:16'),(1124,'8999909028234',484,NULL,-1,'barangkeluar',NULL,'2016-04-11 15:07:40'),(1125,'8998009050053',485,NULL,-1,'barangkeluar',NULL,'2016-04-11 15:08:23'),(1126,'mini wafer001',486,NULL,-1,'barangkeluar',NULL,'2016-04-11 15:09:44'),(1127,'Snack 2000',486,NULL,-1,'barangkeluar',NULL,'2016-04-11 15:09:44'),(1128,'8999909028234',487,NULL,-1,'barangkeluar',NULL,'2016-04-11 15:10:30'),(1129,'8994171101289',487,NULL,-1,'barangkeluar',NULL,'2016-04-11 15:10:30'),(1130,'8999909028234',488,NULL,-1,'barangkeluar',NULL,'2016-04-11 15:11:15'),(1131,'8996001600146',488,NULL,-1,'barangkeluar',NULL,'2016-04-11 15:11:15'),(1132,'permen0001',488,NULL,-4,'barangkeluar',NULL,'2016-04-11 15:11:15'),(1133,'8996006855145',489,NULL,-1,'barangkeluar',NULL,'2016-04-11 15:11:57'),(1134,'8858891302152',490,NULL,-1,'barangkeluar',NULL,'2016-04-11 15:12:42'),(1135,'8991906101019',491,NULL,-2,'barangkeluar',NULL,'2016-04-11 15:13:09'),(1136,'8992727005289',492,NULL,-2,'barangkeluar',NULL,'2016-04-11 15:45:03'),(1137,'8992946121029',492,NULL,-1,'barangkeluar',NULL,'2016-04-11 15:45:03'),(1138,'8993560025106',492,NULL,-3,'barangkeluar',NULL,'2016-04-11 15:45:03'),(1139,'8999999045869',492,NULL,-2,'barangkeluar',NULL,'2016-04-11 15:45:03'),(1140,'9311931024036',493,NULL,-1,'barangkeluar',NULL,'2016-04-11 16:13:34'),(1141,'8995078803078',494,NULL,-4,'barangkeluar',NULL,'2016-04-11 16:18:48'),(1142,'GULA0001',495,NULL,-1,'barangkeluar',NULL,'2016-04-11 16:19:53'),(1143,'8992696407701',495,NULL,-1,'barangkeluar',NULL,'2016-04-11 16:19:53'),(1144,'8991002105485',496,NULL,-1,'barangkeluar',NULL,'2016-04-11 17:29:05'),(1145,'8886008101053',497,NULL,-1,'barangkeluar',NULL,'2016-04-11 17:29:32'),(1146,'8991002105485',498,NULL,-1,'barangkeluar',NULL,'2016-04-11 17:30:07'),(1147,'8994171101289',499,NULL,-1,'barangkeluar',NULL,'2016-04-11 17:30:53'),(1148,'8991002105485',499,NULL,-1,'barangkeluar',NULL,'2016-04-11 17:30:53'),(1149,'8991002105485',500,NULL,-3,'barangkeluar',NULL,'2016-04-11 17:37:35'),(1150,'8992858527308',501,NULL,-1,'barangkeluar',NULL,'2016-04-11 17:41:47'),(1151,'8991002105485',501,NULL,-1,'barangkeluar',NULL,'2016-04-11 17:41:47'),(1152,'8998009010910',502,NULL,-40,'barangkeluar',NULL,'2016-04-11 17:43:46'),(1153,'8858891302114',503,NULL,-1,'barangkeluar',NULL,'2016-04-11 17:47:51'),(1154,'8886008101053',504,NULL,-1,'barangkeluar',NULL,'2016-04-11 17:48:33'),(1155,'8999909096004',505,NULL,-1,'barangkeluar',NULL,'2016-04-11 17:50:09'),(1156,'8999909096004',506,NULL,-1,'barangkeluar',NULL,'2016-04-11 17:50:40'),(1157,'8999909028234',507,NULL,-1,'barangkeluar',NULL,'2016-04-11 17:54:03'),(1158,'8992761166038',508,NULL,-1,'barangkeluar',NULL,'2016-04-11 17:54:53'),(1159,'8998989110167',508,NULL,-1,'barangkeluar',NULL,'2016-04-11 17:54:53'),(1160,'8995078803078',509,NULL,-1,'barangkeluar',NULL,'2016-04-11 17:58:27'),(1161,'8999909076006',510,NULL,-1,'barangkeluar',NULL,'2016-04-11 17:59:10'),(1162,'Korek api001',510,NULL,-1,'barangkeluar',NULL,'2016-04-11 17:59:10'),(1163,'8995078803078',511,NULL,-2,'barangkeluar',NULL,'2016-04-11 17:59:44'),(1164,'8992696420472',512,NULL,-1,'barangkeluar',NULL,'2016-04-11 18:04:05'),(1165,'8999999045876',512,NULL,-1,'barangkeluar',NULL,'2016-04-11 18:04:05'),(1166,'8997032711122',512,NULL,-1,'barangkeluar',NULL,'2016-04-11 18:04:05'),(1167,'8997032711023',512,NULL,-1,'barangkeluar',NULL,'2016-04-11 18:04:05'),(1168,'Snack 005',512,NULL,-2,'barangkeluar',NULL,'2016-04-11 18:04:05'),(1169,'8999909010567',513,NULL,-1,'barangkeluar',NULL,'2016-04-12 11:11:43'),(1170,'8996001600146',514,NULL,-1,'barangkeluar',NULL,'2016-04-12 11:13:51'),(1171,'8991002105485',514,NULL,-1,'barangkeluar',NULL,'2016-04-12 11:13:51'),(1172,'8994171101289',514,NULL,-1,'barangkeluar',NULL,'2016-04-12 11:13:51'),(1173,'8991002121010',515,NULL,-1,'barangkeluar',NULL,'2016-04-12 11:14:28'),(1174,'8999909096004',516,NULL,-1,'barangkeluar',NULL,'2016-04-12 11:15:33'),(1175,'yalkul001',516,NULL,-2,'barangkeluar',NULL,'2016-04-12 11:15:33'),(1176,'9311931024036',516,NULL,-1,'barangkeluar',NULL,'2016-04-12 11:15:33'),(1177,'8998989100120',517,NULL,-1,'barangkeluar',NULL,'2016-04-12 11:16:16'),(1178,'8991002105485',518,NULL,-14,'barangkeluar',NULL,'2016-04-12 11:36:50'),(1179,'8999909010567',518,NULL,-1,'barangkeluar',NULL,'2016-04-12 11:36:50'),(1180,'8999909001909',518,NULL,-1,'barangkeluar',NULL,'2016-04-12 11:36:50'),(1181,'8996006855145',518,NULL,-1,'barangkeluar',NULL,'2016-04-12 11:36:50'),(1182,'8999909096004',518,NULL,-1,'barangkeluar',NULL,'2016-04-12 11:36:50'),(1183,'8998009020179',518,NULL,-1,'barangkeluar',NULL,'2016-04-12 11:36:50'),(1184,'permen0001',518,NULL,-12,'barangkeluar',NULL,'2016-04-12 11:36:50'),(1185,'Snack 2000',518,NULL,-1,'barangkeluar',NULL,'2016-04-12 11:36:50'),(1186,'Permen002',518,NULL,-16,'barangkeluar',NULL,'2016-04-12 11:36:50'),(1187,'8991906101101',518,NULL,-2,'barangkeluar',NULL,'2016-04-12 11:36:50'),(1188,'76239878',518,NULL,-2,'barangkeluar',NULL,'2016-04-12 11:36:50'),(1189,'8991002101630',518,NULL,-2,'barangkeluar',NULL,'2016-04-12 11:36:50'),(1190,'9311931024036',518,NULL,-3,'barangkeluar',NULL,'2016-04-12 11:36:50'),(1191,'8992858527308',518,NULL,-3,'barangkeluar',NULL,'2016-04-12 11:36:50'),(1192,'8996001600221',518,NULL,-1,'barangkeluar',NULL,'2016-04-12 11:36:50'),(1193,'8997009510055',518,NULL,-1,'barangkeluar',NULL,'2016-04-12 11:36:50'),(1194,'8994171101289',518,NULL,-1,'barangkeluar',NULL,'2016-04-12 11:36:50'),(1195,'Kaus 002',518,NULL,-1,'barangkeluar',NULL,'2016-04-12 11:36:50'),(1196,'8996001600146',518,NULL,-3,'barangkeluar',NULL,'2016-04-12 11:36:50'),(1197,'8992752116233',518,NULL,-1,'barangkeluar',NULL,'2016-04-12 11:36:50'),(1198,'yalkul001',518,NULL,-1,'barangkeluar',NULL,'2016-04-12 11:36:50'),(1199,'8995078803078',519,NULL,-1,'barangkeluar',NULL,'2016-04-12 11:43:31'),(1200,'8991002105485',519,NULL,-1,'barangkeluar',NULL,'2016-04-12 11:43:31'),(1201,'8991002105485',520,NULL,-1,'barangkeluar',NULL,'2016-04-12 11:44:13'),(1202,'76239878',521,NULL,-1,'barangkeluar',NULL,'2016-04-12 11:45:42'),(1203,'8991002105485',521,NULL,-1,'barangkeluar',NULL,'2016-04-12 11:45:42'),(1204,'8999909028234',522,NULL,-1,'barangkeluar',NULL,'2016-04-12 11:46:40'),(1205,'8991002105485',522,NULL,-1,'barangkeluar',NULL,'2016-04-12 11:46:40'),(1206,'9311931024036',523,NULL,-10,'barangkeluar',NULL,'2016-04-12 11:54:35'),(1207,'8997032711023',523,NULL,-2,'barangkeluar',NULL,'2016-04-12 11:54:35'),(1208,'8998009050053',524,NULL,-1,'barangkeluar',NULL,'2016-04-12 11:55:55'),(1209,'8994171101289',524,NULL,-1,'barangkeluar',NULL,'2016-04-12 11:55:55'),(1210,'yalkul001',525,NULL,-1,'barangkeluar',NULL,'2016-04-12 11:56:34'),(1211,'8999999027278',NULL,NULL,0,'opname','saldo_awal','2016-04-12 12:27:19'),(1212,'8998127514123',NULL,34,20,'barangmasuk',NULL,'2016-04-12 12:46:42'),(1213,'8998989110167',NULL,34,20,'barangmasuk',NULL,'2016-04-12 12:46:42'),(1214,'8999909096004',NULL,34,100,'barangmasuk',NULL,'2016-04-12 12:46:42'),(1215,'76239878',NULL,34,20,'barangmasuk',NULL,'2016-04-12 12:46:42'),(1216,'76164217',NULL,34,10,'barangmasuk',NULL,'2016-04-12 12:46:42'),(1217,'8999909028234',NULL,34,40,'barangmasuk',NULL,'2016-04-12 12:46:42'),(1218,'8999909010567',NULL,34,20,'barangmasuk',NULL,'2016-04-12 12:46:42'),(1219,'8995078803078',NULL,34,50,'barangmasuk',NULL,'2016-04-12 12:46:42'),(1220,'8998989100120',NULL,34,60,'barangmasuk',NULL,'2016-04-12 12:46:42'),(1221,'8998989300391',NULL,34,20,'barangmasuk',NULL,'2016-04-12 12:46:42'),(1222,'8991906101019',NULL,34,10,'barangmasuk',NULL,'2016-04-12 12:46:42'),(1223,'8999909076006',NULL,34,10,'barangmasuk',NULL,'2016-04-12 12:46:42'),(1224,'8991911101011',NULL,34,10,'barangmasuk',NULL,'2016-04-12 12:46:42'),(1225,'8999999401238',NULL,34,10,'barangmasuk',NULL,'2016-04-12 12:46:42'),(1226,'8991002105485',NULL,34,360,'barangmasuk',NULL,'2016-04-12 12:46:42'),(1227,'8999999100506',NULL,34,5,'barangmasuk',NULL,'2016-04-12 12:46:42'),(1228,'8999999407919',NULL,34,5,'barangmasuk',NULL,'2016-04-12 12:46:42'),(1229,'8999999001124',NULL,34,2,'barangmasuk',NULL,'2016-04-12 12:46:42'),(1230,'8999999027278',NULL,34,2,'barangmasuk',NULL,'2016-04-12 12:46:42'),(1231,'Tisue 002',NULL,34,5,'barangmasuk',NULL,'2016-04-12 12:46:42'),(1243,'8992696404441',NULL,NULL,20,'opname','saldo_awal','2016-04-12 12:53:22'),(1244,'8999999041656',NULL,NULL,2,'opname','saldo_awal','2016-04-12 12:54:44'),(1245,'4902430400961',NULL,NULL,1,'opname','saldo_awal','2016-04-12 12:57:01'),(1246,'4902430400978',NULL,NULL,1,'opname','saldo_awal','2016-04-12 12:57:12'),(1247,'8999999029333',NULL,NULL,2,'opname','saldo_awal','2016-04-12 12:57:53'),(1248,'8888166989399',NULL,NULL,0,'opname','saldo_awal','2016-04-12 13:14:12'),(1249,'8996001302637',NULL,NULL,0,'opname','saldo_awal','2016-04-12 13:14:40'),(1250,'8888166842557',NULL,NULL,0,'opname','saldo_awal','2016-04-12 13:14:48'),(1251,'8993039111255',NULL,NULL,0,'opname','saldo_awal','2016-04-12 13:14:55'),(1252,'8991001770011',NULL,NULL,0,'opname','saldo_awal','2016-04-12 13:15:03'),(1253,'8994755030431',NULL,NULL,0,'opname','saldo_awal','2016-04-12 13:15:10'),(1254,'8888166991491',NULL,NULL,0,'opname','saldo_awal','2016-04-12 13:15:29'),(1255,'8888166336605',NULL,NULL,0,'opname','saldo_awal','2016-04-12 13:16:01'),(1256,'8888166991224',NULL,NULL,0,'opname','saldo_awal','2016-04-12 13:16:09'),(1257,'8888166993433',NULL,NULL,0,'opname','saldo_awal','2016-04-12 13:16:15'),(1258,'8888166989399',NULL,35,3,'barangmasuk',NULL,'2016-04-12 13:23:30'),(1259,'8996001302637',NULL,35,3,'barangmasuk',NULL,'2016-04-12 13:23:30'),(1260,'8888166842557',NULL,35,3,'barangmasuk',NULL,'2016-04-12 13:23:30'),(1261,'8888166330306',NULL,35,1,'barangmasuk',NULL,'2016-04-12 13:23:30'),(1262,'8888166609365',NULL,35,1,'barangmasuk',NULL,'2016-04-12 13:23:30'),(1263,'8993039111255',NULL,35,3,'barangmasuk',NULL,'2016-04-12 13:23:30'),(1264,'8991102300544',NULL,35,2,'barangmasuk',NULL,'2016-04-12 13:23:30'),(1265,'8991102300421',NULL,35,1,'barangmasuk',NULL,'2016-04-12 13:23:30'),(1266,'8991001770011',NULL,35,3,'barangmasuk',NULL,'2016-04-12 13:23:30'),(1267,'8994755030431',NULL,35,3,'barangmasuk',NULL,'2016-04-12 13:23:30'),(1268,'8886001026025',NULL,35,3,'barangmasuk',NULL,'2016-04-12 13:23:30'),(1269,'8888166991491',NULL,35,3,'barangmasuk',NULL,'2016-04-12 13:23:30'),(1270,'8888166336605',NULL,35,3,'barangmasuk',NULL,'2016-04-12 13:23:30'),(1271,'8991001111289',NULL,35,10,'barangmasuk',NULL,'2016-04-12 13:23:30'),(1272,'8888166991224',NULL,35,3,'barangmasuk',NULL,'2016-04-12 13:23:30'),(1273,'8888166993433',NULL,35,3,'barangmasuk',NULL,'2016-04-12 13:23:30'),(1274,'8992760221028',NULL,35,3,'barangmasuk',NULL,'2016-04-12 13:23:30'),(1275,'8996001302026',NULL,35,3,'barangmasuk',NULL,'2016-04-12 13:23:30'),(1289,'8995078803078',526,NULL,-1,'barangkeluar',NULL,'2016-04-12 14:45:50'),(1290,'8991002105485',526,NULL,-1,'barangkeluar',NULL,'2016-04-12 14:45:50'),(1291,'8997009510055',527,NULL,-1,'barangkeluar',NULL,'2016-04-12 14:47:22'),(1292,'8991906105758',528,NULL,-1,'barangkeluar',NULL,'2016-04-12 14:47:52'),(1293,'76239878',529,NULL,-1,'barangkeluar',NULL,'2016-04-12 14:48:42'),(1294,'76164217',530,NULL,-1,'barangkeluar',NULL,'2016-04-12 14:49:50'),(1295,'8991002105485',530,NULL,-1,'barangkeluar',NULL,'2016-04-12 14:49:50'),(1296,'8992761166038',531,NULL,-1,'barangkeluar',NULL,'2016-04-12 14:53:22'),(1297,'8992696404441',531,NULL,-1,'barangkeluar',NULL,'2016-04-12 14:53:22'),(1298,'8888166991491',531,NULL,-1,'barangkeluar',NULL,'2016-04-12 14:53:22'),(1299,'8991102300421',531,NULL,-1,'barangkeluar',NULL,'2016-04-12 14:53:22'),(1300,'8888166989399',531,NULL,-1,'barangkeluar',NULL,'2016-04-12 14:53:22'),(1301,'Snack 2000',531,NULL,-2,'barangkeluar',NULL,'2016-04-12 14:53:22'),(1302,'8886001038011',531,NULL,-2,'barangkeluar',NULL,'2016-04-12 14:53:22'),(1303,'76239878',532,NULL,-1,'barangkeluar',NULL,'2016-04-12 14:54:35'),(1304,'8991002105485',533,NULL,-1,'barangkeluar',NULL,'2016-04-12 14:58:03'),(1305,'8999909076006',534,NULL,-1,'barangkeluar',NULL,'2016-04-12 14:59:28'),(1306,'8991002105485',534,NULL,-1,'barangkeluar',NULL,'2016-04-12 14:59:28'),(1307,'8991002121010',535,NULL,-1,'barangkeluar',NULL,'2016-04-12 15:01:29'),(1308,'8998989100120',536,NULL,-1,'barangkeluar',NULL,'2016-04-12 15:02:10'),(1309,'8991002105485',537,NULL,-1,'barangkeluar',NULL,'2016-04-12 15:02:59'),(1310,'8991002105485',538,NULL,-2,'barangkeluar',NULL,'2016-04-12 15:04:04'),(1311,'8992696404441',539,NULL,-1,'barangkeluar',NULL,'2016-04-12 15:06:43'),(1312,'8992696404441',540,NULL,-1,'barangkeluar',NULL,'2016-04-12 15:09:30'),(1313,'8999909096004',541,NULL,-1,'barangkeluar',NULL,'2016-04-12 15:10:00'),(1314,'8991002105485',542,NULL,-1,'barangkeluar',NULL,'2016-04-12 15:10:45'),(1315,'8991002105485',543,NULL,-1,'barangkeluar',NULL,'2016-04-12 15:11:18'),(1316,'8998989300391',544,NULL,-1,'barangkeluar',NULL,'2016-04-12 15:11:47'),(1317,'8991002105485',545,NULL,-1,'barangkeluar',NULL,'2016-04-12 15:17:57'),(1318,'8996001414002',545,NULL,-1,'barangkeluar',NULL,'2016-04-12 15:17:57'),(1319,'yalkul001',546,NULL,-1,'barangkeluar',NULL,'2016-04-12 15:19:03'),(1320,'8991002105485',546,NULL,-1,'barangkeluar',NULL,'2016-04-12 15:19:03'),(1321,'8991002105485',547,NULL,-2,'barangkeluar',NULL,'2016-04-12 15:21:47'),(1322,'Korek api001',547,NULL,-1,'barangkeluar',NULL,'2016-04-12 15:21:47'),(1323,'8991906105758',548,NULL,-1,'barangkeluar',NULL,'2016-04-12 15:23:09'),(1324,'8998009050053',548,NULL,-1,'barangkeluar',NULL,'2016-04-12 15:23:09'),(1325,'8991002105485',549,NULL,-1,'barangkeluar',NULL,'2016-04-12 15:27:34'),(1326,'8991002105485',550,NULL,-1,'barangkeluar',NULL,'2016-04-12 15:28:30'),(1327,'9311931024036',550,NULL,-1,'barangkeluar',NULL,'2016-04-12 15:28:30'),(1328,'8998989110167',551,NULL,-1,'barangkeluar',NULL,'2016-04-12 15:29:50'),(1329,'8997035563414',551,NULL,-1,'barangkeluar',NULL,'2016-04-12 15:29:50'),(1330,'8991002105485',552,NULL,-1,'barangkeluar',NULL,'2016-04-12 15:32:20'),(1331,'9311931024036',552,NULL,-1,'barangkeluar',NULL,'2016-04-12 15:32:20'),(1332,'8991002105485',553,NULL,-1,'barangkeluar',NULL,'2016-04-12 15:33:05'),(1333,'8991002105485',554,NULL,-1,'barangkeluar',NULL,'2016-04-12 15:42:04'),(1334,'8999909028234',555,NULL,-4,'barangkeluar',NULL,'2016-04-12 15:45:43'),(1335,'8991002105485',556,NULL,-1,'barangkeluar',NULL,'2016-04-12 15:46:15'),(1336,'8999909096004',557,NULL,-2,'barangkeluar',NULL,'2016-04-12 15:47:05'),(1337,'8997009510017',558,NULL,-1,'barangkeluar',NULL,'2016-04-12 15:48:05'),(1338,'yalkul001',558,NULL,-2,'barangkeluar',NULL,'2016-04-12 15:48:05'),(1339,'8999909096004',559,NULL,-1,'barangkeluar',NULL,'2016-04-12 15:49:16'),(1340,'8991002105485',560,NULL,-1,'barangkeluar',NULL,'2016-04-12 15:50:02'),(1341,'8991002121010',561,NULL,-1,'barangkeluar',NULL,'2016-04-12 15:54:04'),(1342,'8999909028234',561,NULL,-1,'barangkeluar',NULL,'2016-04-12 15:54:04'),(1343,'8999909076006',562,NULL,-1,'barangkeluar',NULL,'2016-04-12 15:54:37'),(1344,'8996006855145',563,NULL,-1,'barangkeluar',NULL,'2016-04-12 15:55:23'),(1345,'8991002105485',563,NULL,-1,'barangkeluar',NULL,'2016-04-12 15:55:23'),(1346,'8991002105485',564,NULL,-1,'barangkeluar',NULL,'2016-04-12 15:56:05'),(1347,'8999909028234',565,NULL,-3,'barangkeluar',NULL,'2016-04-12 16:47:45'),(1348,'8992388101023',NULL,36,12,'barangmasuk',NULL,'2016-04-12 17:11:26'),(1349,'8996001600306',NULL,36,12,'barangmasuk',NULL,'2016-04-12 17:11:26'),(1350,'8994287316034',NULL,36,24,'barangmasuk',NULL,'2016-04-12 17:11:26'),(1351,'8992752119104',NULL,36,12,'barangmasuk',NULL,'2016-04-12 17:11:26'),(1352,'8996001600146',NULL,36,48,'barangmasuk',NULL,'2016-04-12 17:11:26'),(1353,'8886008101053',NULL,36,48,'barangmasuk',NULL,'2016-04-12 17:11:26'),(1354,'8998009020223',NULL,36,24,'barangmasuk',NULL,'2016-04-12 17:11:26'),(1355,'8998009010590',NULL,36,40,'barangmasuk',NULL,'2016-04-12 17:11:26'),(1356,'8991002121010',NULL,36,24,'barangmasuk',NULL,'2016-04-12 17:11:26'),(1357,'8998009040023',NULL,36,24,'barangmasuk',NULL,'2016-04-12 17:11:26'),(1358,'8992858527308',NULL,36,48,'barangmasuk',NULL,'2016-04-12 17:11:26'),(1363,'8991002105485',566,NULL,-1,'barangkeluar',NULL,'2016-04-12 17:16:00'),(1364,'8991002105485',567,NULL,-2,'barangkeluar',NULL,'2016-04-12 17:16:43'),(1365,'8991002103238',568,NULL,-1,'barangkeluar',NULL,'2016-04-12 17:32:03'),(1366,'76239878',569,NULL,-2,'barangkeluar',NULL,'2016-04-12 17:32:51'),(1367,'8995078803078',570,NULL,-1,'barangkeluar',NULL,'2016-04-12 17:33:44'),(1368,'8995078803078',571,NULL,-2,'barangkeluar',NULL,'2016-04-12 17:34:14'),(1369,'8996001600221',572,NULL,-1,'barangkeluar',NULL,'2016-04-12 17:35:09'),(1370,'8886008101053',573,NULL,-1,'barangkeluar',NULL,'2016-04-12 17:36:36'),(1371,'8997021870236',574,NULL,-1,'barangkeluar',NULL,'2016-04-12 17:37:31'),(1372,'8991002105485',575,NULL,-1,'barangkeluar',NULL,'2016-04-12 17:38:15'),(1373,'8886008101053',576,NULL,-1,'barangkeluar',NULL,'2016-04-12 17:38:40'),(1374,'8991002105485',577,NULL,-2,'barangkeluar',NULL,'2016-04-12 17:39:15'),(1375,'8999909010567',578,NULL,-1,'barangkeluar',NULL,'2016-04-12 17:40:18'),(1376,'8991002105485',578,NULL,-1,'barangkeluar',NULL,'2016-04-12 17:40:18'),(1377,'8991002105485',579,NULL,-1,'barangkeluar',NULL,'2016-04-12 17:41:07'),(1378,'8992696404441',580,NULL,-1,'barangkeluar',NULL,'2016-04-12 17:41:59'),(1379,'8886008101053',581,NULL,-1,'barangkeluar',NULL,'2016-04-12 17:46:28'),(1380,'8999999041656',581,NULL,-1,'barangkeluar',NULL,'2016-04-12 17:46:28'),(1381,'8992753102204',582,NULL,-1,'barangkeluar',NULL,'2016-04-12 17:56:22'),(1382,'8992696404441',582,NULL,-1,'barangkeluar',NULL,'2016-04-12 17:56:22'),(1383,'8992761166038',582,NULL,-1,'barangkeluar',NULL,'2016-04-12 17:56:22'),(1384,'8993039111255',582,NULL,-2,'barangkeluar',NULL,'2016-04-12 17:56:22'),(1385,'Snack 3000',582,NULL,-4,'barangkeluar',NULL,'2016-04-12 17:56:22'),(1386,'Snack 2000',582,NULL,-4,'barangkeluar',NULL,'2016-04-12 17:56:22'),(1387,'8994171101289',582,NULL,-10,'barangkeluar',NULL,'2016-04-12 17:56:22'),(1388,'8991002105485',583,NULL,-1,'barangkeluar',NULL,'2016-04-12 17:57:07'),(1389,'8991002105485',584,NULL,-1,'barangkeluar',NULL,'2016-04-12 17:57:42'),(1390,'8993560025083',585,NULL,-2,'barangkeluar',NULL,'2016-04-12 17:58:38'),(1391,'8993560024987',585,NULL,-1,'barangkeluar',NULL,'2016-04-12 17:58:38'),(1392,'8993560025007',585,NULL,-1,'barangkeluar',NULL,'2016-04-12 17:58:38'),(1393,'8999909028234',585,NULL,-1,'barangkeluar',NULL,'2016-04-12 17:58:38'),(1394,'8999909028234',586,NULL,-1,'barangkeluar',NULL,'2016-04-12 17:59:00'),(1395,'8858891302114',587,NULL,-1,'barangkeluar',NULL,'2016-04-12 17:59:44'),(1396,'8991002105485',587,NULL,-2,'barangkeluar',NULL,'2016-04-12 17:59:44'),(1397,'8991906105758',588,NULL,-5,'barangkeluar',NULL,'2016-04-12 18:05:36'),(1398,'8993560024987',589,NULL,-1,'barangkeluar',NULL,'2016-04-12 18:08:21'),(1399,'8886008101053',590,NULL,-1,'barangkeluar',NULL,'2016-04-13 11:39:43'),(1400,'yalkul001',590,NULL,-4,'barangkeluar',NULL,'2016-04-13 11:39:43'),(1401,'Snack 2000',590,NULL,-2,'barangkeluar',NULL,'2016-04-13 11:39:43'),(1402,'8991002105485',590,NULL,-11,'barangkeluar',NULL,'2016-04-13 11:39:43'),(1403,'8998989110167',590,NULL,-1,'barangkeluar',NULL,'2016-04-13 11:39:43'),(1404,'76239878',590,NULL,-2,'barangkeluar',NULL,'2016-04-13 11:39:43'),(1405,'8998989121163',590,NULL,-2,'barangkeluar',NULL,'2016-04-13 11:39:43'),(1406,'8999909096004',590,NULL,-2,'barangkeluar',NULL,'2016-04-13 11:39:43'),(1407,'8998009040023',590,NULL,-1,'barangkeluar',NULL,'2016-04-13 11:39:43'),(1408,'8994755030431',590,NULL,-1,'barangkeluar',NULL,'2016-04-13 11:39:43'),(1409,'8995078803078',590,NULL,-1,'barangkeluar',NULL,'2016-04-13 11:39:43'),(1410,'8999909001909',590,NULL,-1,'barangkeluar',NULL,'2016-04-13 11:39:43'),(1411,'8998989100120',590,NULL,-1,'barangkeluar',NULL,'2016-04-13 11:39:43'),(1412,'8991906105758',590,NULL,-1,'barangkeluar',NULL,'2016-04-13 11:39:43'),(1413,'8999909028234',590,NULL,-1,'barangkeluar',NULL,'2016-04-13 11:39:43'),(1414,'8992696404441',590,NULL,-1,'barangkeluar',NULL,'2016-04-13 11:39:43'),(1415,'8996006855145',590,NULL,-1,'barangkeluar',NULL,'2016-04-13 11:39:43'),(1416,'8996001600146',590,NULL,-2,'barangkeluar',NULL,'2016-04-13 11:39:43'),(1417,'8991002101630',590,NULL,-1,'barangkeluar',NULL,'2016-04-13 11:39:43'),(1418,'9311931024036',590,NULL,-1,'barangkeluar',NULL,'2016-04-13 11:39:43'),(1419,'8994171101289',590,NULL,-1,'barangkeluar',NULL,'2016-04-13 11:39:43'),(1420,'8991002121010',591,NULL,-1,'barangkeluar',NULL,'2016-04-13 11:40:33'),(1421,'8996001600146',592,NULL,-1,'barangkeluar',NULL,'2016-04-13 11:41:01'),(1422,'8886008101053',593,NULL,-1,'barangkeluar',NULL,'2016-04-13 11:43:46'),(1423,'8999909010567',594,NULL,-1,'barangkeluar',NULL,'2016-04-13 11:44:53'),(1424,'8991002105485',594,NULL,-1,'barangkeluar',NULL,'2016-04-13 11:44:53'),(1425,'76239878',595,NULL,-1,'barangkeluar',NULL,'2016-04-13 11:49:43'),(1426,'8999909076006',595,NULL,-1,'barangkeluar',NULL,'2016-04-13 11:49:43'),(1427,'yalkul001',595,NULL,-1,'barangkeluar',NULL,'2016-04-13 11:49:43'),(1428,'8991002101630',595,NULL,-1,'barangkeluar',NULL,'2016-04-13 11:49:43'),(1429,'76239878',596,NULL,-1,'barangkeluar',NULL,'2016-04-13 12:06:51'),(1430,'8991002105485',596,NULL,-1,'barangkeluar',NULL,'2016-04-13 12:06:51'),(1431,'9311931024036',597,NULL,-1,'barangkeluar',NULL,'2016-04-13 12:08:44'),(1432,'yalkul001',598,NULL,-1,'barangkeluar',NULL,'2016-04-13 12:09:34'),(1433,'8999999049393',598,NULL,-1,'barangkeluar',NULL,'2016-04-13 12:09:34'),(1434,'8998989300391',598,NULL,-1,'barangkeluar',NULL,'2016-04-13 12:09:34'),(1435,'8999909096004',599,NULL,-1,'barangkeluar',NULL,'2016-04-13 12:29:20'),(1436,'8991002105485',600,NULL,-1,'barangkeluar',NULL,'2016-04-13 13:09:44'),(1437,'8991002105485',601,NULL,-1,'barangkeluar',NULL,'2016-04-13 13:15:47'),(1438,'8991002105485',602,NULL,-1,'barangkeluar',NULL,'2016-04-13 13:17:47'),(1439,'8991002105485',603,NULL,-1,'barangkeluar',NULL,'2016-04-13 13:18:36'),(1440,'8999999049409',604,NULL,-1,'barangkeluar',NULL,'2016-04-13 13:20:46'),(1441,'8995078803078',605,NULL,-1,'barangkeluar',NULL,'2016-04-13 13:21:56'),(1442,'8996001600146',606,NULL,-1,'barangkeluar',NULL,'2016-04-13 13:22:21'),(1443,'8998009050053',607,NULL,-1,'barangkeluar',NULL,'2016-04-13 13:23:27'),(1444,'8992753100101',607,NULL,-1,'barangkeluar',NULL,'2016-04-13 13:23:27'),(1445,'8992753102204',607,NULL,-1,'barangkeluar',NULL,'2016-04-13 13:23:27'),(1446,'76164217',608,NULL,-1,'barangkeluar',NULL,'2016-04-13 13:32:24'),(1447,'8991002105485',608,NULL,-1,'barangkeluar',NULL,'2016-04-13 13:32:24'),(1448,'9311931024036',609,NULL,-1,'barangkeluar',NULL,'2016-04-13 13:33:31'),(1449,'8991002103238',610,NULL,-1,'barangkeluar',NULL,'2016-04-13 13:34:06'),(1450,'8991906101019',611,NULL,-1,'barangkeluar',NULL,'2016-04-13 13:34:40'),(1451,'8998127514123',612,NULL,-1,'barangkeluar',NULL,'2016-04-13 13:35:58'),(1452,'76239878',613,NULL,-1,'barangkeluar',NULL,'2016-04-13 13:36:39'),(1453,'76164217',614,NULL,-1,'barangkeluar',NULL,'2016-04-13 13:39:14'),(1454,'8992761166038',614,NULL,-1,'barangkeluar',NULL,'2016-04-13 13:39:14'),(1455,'8995078803078',615,NULL,-1,'barangkeluar',NULL,'2016-04-13 13:40:03'),(1456,'9311931024036',616,NULL,-1,'barangkeluar',NULL,'2016-04-13 13:41:43'),(1457,'8991002105485',617,NULL,-1,'barangkeluar',NULL,'2016-04-13 13:42:44'),(1458,'/8886057883665',618,NULL,-1,'barangkeluar',NULL,'2016-04-13 13:54:13'),(1459,'8992752119104',618,NULL,-1,'barangkeluar',NULL,'2016-04-13 13:54:13'),(1460,'8991001770011',618,NULL,-2,'barangkeluar',NULL,'2016-04-13 13:54:13'),(1461,'8888166991491',618,NULL,-2,'barangkeluar',NULL,'2016-04-13 13:54:13'),(1462,'8888166336605',618,NULL,-1,'barangkeluar',NULL,'2016-04-13 13:54:13'),(1463,'yalkul001',619,NULL,-1,'barangkeluar',NULL,'2016-04-13 13:59:08'),(1464,'9311931024036',619,NULL,-1,'barangkeluar',NULL,'2016-04-13 13:59:08'),(1465,'8998989100120',620,NULL,-1,'barangkeluar',NULL,'2016-04-13 14:00:41'),(1466,'8992761166038',620,NULL,-1,'barangkeluar',NULL,'2016-04-13 14:00:41'),(1467,'8886008101053',621,NULL,-1,'barangkeluar',NULL,'2016-04-13 14:01:16'),(1468,'8999909028234',622,NULL,-1,'barangkeluar',NULL,'2016-04-13 14:08:45'),(1469,'8991002105485',622,NULL,-2,'barangkeluar',NULL,'2016-04-13 14:08:45'),(1470,'8991906105758',623,NULL,-1,'barangkeluar',NULL,'2016-04-13 14:14:28'),(1471,'8991002105485',623,NULL,-1,'barangkeluar',NULL,'2016-04-13 14:14:28'),(1472,'8996001600146',624,NULL,-1,'barangkeluar',NULL,'2016-04-13 14:15:37'),(1473,'8991002105485',625,NULL,-1,'barangkeluar',NULL,'2016-04-13 14:16:26'),(1474,'8999909096004',626,NULL,-1,'barangkeluar',NULL,'2016-04-13 14:20:09'),(1475,'76164217',626,NULL,-1,'barangkeluar',NULL,'2016-04-13 14:20:09'),(1476,'8992696404441',627,NULL,-1,'barangkeluar',NULL,'2016-04-13 15:07:44'),(1477,'8999909028234',628,NULL,-1,'barangkeluar',NULL,'2016-04-13 15:08:34'),(1478,'8991002105485',628,NULL,-2,'barangkeluar',NULL,'2016-04-13 15:08:34'),(1479,'8996001440124',629,NULL,-10,'barangkeluar',NULL,'2016-04-13 15:25:34'),(1480,'8996001440049',629,NULL,-10,'barangkeluar',NULL,'2016-04-13 15:25:34'),(1481,'8999999049508',629,NULL,-1,'barangkeluar',NULL,'2016-04-13 15:25:34'),(1482,'8992858527308',629,NULL,-1,'barangkeluar',NULL,'2016-04-13 15:25:34'),(1483,'Beras 001',NULL,37,10,'barangmasuk',NULL,'2016-04-13 16:01:13'),(1484,'8999999401238',630,NULL,-1,'barangkeluar',NULL,'2016-04-13 16:11:47'),(1485,'8992753100101',630,NULL,-1,'barangkeluar',NULL,'2016-04-13 16:11:47'),(1486,'8992753102204',630,NULL,-1,'barangkeluar',NULL,'2016-04-13 16:11:47'),(1487,'8886007811076',630,NULL,-1,'barangkeluar',NULL,'2016-04-13 16:11:47'),(1488,'8991102300544',630,NULL,-1,'barangkeluar',NULL,'2016-04-13 16:11:47'),(1489,'8991002105485',630,NULL,-10,'barangkeluar',NULL,'2016-04-13 16:11:47'),(1490,'8995177102058',631,NULL,-1,'barangkeluar',NULL,'2016-04-13 16:12:32'),(1491,'GULA0001',632,NULL,-2,'barangkeluar',NULL,'2016-04-13 16:15:02'),(1492,'8992946121029',632,NULL,-2,'barangkeluar',NULL,'2016-04-13 16:15:02'),(1493,'8992628020152',632,NULL,-1,'barangkeluar',NULL,'2016-04-13 16:15:02'),(1494,'Beras 001',633,NULL,-1,'barangkeluar',NULL,'2016-04-13 16:16:41'),(1495,'Beras 001',634,NULL,-1,'barangkeluar',NULL,'2016-04-13 17:18:33'),(1496,'8999909076006',634,NULL,-1,'barangkeluar',NULL,'2016-04-13 17:18:33'),(1497,'76164217',635,NULL,-1,'barangkeluar',NULL,'2016-04-13 17:20:55'),(1498,'8996001600221',635,NULL,-1,'barangkeluar',NULL,'2016-04-13 17:20:55'),(1499,'Beras 001',636,NULL,-2,'barangkeluar',NULL,'2016-04-13 17:25:47'),(1500,'8992725910400',637,NULL,-2,'barangkeluar',NULL,'2016-04-13 17:26:33'),(1501,'Beras 001',638,NULL,-1,'barangkeluar',NULL,'2016-04-13 17:29:56'),(1502,'8888166609365',639,NULL,-1,'barangkeluar',NULL,'2016-04-13 17:40:23'),(1503,'8996001302637',639,NULL,-1,'barangkeluar',NULL,'2016-04-13 17:40:23'),(1504,'8999909010567',639,NULL,-1,'barangkeluar',NULL,'2016-04-13 17:40:23'),(1505,'8992727005289',640,NULL,-1,'barangkeluar',NULL,'2016-04-13 17:41:37'),(1506,'Beras 001',641,NULL,-1,'barangkeluar',NULL,'2016-04-13 17:47:51'),(1507,'8999999401238',641,NULL,-1,'barangkeluar',NULL,'2016-04-13 17:47:51'),(1508,'8992696420472',641,NULL,-1,'barangkeluar',NULL,'2016-04-13 17:47:51'),(1509,'8993176110067',642,NULL,-1,'barangkeluar',NULL,'2016-04-13 18:05:32'),(1510,'8998989110167',642,NULL,-1,'barangkeluar',NULL,'2016-04-13 18:05:32'),(1511,'0089686060461',642,NULL,-1,'barangkeluar',NULL,'2016-04-13 18:05:32'),(1512,'0089686060027',642,NULL,-1,'barangkeluar',NULL,'2016-04-13 18:05:32'),(1513,'8998888712646',642,NULL,-1,'barangkeluar',NULL,'2016-04-13 18:05:32'),(1514,'8999999407919',642,NULL,-1,'barangkeluar',NULL,'2016-04-13 18:05:32'),(1515,'8998866607315',642,NULL,-1,'barangkeluar',NULL,'2016-04-13 18:05:32'),(1516,'8888166330306',642,NULL,-1,'barangkeluar',NULL,'2016-04-13 18:05:32'),(1517,'8888166989399',642,NULL,-1,'barangkeluar',NULL,'2016-04-13 18:05:32'),(1518,'8999999027278',643,NULL,-1,'barangkeluar',NULL,'2016-04-14 10:59:35'),(1519,'8999909096004',643,NULL,-1,'barangkeluar',NULL,'2016-04-14 10:59:35'),(1520,'8996001600146',644,NULL,-1,'barangkeluar',NULL,'2016-04-14 11:07:21'),(1521,'8997009510017',645,NULL,-1,'barangkeluar',NULL,'2016-04-14 11:08:35'),(1522,'8991001111289',645,NULL,-1,'barangkeluar',NULL,'2016-04-14 11:08:35'),(1523,'8999909096004',646,NULL,-6,'barangkeluar',NULL,'2016-04-14 12:18:58'),(1524,'8994287316034',647,NULL,-1,'barangkeluar',NULL,'2016-04-14 12:21:52'),(1525,'8999909096004',648,NULL,-1,'barangkeluar',NULL,'2016-04-14 12:23:18'),(1526,'8999909028234',648,NULL,-1,'barangkeluar',NULL,'2016-04-14 12:23:18'),(1527,'8992696404441',648,NULL,-1,'barangkeluar',NULL,'2016-04-14 12:23:18'),(1528,'8999909010567',649,NULL,-1,'barangkeluar',NULL,'2016-04-14 12:24:44'),(1529,'8991002105485',649,NULL,-1,'barangkeluar',NULL,'2016-04-14 12:24:44'),(1530,'8999909028234',650,NULL,-1,'barangkeluar',NULL,'2016-04-14 12:26:26'),(1531,'8990057882716',NULL,38,1,'barangmasuk',NULL,'2016-04-14 12:48:17'),(1532,'8992696407831',NULL,38,2,'barangmasuk',NULL,'2016-04-14 12:48:17'),(1533,'8992696405448',NULL,38,2,'barangmasuk',NULL,'2016-04-14 12:48:17'),(1534,'8992696407701',NULL,38,1,'barangmasuk',NULL,'2016-04-14 12:48:17'),(1535,'8992696415072',NULL,38,2,'barangmasuk',NULL,'2016-04-14 12:48:17'),(1536,'8990057882761',NULL,38,1,'barangmasuk',NULL,'2016-04-14 12:48:17'),(1538,'8992753100101',NULL,39,10,'barangmasuk',NULL,'2016-04-14 14:22:20'),(1539,'8992772198011',NULL,39,3,'barangmasuk',NULL,'2016-04-14 14:22:20'),(1540,'8998866600095',NULL,39,5,'barangmasuk',NULL,'2016-04-14 14:22:20'),(1541,'8993176110081',NULL,39,4,'barangmasuk',NULL,'2016-04-14 14:22:20'),(1542,'8999999045852',NULL,39,15,'barangmasuk',NULL,'2016-04-14 14:22:20'),(1543,'8999999029685',NULL,39,4,'barangmasuk',NULL,'2016-04-14 14:22:20'),(1544,'8999999033217',NULL,39,2,'barangmasuk',NULL,'2016-04-14 14:22:20'),(1545,'8999999033170',NULL,39,1,'barangmasuk',NULL,'2016-04-14 14:22:20'),(1546,'4902430400947',NULL,39,3,'barangmasuk',NULL,'2016-04-14 14:22:20'),(1547,'8886001038011',NULL,39,100,'barangmasuk',NULL,'2016-04-14 14:22:20'),(1548,'8991002105423',NULL,39,5,'barangmasuk',NULL,'2016-04-14 14:22:20'),(1549,'8999999390198',NULL,39,10,'barangmasuk',NULL,'2016-04-14 14:22:20'),(1550,'8991002101630',NULL,39,30,'barangmasuk',NULL,'2016-04-14 14:22:20'),(1551,'9311931201208',NULL,39,30,'barangmasuk',NULL,'2016-04-14 14:22:20'),(1552,'8992696430204',NULL,39,50,'barangmasuk',NULL,'2016-04-14 14:22:20'),(1553,'Permen002',NULL,39,100,'barangmasuk',NULL,'2016-04-14 14:22:20'),(1554,'8992933453119',NULL,39,30,'barangmasuk',NULL,'2016-04-14 14:22:20'),(1555,'8996001414002',NULL,39,20,'barangmasuk',NULL,'2016-04-14 14:22:20'),(1556,'8888826019589',NULL,39,12,'barangmasuk',NULL,'2016-04-14 14:22:20'),(1557,'8992628020152',NULL,39,6,'barangmasuk',NULL,'2016-04-14 14:22:20'),(1558,'8994171101289',NULL,39,200,'barangmasuk',NULL,'2016-04-14 14:22:20'),(1569,'8991906101019',651,NULL,-4,'barangkeluar',NULL,'2016-04-14 14:25:12'),(1570,'8998989100120',651,NULL,-4,'barangkeluar',NULL,'2016-04-14 14:25:12'),(1571,'8991002105485',652,NULL,-1,'barangkeluar',NULL,'2016-04-14 14:29:19'),(1572,'8992304009181',653,NULL,-1,'barangkeluar',NULL,'2016-04-14 14:30:32'),(1573,'8998009040023',654,NULL,-1,'barangkeluar',NULL,'2016-04-14 14:32:19'),(1574,'76239878',654,NULL,-1,'barangkeluar',NULL,'2016-04-14 14:32:19'),(1575,'8991002105485',655,NULL,-1,'barangkeluar',NULL,'2016-04-14 14:33:38'),(1576,'76164217',656,NULL,-1,'barangkeluar',NULL,'2016-04-14 14:34:39'),(1577,'8991002105485',656,NULL,-1,'barangkeluar',NULL,'2016-04-14 14:34:39'),(1578,'8991906101101',657,NULL,-1,'barangkeluar',NULL,'2016-04-14 14:35:15'),(1579,'8999909028234',658,NULL,-1,'barangkeluar',NULL,'2016-04-14 14:35:44'),(1580,'8992858527308',659,NULL,-1,'barangkeluar',NULL,'2016-04-14 14:36:46'),(1581,'8991002105485',659,NULL,-1,'barangkeluar',NULL,'2016-04-14 14:36:46'),(1582,'8991002105485',660,NULL,-1,'barangkeluar',NULL,'2016-04-14 14:37:26'),(1583,'8998009040023',661,NULL,-1,'barangkeluar',NULL,'2016-04-14 14:38:12'),(1584,'8997035111110',662,NULL,-6,'barangkeluar',NULL,'2016-04-14 14:41:47'),(1585,'8994755030431',662,NULL,-2,'barangkeluar',NULL,'2016-04-14 14:41:47'),(1586,'8991911101011',663,NULL,-1,'barangkeluar',NULL,'2016-04-14 14:42:42'),(1587,'8991002105485',663,NULL,-1,'barangkeluar',NULL,'2016-04-14 14:42:42'),(1588,'8991906101101',664,NULL,-1,'barangkeluar',NULL,'2016-04-14 14:43:36'),(1589,'8992696404441',665,NULL,-1,'barangkeluar',NULL,'2016-04-14 14:44:07'),(1590,'8991002105485',666,NULL,-1,'barangkeluar',NULL,'2016-04-14 14:44:38'),(1591,'9311931024036',667,NULL,-1,'barangkeluar',NULL,'2016-04-14 14:46:12'),(1592,'8991002105485',667,NULL,-1,'barangkeluar',NULL,'2016-04-14 14:46:12'),(1593,'yalkul001',667,NULL,-1,'barangkeluar',NULL,'2016-04-14 14:46:12'),(1594,'9311931201208',668,NULL,-2,'barangkeluar',NULL,'2016-04-14 14:47:47'),(1595,'8991002105485',668,NULL,-2,'barangkeluar',NULL,'2016-04-14 14:47:47'),(1596,'8992858527308',669,NULL,-1,'barangkeluar',NULL,'2016-04-14 14:48:18'),(1597,'8991002105485',670,NULL,-1,'barangkeluar',NULL,'2016-04-14 14:48:53'),(1598,'8991002105485',671,NULL,-1,'barangkeluar',NULL,'2016-04-14 14:49:45'),(1599,'8998898101409',672,NULL,-1,'barangkeluar',NULL,'2016-04-14 14:50:12'),(1600,'76239878',673,NULL,-2,'barangkeluar',NULL,'2016-04-14 15:08:05'),(1601,'8998989100120',673,NULL,-2,'barangkeluar',NULL,'2016-04-14 15:08:05'),(1602,'8991002105485',673,NULL,-10,'barangkeluar',NULL,'2016-04-14 15:08:05'),(1603,'9311931024036',673,NULL,-4,'barangkeluar',NULL,'2016-04-14 15:08:05'),(1604,'8992858527308',673,NULL,-2,'barangkeluar',NULL,'2016-04-14 15:08:05'),(1605,'8886008101053',673,NULL,-1,'barangkeluar',NULL,'2016-04-14 15:08:05'),(1606,'8991906101019',673,NULL,-2,'barangkeluar',NULL,'2016-04-14 15:08:05'),(1607,'8996001600306',673,NULL,-1,'barangkeluar',NULL,'2016-04-14 15:08:05'),(1608,'8999909010567',673,NULL,-1,'barangkeluar',NULL,'2016-04-14 15:08:05'),(1609,'8992761166038',673,NULL,-1,'barangkeluar',NULL,'2016-04-14 15:08:05'),(1610,'8886001038011',673,NULL,-2,'barangkeluar',NULL,'2016-04-14 15:08:05'),(1611,'8999909096004',673,NULL,-1,'barangkeluar',NULL,'2016-04-14 15:08:05'),(1612,'permen0001',673,NULL,-6,'barangkeluar',NULL,'2016-04-14 15:08:05'),(1613,'8995078803078',673,NULL,-1,'barangkeluar',NULL,'2016-04-14 15:08:05'),(1614,'8999909028234',674,NULL,-1,'barangkeluar',NULL,'2016-04-14 15:09:42'),(1615,'8996006855145',674,NULL,-1,'barangkeluar',NULL,'2016-04-14 15:09:42'),(1616,'8999909010567',675,NULL,-1,'barangkeluar',NULL,'2016-04-14 15:10:56'),(1617,'8999909028234',676,NULL,-2,'barangkeluar',NULL,'2016-04-14 15:11:51'),(1618,'8999909096004',677,NULL,-4,'barangkeluar',NULL,'2016-04-14 15:18:44'),(1619,'76164217',677,NULL,-1,'barangkeluar',NULL,'2016-04-14 15:18:44'),(1620,'8999909000377',678,NULL,-1,'barangkeluar',NULL,'2016-04-14 15:48:27'),(1621,'8999909010567',679,NULL,-1,'barangkeluar',NULL,'2016-04-14 15:53:16'),(1622,'8991002105485',679,NULL,-1,'barangkeluar',NULL,'2016-04-14 15:53:16'),(1623,'8886008101053',679,NULL,-1,'barangkeluar',NULL,'2016-04-14 15:53:16'),(1624,'8991906101316',680,NULL,-1,'barangkeluar',NULL,'2016-04-14 15:57:59'),(1625,'8996006855145',680,NULL,-1,'barangkeluar',NULL,'2016-04-14 15:57:59'),(1626,'8991002105485',680,NULL,-2,'barangkeluar',NULL,'2016-04-14 15:57:59'),(1627,'8998989100120',681,NULL,-1,'barangkeluar',NULL,'2016-04-14 16:03:32'),(1628,'8994287316034',681,NULL,-1,'barangkeluar',NULL,'2016-04-14 16:03:32'),(1629,'8991906101019',682,NULL,-1,'barangkeluar',NULL,'2016-04-14 16:04:40'),(1630,'8995078803078',683,NULL,-2,'barangkeluar',NULL,'2016-04-14 16:06:54'),(1631,'8991002105485',683,NULL,-2,'barangkeluar',NULL,'2016-04-14 16:06:54'),(1632,'8995078803078',684,NULL,-1,'barangkeluar',NULL,'2016-04-14 16:10:17'),(1633,'8991002105485',684,NULL,-1,'barangkeluar',NULL,'2016-04-14 16:10:17'),(1634,'8999909096004',685,NULL,-1,'barangkeluar',NULL,'2016-04-14 16:12:03'),(1635,'8886008101053',685,NULL,-1,'barangkeluar',NULL,'2016-04-14 16:12:03'),(1636,'9311931024036',686,NULL,-1,'barangkeluar',NULL,'2016-04-14 16:13:01'),(1637,'8995078803078',687,NULL,-10,'barangkeluar',NULL,'2016-04-14 16:21:27'),(1638,'8991102300544',687,NULL,-1,'barangkeluar',NULL,'2016-04-14 16:21:27'),(1639,'8992760221028',687,NULL,-2,'barangkeluar',NULL,'2016-04-14 16:21:27'),(1640,'8996001302637',687,NULL,-2,'barangkeluar',NULL,'2016-04-14 16:21:27'),(1641,'8999999045869',687,NULL,-5,'barangkeluar',NULL,'2016-04-14 16:21:27'),(1642,'8999999045852',687,NULL,-3,'barangkeluar',NULL,'2016-04-14 16:21:27'),(1643,'8999999045876',687,NULL,-2,'barangkeluar',NULL,'2016-04-14 16:21:27'),(1644,'8999999033217',687,NULL,-1,'barangkeluar',NULL,'2016-04-14 16:21:27'),(1645,'8999999029333',687,NULL,-1,'barangkeluar',NULL,'2016-04-14 16:21:27'),(1646,'8992753100101',687,NULL,-2,'barangkeluar',NULL,'2016-04-14 16:21:27'),(1647,'8992696415072',688,NULL,-1,'barangkeluar',NULL,'2016-04-14 16:30:25'),(1648,'8992696407701',NULL,40,1,'barangmasuk',NULL,'2016-04-15 11:07:38'),(1649,'8992696405257',NULL,40,3,'barangmasuk',NULL,'2016-04-15 11:07:38'),(1651,'8999909096004',689,NULL,-10,'barangkeluar',NULL,'2016-04-15 11:09:50'),(1652,'8999909096004',690,NULL,-10,'barangkeluar',NULL,'2016-04-15 11:11:23'),(1653,'8991002103238',691,NULL,-1,'barangkeluar',NULL,'2016-04-15 11:41:25'),(1654,'8996001600146',691,NULL,-1,'barangkeluar',NULL,'2016-04-15 11:41:25'),(1655,'8996001600146',692,NULL,-1,'barangkeluar',NULL,'2016-04-15 11:42:24'),(1656,'8991002105485',692,NULL,-5,'barangkeluar',NULL,'2016-04-15 11:42:24'),(1657,'8999909028234',693,NULL,-1,'barangkeluar',NULL,'2016-04-15 11:42:55'),(1658,'8991002105485',694,NULL,-1,'barangkeluar',NULL,'2016-04-15 11:43:27'),(1659,'76239878',695,NULL,-1,'barangkeluar',NULL,'2016-04-15 11:44:18'),(1660,'8995078803078',696,NULL,-1,'barangkeluar',NULL,'2016-04-15 11:45:04'),(1661,'8994171101289',696,NULL,-1,'barangkeluar',NULL,'2016-04-15 11:45:04'),(1662,'8999909028999',697,NULL,-1,'barangkeluar',NULL,'2016-04-15 11:46:02'),(1663,'9311931024036',697,NULL,-1,'barangkeluar',NULL,'2016-04-15 11:46:02'),(1664,'8999909096004',698,NULL,-1,'barangkeluar',NULL,'2016-04-15 11:46:31'),(1665,'8997032711016',NULL,NULL,0,'opname','saldo_awal','2016-04-15 11:54:48'),(1666,'8997032711115',NULL,NULL,0,'opname','saldo_awal','2016-04-15 11:54:59'),(1667,'8997032711115',NULL,41,12,'barangmasuk',NULL,'2016-04-15 11:58:17'),(1668,'8997032711016',NULL,41,24,'barangmasuk',NULL,'2016-04-15 11:58:17'),(1669,'8997032711023',NULL,41,24,'barangmasuk',NULL,'2016-04-15 11:58:17'),(1670,'Snack 3000',NULL,42,10,'barangmasuk',NULL,'2016-04-15 12:00:32'),(1671,'8991906101101',699,NULL,-1,'barangkeluar',NULL,'2016-04-15 12:08:46'),(1672,'8858891302114',699,NULL,-1,'barangkeluar',NULL,'2016-04-15 12:08:46'),(1673,'8996006855145',700,NULL,-1,'barangkeluar',NULL,'2016-04-15 12:19:16'),(1674,'76239878',700,NULL,-2,'barangkeluar',NULL,'2016-04-15 12:19:16'),(1675,'8991002101630',700,NULL,-1,'barangkeluar',NULL,'2016-04-15 12:19:16'),(1676,'8999909010567',701,NULL,-1,'barangkeluar',NULL,'2016-04-15 12:25:56'),(1677,'8995078803078',702,NULL,-1,'barangkeluar',NULL,'2016-04-15 12:27:29'),(1678,'8991002105485',702,NULL,-1,'barangkeluar',NULL,'2016-04-15 12:27:29'),(1679,'8991906105758',703,NULL,-1,'barangkeluar',NULL,'2016-04-15 12:28:31'),(1680,'8991002105485',703,NULL,-1,'barangkeluar',NULL,'2016-04-15 12:28:31'),(1681,'8991002105485',704,NULL,-1,'barangkeluar',NULL,'2016-04-15 12:29:28'),(1682,'8991002105485',705,NULL,-1,'barangkeluar',NULL,'2016-04-15 12:30:17'),(1683,'9311931024036',706,NULL,-1,'barangkeluar',NULL,'2016-04-15 12:30:45'),(1684,'8886008101053',707,NULL,-1,'barangkeluar',NULL,'2016-04-15 12:31:10'),(1685,'8993176110067',708,NULL,-1,'barangkeluar',NULL,'2016-04-15 12:31:58'),(1686,'8996001600146',709,NULL,-1,'barangkeluar',NULL,'2016-04-15 12:32:23'),(1687,'8999909076006',710,NULL,-1,'barangkeluar',NULL,'2016-04-15 12:33:42'),(1688,'9311931024036',710,NULL,-1,'barangkeluar',NULL,'2016-04-15 12:33:42'),(1689,'8992753102204',710,NULL,-2,'barangkeluar',NULL,'2016-04-15 12:33:42'),(1690,'8999999390198',711,NULL,-2,'barangkeluar',NULL,'2016-04-15 12:35:24'),(1691,'8888166991224',711,NULL,-3,'barangkeluar',NULL,'2016-04-15 12:35:24'),(1692,'8992727005302',NULL,NULL,2,'opname','saldo_awal','2016-04-15 13:15:09');

/*Table structure for table `temp_stok_barang` */

DROP TABLE IF EXISTS `temp_stok_barang`;

CREATE TABLE `temp_stok_barang` (
  `id_stok` int(11) NOT NULL AUTO_INCREMENT,
  `kode_barang` varchar(255) DEFAULT NULL,
  `order_id_pembelian` int(11) DEFAULT NULL,
  `qty` bigint(20) DEFAULT NULL,
  `status` enum('barangmasuk','barangkeluar') NOT NULL,
  `timestamp` timestamp NOT NULL DEFAULT CURRENT_TIMESTAMP,
  PRIMARY KEY (`id_stok`)
) ENGINE=InnoDB AUTO_INCREMENT=8 DEFAULT CHARSET=latin1;

/*Data for the table `temp_stok_barang` */

insert  into `temp_stok_barang`(`id_stok`,`kode_barang`,`order_id_pembelian`,`qty`,`status`,`timestamp`) values (7,'yalkul001',43,25,'barangmasuk','2016-04-15 12:23:47');

/*Table structure for table `transaksi` */

DROP TABLE IF EXISTS `transaksi`;

CREATE TABLE `transaksi` (
  `order_id` int(11) NOT NULL AUTO_INCREMENT,
  `kode_customer` varchar(255) DEFAULT NULL COMMENT 'Customer',
  `account_id` bigint(20) DEFAULT NULL COMMENT 'Pelayan',
  `order_timestamp` timestamp NOT NULL DEFAULT CURRENT_TIMESTAMP,
  `total_before_ppn` decimal(20,2) DEFAULT NULL,
  `ppn` int(11) DEFAULT '0',
  `total_after_ppn` decimal(20,2) DEFAULT NULL,
  `cash` decimal(20,2) DEFAULT NULL,
  `kredit` decimal(20,2) DEFAULT NULL,
  `currency` char(3) DEFAULT 'IDR',
  `payment_status` enum('lunas','cicilan') DEFAULT 'lunas' COMMENT 'default asumsi LUNAS',
  `payment_method` enum('cash','kredit') DEFAULT 'cash',
  `lama_cicilan` int(11) DEFAULT '0' COMMENT 'lama cicilan akan di looping ke table cicilan',
  `update` varchar(1000) DEFAULT NULL,
  PRIMARY KEY (`order_id`),
  KEY `account_id` (`account_id`),
  KEY `kode_customer` (`kode_customer`),
  CONSTRAINT `transaksi_ibfk_1` FOREIGN KEY (`account_id`) REFERENCES `user` (`account_id`) ON DELETE CASCADE ON UPDATE CASCADE
) ENGINE=InnoDB AUTO_INCREMENT=712 DEFAULT CHARSET=latin1;

/*Data for the table `transaksi` */

insert  into `transaksi`(`order_id`,`kode_customer`,`account_id`,`order_timestamp`,`total_before_ppn`,`ppn`,`total_after_ppn`,`cash`,`kredit`,`currency`,`payment_status`,`payment_method`,`lama_cicilan`,`update`) values (2,'20',7,'2016-04-02 18:03:53',249000.00,0,249000.00,0.00,249000.00,'IDR','lunas','kredit',1,NULL),(3,'210',7,'2016-04-04 13:04:43',65000.00,0,65000.00,0.00,65000.00,'IDR','lunas','kredit',1,NULL),(4,'190',7,'2016-04-04 13:48:17',26000.00,0,26000.00,0.00,26000.00,'IDR','lunas','kredit',1,NULL),(5,'177',7,'2016-04-04 14:20:52',80500.00,0,80500.00,0.00,80500.00,'IDR','lunas','kredit',1,NULL),(6,'186',7,'2016-04-04 14:23:04',18000.00,0,18000.00,0.00,18000.00,'IDR','lunas','kredit',1,NULL),(7,'202',7,'2016-04-04 14:37:33',20000.00,0,20000.00,0.00,20000.00,'IDR','lunas','kredit',1,NULL),(8,'157',7,'2016-04-04 16:20:44',54000.00,0,54000.00,0.00,54000.00,'IDR','lunas','kredit',1,NULL),(9,'160',7,'2016-04-04 16:22:57',15000.00,0,15000.00,0.00,15000.00,'IDR','lunas','kredit',1,NULL),(10,'newCustomer',7,'2016-04-04 17:26:48',2000.00,0,2000.00,2000.00,0.00,'IDR','lunas','cash',0,NULL),(11,'newCustomer',7,'2016-04-04 17:28:37',1250.00,0,1250.00,1250.00,0.00,'IDR','lunas','cash',0,NULL),(12,'newCustomer',7,'2016-04-04 17:57:30',193000.00,0,193000.00,193000.00,0.00,'IDR','lunas','cash',0,NULL),(13,'160',7,'2016-04-04 18:10:15',15000.00,0,15000.00,0.00,15000.00,'IDR','lunas','kredit',1,NULL),(14,'newCustomer',7,'2016-04-05 11:06:04',17000.00,0,17000.00,17000.00,0.00,'IDR','lunas','cash',0,NULL),(15,'112',7,'2016-04-05 12:38:01',22000.00,0,22000.00,0.00,22000.00,'IDR','lunas','kredit',1,NULL),(16,'91',7,'2016-04-05 13:02:38',10600.00,0,10600.00,10600.00,0.00,'IDR','lunas','cash',0,NULL),(17,'158',7,'2016-04-05 13:07:48',2000.00,0,2000.00,2000.00,0.00,'IDR','lunas','cash',0,NULL),(18,'140',7,'2016-04-05 13:36:12',34000.00,0,34000.00,34000.00,0.00,'IDR','lunas','cash',0,NULL),(19,'133',7,'2016-04-05 13:37:33',6000.00,0,6000.00,6000.00,0.00,'IDR','lunas','cash',0,NULL),(20,'121',7,'2016-04-05 13:39:49',1500.00,0,1500.00,1500.00,0.00,'IDR','lunas','cash',0,NULL),(21,'121',7,'2016-04-05 13:41:06',1500.00,0,1500.00,1500.00,0.00,'IDR','lunas','cash',0,NULL),(22,'121',7,'2016-04-05 13:41:10',1500.00,0,1500.00,1500.00,0.00,'IDR','lunas','cash',0,NULL),(23,'121',7,'2016-04-05 13:41:15',1500.00,0,1500.00,1500.00,0.00,'IDR','lunas','cash',0,NULL),(24,'85',7,'2016-04-05 13:49:57',21000.00,0,21000.00,21000.00,0.00,'IDR','lunas','cash',0,NULL),(25,'98',7,'2016-04-05 13:58:19',19000.00,0,19000.00,19000.00,0.00,'IDR','lunas','cash',0,NULL),(26,'118',7,'2016-04-05 13:59:14',2000.00,0,2000.00,2000.00,0.00,'IDR','lunas','cash',0,NULL),(27,'105',7,'2016-04-05 14:01:37',8000.00,0,8000.00,8000.00,0.00,'IDR','lunas','cash',0,NULL),(28,'86',7,'2016-04-05 14:06:58',21000.00,0,21000.00,0.00,21000.00,'IDR','lunas','kredit',1,NULL),(29,'84',7,'2016-04-05 14:09:02',43000.00,0,43000.00,0.00,43000.00,'IDR','lunas','kredit',1,NULL),(30,'161',7,'2016-04-05 14:11:00',117000.00,0,117000.00,0.00,117000.00,'IDR','lunas','kredit',1,NULL),(31,'136',7,'2016-04-05 14:15:30',21250.00,0,21250.00,0.00,21250.00,'IDR','lunas','kredit',1,NULL),(32,'163',7,'2016-04-05 14:23:50',17000.00,0,17000.00,0.00,17000.00,'IDR','lunas','kredit',1,NULL),(33,'30',7,'2016-04-05 14:25:00',2000.00,0,2000.00,2000.00,0.00,'IDR','lunas','cash',0,NULL),(34,'34',7,'2016-04-05 14:32:53',15000.00,0,15000.00,0.00,15000.00,'IDR','lunas','kredit',1,NULL),(35,'50',7,'2016-04-05 14:34:35',75000.00,0,75000.00,75000.00,0.00,'IDR','lunas','cash',0,NULL),(36,'109',7,'2016-04-05 14:37:25',17000.00,0,17000.00,0.00,17000.00,'IDR','lunas','kredit',1,NULL),(37,'193',7,'2016-04-05 14:45:41',16000.00,0,16000.00,0.00,16000.00,'IDR','lunas','kredit',1,NULL),(38,'139',7,'2016-04-05 14:47:13',17000.00,0,17000.00,0.00,17000.00,'IDR','lunas','kredit',1,NULL),(39,'189',7,'2016-04-05 14:48:52',20000.00,0,20000.00,0.00,20000.00,'IDR','lunas','kredit',1,NULL),(40,'129',7,'2016-04-05 14:51:52',19000.00,0,19000.00,19000.00,0.00,'IDR','lunas','cash',0,NULL),(41,'24',7,'2016-04-05 14:53:17',21000.00,0,21000.00,21000.00,0.00,'IDR','lunas','cash',0,NULL),(42,'94',7,'2016-04-05 14:54:12',13000.00,0,13000.00,0.00,13000.00,'IDR','lunas','kredit',1,NULL),(43,'80',7,'2016-04-05 14:54:54',18000.00,0,18000.00,0.00,18000.00,'IDR','lunas','kredit',1,NULL),(44,'144',7,'2016-04-05 14:55:41',20000.00,0,20000.00,0.00,20000.00,'IDR','lunas','kredit',1,NULL),(45,'178',7,'2016-04-05 14:56:28',15000.00,0,15000.00,0.00,15000.00,'IDR','lunas','kredit',1,NULL),(46,'112',7,'2016-04-05 15:04:26',8000.00,0,8000.00,0.00,8000.00,'IDR','lunas','kredit',1,NULL),(47,'120',7,'2016-04-05 15:06:40',6000.00,0,6000.00,6000.00,0.00,'IDR','lunas','cash',0,NULL),(48,'78',7,'2016-04-05 15:17:04',93000.00,0,93000.00,0.00,93000.00,'IDR','lunas','kredit',1,NULL),(49,'6',7,'2016-04-05 15:19:15',4000.00,0,4000.00,0.00,4000.00,'IDR','lunas','kredit',1,NULL),(50,'127',7,'2016-04-05 16:37:10',32500.00,0,32500.00,0.00,32500.00,'IDR','lunas','kredit',1,NULL),(51,'89',7,'2016-04-05 17:27:07',13000.00,0,13000.00,13000.00,0.00,'IDR','lunas','cash',0,NULL),(52,'95',7,'2016-04-05 17:31:11',6000.00,0,6000.00,6000.00,0.00,'IDR','lunas','cash',0,NULL),(53,'86',7,'2016-04-05 17:32:15',4000.00,0,4000.00,4000.00,0.00,'IDR','lunas','cash',0,NULL),(54,'85',7,'2016-04-05 17:33:10',5000.00,0,5000.00,5000.00,0.00,'IDR','lunas','cash',0,NULL),(55,'newCustomer',7,'2016-04-05 17:34:22',18000.00,0,18000.00,18000.00,0.00,'IDR','lunas','cash',0,NULL),(56,'162',7,'2016-04-05 17:35:17',6000.00,0,6000.00,6000.00,0.00,'IDR','lunas','cash',0,NULL),(57,'162',7,'2016-04-05 17:36:09',3000.00,0,3000.00,3000.00,0.00,'IDR','lunas','cash',0,NULL),(58,'newCustomer',7,'2016-04-05 17:36:55',5000.00,0,5000.00,5000.00,0.00,'IDR','lunas','cash',0,NULL),(59,'131',7,'2016-04-05 17:38:42',4000.00,0,4000.00,4000.00,0.00,'IDR','lunas','cash',0,NULL),(60,'newCustomer',7,'2016-04-05 17:57:09',304500.00,0,304500.00,304500.00,0.00,'IDR','lunas','cash',0,NULL),(61,'158',7,'2016-04-05 18:06:21',22000.00,0,22000.00,0.00,22000.00,'IDR','lunas','kredit',1,NULL),(62,'97',7,'2016-04-05 18:07:01',18000.00,0,18000.00,0.00,18000.00,'IDR','lunas','kredit',1,NULL),(63,'3',7,'2016-04-05 18:08:15',36000.00,0,36000.00,0.00,36000.00,'IDR','lunas','kredit',1,NULL),(64,'58',7,'2016-04-05 18:09:25',4000.00,0,4000.00,0.00,4000.00,'IDR','lunas','kredit',1,NULL),(65,'183',7,'2016-04-05 18:10:17',20000.00,0,20000.00,20000.00,0.00,'IDR','lunas','cash',0,NULL),(66,'185',7,'2016-04-05 18:11:21',2000.00,0,2000.00,0.00,2000.00,'IDR','lunas','kredit',1,NULL),(67,'108',7,'2016-04-05 18:12:01',20000.00,0,20000.00,0.00,20000.00,'IDR','lunas','kredit',1,NULL),(68,'53',7,'2016-04-05 18:13:06',17000.00,0,17000.00,0.00,17000.00,'IDR','lunas','kredit',1,NULL),(69,'15',7,'2016-04-05 18:13:36',18000.00,0,18000.00,0.00,18000.00,'IDR','lunas','kredit',1,NULL),(70,'17',7,'2016-04-05 18:15:05',30000.00,0,30000.00,0.00,30000.00,'IDR','lunas','kredit',1,NULL),(71,'170',7,'2016-04-05 18:16:36',7000.00,0,7000.00,0.00,7000.00,'IDR','lunas','kredit',1,NULL),(72,'25',7,'2016-04-05 18:24:25',242000.00,0,242000.00,0.00,242000.00,'IDR','lunas','kredit',1,NULL),(73,'13',7,'2016-04-05 18:28:03',15000.00,0,15000.00,15000.00,0.00,'IDR','lunas','cash',0,NULL),(74,'190',7,'2016-04-05 18:29:03',14000.00,0,14000.00,14000.00,0.00,'IDR','lunas','cash',0,NULL),(75,'175',7,'2016-04-05 18:29:37',15000.00,0,15000.00,0.00,15000.00,'IDR','lunas','kredit',1,NULL),(76,'102',7,'2016-04-05 18:30:20',14000.00,0,14000.00,0.00,14000.00,'IDR','lunas','kredit',1,NULL),(77,'212',7,'2016-04-05 18:31:37',19000.00,0,19000.00,0.00,19000.00,'IDR','lunas','kredit',1,NULL),(78,'85',7,'2016-04-05 18:32:51',5000.00,0,5000.00,5000.00,0.00,'IDR','lunas','cash',0,NULL),(79,'202',7,'2016-04-05 18:33:32',2000.00,0,2000.00,2000.00,0.00,'IDR','lunas','cash',0,NULL),(80,'newCustomer',7,'2016-04-06 10:53:20',35000.00,0,35000.00,35000.00,0.00,'IDR','lunas','cash',0,NULL),(81,'146',7,'2016-04-06 10:57:53',15000.00,0,15000.00,15000.00,0.00,'IDR','lunas','cash',0,NULL),(82,'117',7,'2016-04-06 11:05:16',67000.00,0,67000.00,0.00,67000.00,'IDR','lunas','kredit',1,NULL),(83,'182',7,'2016-04-06 11:06:34',12000.00,0,12000.00,0.00,12000.00,'IDR','lunas','kredit',1,NULL),(84,'162',7,'2016-04-06 11:11:01',56000.00,0,56000.00,0.00,56000.00,'IDR','cicilan','cash',1,'{\"cash\":\"56000.00\",\"kredit\":\"0.00\",\"grandtotal\":\"56000.00\"}'),(85,'181',7,'2016-04-06 11:27:27',17000.00,0,17000.00,0.00,17000.00,'IDR','lunas','kredit',1,NULL),(86,'86',7,'2016-04-06 11:28:14',19000.00,0,19000.00,0.00,19000.00,'IDR','lunas','kredit',1,NULL),(87,'55',7,'2016-04-06 11:28:56',4000.00,0,4000.00,0.00,4000.00,'IDR','lunas','kredit',1,NULL),(88,'149',7,'2016-04-06 11:30:26',5000.00,0,5000.00,0.00,5000.00,'IDR','lunas','kredit',1,NULL),(89,'28',7,'2016-04-06 11:30:47',6000.00,0,6000.00,0.00,6000.00,'IDR','lunas','kredit',1,NULL),(90,'128',7,'2016-04-06 11:31:20',2000.00,0,2000.00,0.00,2000.00,'IDR','lunas','kredit',1,NULL),(91,'158',7,'2016-04-06 11:31:51',20000.00,0,20000.00,0.00,20000.00,'IDR','lunas','kredit',1,NULL),(92,'70',7,'2016-04-06 11:32:19',2000.00,0,2000.00,0.00,2000.00,'IDR','lunas','kredit',1,NULL),(93,'141',7,'2016-04-06 11:32:52',13000.00,0,13000.00,0.00,13000.00,'IDR','lunas','kredit',1,NULL),(94,'193',7,'2016-04-06 11:33:24',13000.00,0,13000.00,0.00,13000.00,'IDR','lunas','kredit',1,NULL),(95,'190',7,'2016-04-06 11:33:50',2000.00,0,2000.00,0.00,2000.00,'IDR','lunas','kredit',1,NULL),(96,'6',7,'2016-04-06 11:34:15',2000.00,0,2000.00,0.00,2000.00,'IDR','lunas','kredit',1,NULL),(97,'58',7,'2016-04-06 11:34:38',6000.00,0,6000.00,0.00,6000.00,'IDR','lunas','kredit',1,NULL),(98,'183',7,'2016-04-06 11:35:55',21000.00,0,21000.00,0.00,21000.00,'IDR','lunas','kredit',1,NULL),(99,'189',7,'2016-04-06 11:36:40',20000.00,0,20000.00,0.00,20000.00,'IDR','cicilan','cash',1,'{\"cash\":\"20000.00\",\"kredit\":\"0.00\",\"grandtotal\":\"20000.00\"}'),(100,'109',7,'2016-04-06 11:37:00',15000.00,0,15000.00,0.00,15000.00,'IDR','lunas','kredit',1,NULL),(101,'170',7,'2016-04-06 11:37:35',15000.00,0,15000.00,15000.00,0.00,'IDR','lunas','cash',0,NULL),(102,'160',7,'2016-04-06 11:38:04',4000.00,0,4000.00,0.00,4000.00,'IDR','lunas','kredit',1,NULL),(103,'84',7,'2016-04-06 11:39:19',5000.00,0,5000.00,0.00,5000.00,'IDR','lunas','kredit',1,NULL),(104,'20',7,'2016-04-06 11:40:01',2000.00,0,2000.00,0.00,2000.00,'IDR','lunas','kredit',1,NULL),(105,'15',7,'2016-04-06 11:40:36',21000.00,0,21000.00,0.00,21000.00,'IDR','lunas','kredit',1,NULL),(106,'162',7,'2016-04-06 11:42:33',18000.00,0,18000.00,0.00,18000.00,'IDR','lunas','kredit',1,NULL),(107,'160',7,'2016-04-06 11:43:13',30000.00,0,30000.00,0.00,30000.00,'IDR','lunas','kredit',1,NULL),(108,'139',7,'2016-04-06 11:43:35',19000.00,0,19000.00,0.00,19000.00,'IDR','lunas','kredit',1,NULL),(109,'newCustomer',7,'2016-04-06 12:14:04',4000.00,0,4000.00,4000.00,0.00,'IDR','lunas','cash',0,NULL),(110,'14',7,'2016-04-06 12:15:35',14000.00,0,14000.00,14000.00,0.00,'IDR','lunas','cash',0,NULL),(111,'6',7,'2016-04-06 12:22:40',13000.00,0,13000.00,0.00,13000.00,'IDR','lunas','kredit',1,NULL),(112,'139',7,'2016-04-06 12:35:22',15000.00,0,15000.00,15000.00,0.00,'IDR','lunas','cash',0,NULL),(113,'76',7,'2016-04-06 12:43:21',39000.00,0,39000.00,0.00,39000.00,'IDR','lunas','kredit',1,NULL),(114,'86',7,'2016-04-06 12:58:23',21000.00,0,21000.00,0.00,21000.00,'IDR','lunas','kredit',1,NULL),(115,'222',7,'2016-04-06 12:59:35',15000.00,0,15000.00,0.00,15000.00,'IDR','lunas','kredit',1,NULL),(116,'28',7,'2016-04-06 13:00:13',5000.00,0,5000.00,0.00,5000.00,'IDR','lunas','kredit',1,NULL),(117,'58',7,'2016-04-06 13:00:58',3000.00,0,3000.00,0.00,3000.00,'IDR','lunas','kredit',1,NULL),(118,'53',7,'2016-04-06 13:02:07',17000.00,0,17000.00,0.00,17000.00,'IDR','lunas','kredit',1,NULL),(119,'109',7,'2016-04-06 13:03:10',19000.00,0,19000.00,0.00,19000.00,'IDR','lunas','kredit',1,NULL),(120,'182',7,'2016-04-06 13:04:03',17000.00,0,17000.00,0.00,17000.00,'IDR','lunas','kredit',1,NULL),(121,'162',7,'2016-04-06 13:04:58',20000.00,0,20000.00,0.00,20000.00,'IDR','lunas','kredit',1,NULL),(122,'190',7,'2016-04-06 13:06:46',15000.00,0,15000.00,0.00,15000.00,'IDR','lunas','kredit',1,NULL),(123,'102',7,'2016-04-06 13:07:39',16000.00,0,16000.00,0.00,16000.00,'IDR','lunas','kredit',1,NULL),(124,'112',7,'2016-04-06 13:08:25',2000.00,0,2000.00,0.00,2000.00,'IDR','lunas','kredit',1,NULL),(125,'110',7,'2016-04-06 13:09:04',22000.00,0,22000.00,0.00,22000.00,'IDR','lunas','kredit',1,NULL),(126,'136',7,'2016-04-06 13:09:25',20000.00,0,20000.00,0.00,20000.00,'IDR','lunas','kredit',1,NULL),(127,'158',7,'2016-04-06 13:09:48',20000.00,0,20000.00,0.00,20000.00,'IDR','lunas','kredit',1,NULL),(128,'155',7,'2016-04-06 13:10:25',5000.00,0,5000.00,0.00,5000.00,'IDR','lunas','kredit',1,NULL),(129,'138',7,'2016-04-06 13:10:54',15000.00,0,15000.00,0.00,15000.00,'IDR','lunas','kredit',1,NULL),(130,'128',7,'2016-04-06 13:12:08',2000.00,0,2000.00,0.00,2000.00,'IDR','lunas','kredit',1,NULL),(131,'132',7,'2016-04-06 13:13:00',16000.00,0,16000.00,0.00,16000.00,'IDR','lunas','kredit',1,NULL),(132,'44',7,'2016-04-06 13:13:45',40000.00,0,40000.00,0.00,40000.00,'IDR','lunas','kredit',1,NULL),(133,'141',7,'2016-04-06 13:14:56',2000.00,0,2000.00,0.00,2000.00,'IDR','lunas','kredit',1,NULL),(134,'125',7,'2016-04-06 13:17:18',32000.00,0,32000.00,0.00,32000.00,'IDR','lunas','kredit',1,NULL),(135,'20',7,'2016-04-06 13:18:36',3000.00,0,3000.00,0.00,3000.00,'IDR','lunas','kredit',1,NULL),(136,'159',7,'2016-04-06 13:19:57',9000.00,0,9000.00,0.00,9000.00,'IDR','lunas','kredit',1,NULL),(137,'198',7,'2016-04-06 13:25:00',2000.00,0,2000.00,0.00,2000.00,'IDR','lunas','kredit',1,NULL),(138,'78',7,'2016-04-06 13:26:45',8000.00,0,8000.00,8000.00,0.00,'IDR','lunas','cash',0,NULL),(139,'140',7,'2016-04-06 13:27:45',13000.00,0,13000.00,13000.00,0.00,'IDR','lunas','cash',0,NULL),(140,'55',7,'2016-04-06 13:29:01',2000.00,0,2000.00,2000.00,0.00,'IDR','lunas','cash',0,NULL),(141,'3',7,'2016-04-06 13:31:02',6000.00,0,6000.00,6000.00,0.00,'IDR','lunas','cash',0,NULL),(142,'124',7,'2016-04-06 13:32:57',7000.00,0,7000.00,7000.00,0.00,'IDR','lunas','cash',0,NULL),(143,'193',7,'2016-04-06 13:33:38',2000.00,0,2000.00,2000.00,0.00,'IDR','lunas','cash',0,NULL),(144,'52',7,'2016-04-06 13:34:47',20000.00,0,20000.00,20000.00,0.00,'IDR','lunas','cash',0,NULL),(145,'2',7,'2016-04-06 13:36:12',3000.00,0,3000.00,3000.00,0.00,'IDR','lunas','cash',0,NULL),(146,'118',7,'2016-04-06 13:37:47',19000.00,0,19000.00,19000.00,0.00,'IDR','lunas','cash',0,NULL),(147,'6',7,'2016-04-06 13:40:08',2500.00,0,2500.00,0.00,2500.00,'IDR','lunas','kredit',1,NULL),(148,'newCustomer',7,'2016-04-06 13:45:08',153000.00,0,153000.00,153000.00,0.00,'IDR','lunas','cash',0,NULL),(149,'75',7,'2016-04-06 13:47:40',6000.00,0,6000.00,6000.00,0.00,'IDR','lunas','cash',0,NULL),(150,'130',7,'2016-04-06 13:48:54',3000.00,0,3000.00,3000.00,0.00,'IDR','lunas','cash',0,NULL),(151,'155',7,'2016-04-06 13:49:42',8000.00,0,8000.00,8000.00,0.00,'IDR','lunas','cash',0,NULL),(152,'151',7,'2016-04-06 13:56:20',49000.00,0,49000.00,0.00,49000.00,'IDR','lunas','kredit',1,NULL),(153,'138',7,'2016-04-06 13:56:58',15000.00,0,15000.00,0.00,15000.00,'IDR','lunas','kredit',1,NULL),(154,'85',7,'2016-04-06 14:09:16',21000.00,0,21000.00,21000.00,0.00,'IDR','lunas','cash',0,NULL),(155,'44',7,'2016-04-06 14:13:07',46000.00,0,46000.00,0.00,46000.00,'IDR','lunas','kredit',1,NULL),(156,'44',7,'2016-04-06 14:17:55',13000.00,0,13000.00,0.00,13000.00,'IDR','lunas','kredit',1,NULL),(157,'89',7,'2016-04-06 14:18:46',15000.00,0,15000.00,15000.00,0.00,'IDR','lunas','cash',0,NULL),(158,'221',7,'2016-04-06 14:21:39',17000.00,0,17000.00,0.00,17000.00,'IDR','lunas','kredit',1,NULL),(159,'190',7,'2016-04-06 14:22:27',13000.00,0,13000.00,0.00,13000.00,'IDR','lunas','kredit',1,NULL),(160,'58',7,'2016-04-06 14:23:11',15000.00,0,15000.00,0.00,15000.00,'IDR','lunas','kredit',1,NULL),(161,'193',7,'2016-04-06 14:23:59',2000.00,0,2000.00,2000.00,0.00,'IDR','lunas','cash',0,NULL),(162,'183',7,'2016-04-06 14:24:25',6000.00,0,6000.00,0.00,6000.00,'IDR','lunas','kredit',1,NULL),(163,'155',7,'2016-04-06 14:25:22',2000.00,0,2000.00,0.00,2000.00,'IDR','lunas','kredit',1,NULL),(164,'50',7,'2016-04-06 14:26:10',2000.00,0,2000.00,2000.00,0.00,'IDR','lunas','cash',0,NULL),(165,'159',7,'2016-04-06 14:35:36',20000.00,0,20000.00,0.00,20000.00,'IDR','lunas','kredit',1,NULL),(166,'221',7,'2016-04-06 14:37:21',9000.00,0,9000.00,9000.00,0.00,'IDR','lunas','cash',0,NULL),(167,'19',7,'2016-04-06 14:39:11',15000.00,0,15000.00,0.00,15000.00,'IDR','lunas','kredit',1,NULL),(168,'151',7,'2016-04-06 14:39:52',13000.00,0,13000.00,0.00,13000.00,'IDR','lunas','kredit',1,NULL),(169,'41',7,'2016-04-06 14:40:24',6000.00,0,6000.00,0.00,6000.00,'IDR','lunas','kredit',1,NULL),(170,'156',7,'2016-04-06 14:43:19',13000.00,0,13000.00,13000.00,0.00,'IDR','lunas','cash',0,NULL),(171,'23',7,'2016-04-06 14:56:39',5000.00,0,5000.00,5000.00,0.00,'IDR','lunas','cash',0,NULL),(172,'101',7,'2016-04-06 15:10:25',89000.00,0,89000.00,0.00,89000.00,'IDR','lunas','kredit',1,NULL),(173,'44',7,'2016-04-06 15:16:12',10000.00,0,10000.00,0.00,10000.00,'IDR','lunas','kredit',1,NULL),(174,'222',7,'2016-04-06 15:17:19',2000.00,0,2000.00,0.00,2000.00,'IDR','lunas','kredit',1,NULL),(175,'13',7,'2016-04-06 15:19:29',17000.00,0,17000.00,17000.00,0.00,'IDR','lunas','cash',0,NULL),(176,'139',7,'2016-04-06 15:23:48',19000.00,0,19000.00,0.00,19000.00,'IDR','lunas','kredit',1,NULL),(177,'86',7,'2016-04-06 15:28:08',93500.00,0,93500.00,0.00,93500.00,'IDR','lunas','kredit',1,NULL),(178,'127',7,'2016-04-06 15:28:56',3000.00,0,3000.00,0.00,3000.00,'IDR','lunas','kredit',1,NULL),(179,'15',7,'2016-04-06 15:47:13',18000.00,0,18000.00,0.00,18000.00,'IDR','lunas','kredit',1,NULL),(180,'198',7,'2016-04-06 15:48:12',20000.00,0,20000.00,0.00,20000.00,'IDR','lunas','kredit',1,NULL),(181,'73',7,'2016-04-06 15:49:18',26000.00,0,26000.00,0.00,26000.00,'IDR','lunas','kredit',1,NULL),(182,'newCustomer',7,'2016-04-06 15:54:21',3000.00,0,3000.00,3000.00,0.00,'IDR','lunas','cash',0,NULL),(183,'53',7,'2016-04-06 15:55:22',9000.00,0,9000.00,9000.00,0.00,'IDR','lunas','cash',0,NULL),(184,'186',7,'2016-04-06 16:59:18',27000.00,0,27000.00,0.00,27000.00,'IDR','lunas','kredit',1,NULL),(185,'newCustomer',7,'2016-04-06 17:10:36',15000.00,0,15000.00,15000.00,0.00,'IDR','lunas','cash',0,NULL),(186,'31',7,'2016-04-06 17:12:03',51000.00,0,51000.00,0.00,51000.00,'IDR','lunas','kredit',1,NULL),(187,'20',7,'2016-04-06 17:13:13',1250.00,0,1250.00,0.00,1250.00,'IDR','lunas','kredit',1,NULL),(188,'187',7,'2016-04-06 17:17:41',5000.00,0,5000.00,0.00,5000.00,'IDR','lunas','kredit',1,NULL),(189,'22',7,'2016-04-06 17:22:12',127000.00,0,127000.00,0.00,127000.00,'IDR','lunas','kredit',1,NULL),(190,'84',7,'2016-04-06 17:23:00',20000.00,0,20000.00,0.00,20000.00,'IDR','lunas','kredit',1,NULL),(191,'151',7,'2016-04-06 17:25:20',35000.00,0,35000.00,0.00,35000.00,'IDR','lunas','kredit',1,NULL),(192,'160',7,'2016-04-06 17:29:18',15000.00,0,15000.00,0.00,15000.00,'IDR','lunas','kredit',1,NULL),(193,'30',7,'2016-04-06 17:29:49',4000.00,0,4000.00,4000.00,0.00,'IDR','lunas','cash',0,NULL),(194,'65',7,'2016-04-06 17:37:34',13100.00,0,13100.00,0.00,13100.00,'IDR','lunas','kredit',1,NULL),(195,'221',7,'2016-04-06 17:38:09',17000.00,0,17000.00,0.00,17000.00,'IDR','lunas','kredit',1,NULL),(196,'151',7,'2016-04-06 17:39:39',20000.00,0,20000.00,0.00,20000.00,'IDR','lunas','kredit',1,NULL),(197,'53',7,'2016-04-06 17:40:30',15000.00,0,15000.00,0.00,15000.00,'IDR','lunas','kredit',1,NULL),(198,'6',7,'2016-04-06 17:42:27',171000.00,0,171000.00,0.00,171000.00,'IDR','lunas','kredit',1,NULL),(199,'newCustomer',7,'2016-04-06 17:43:20',18000.00,0,18000.00,18000.00,0.00,'IDR','lunas','cash',0,NULL),(200,'newCustomer',7,'2016-04-06 17:45:37',54000.00,0,54000.00,54000.00,0.00,'IDR','lunas','cash',0,NULL),(201,'155',7,'2016-04-06 17:46:15',15000.00,0,15000.00,0.00,15000.00,'IDR','lunas','kredit',1,NULL),(202,'162',7,'2016-04-06 17:47:31',2000.00,0,2000.00,0.00,2000.00,'IDR','lunas','kredit',1,NULL),(203,'44',7,'2016-04-06 17:47:53',3000.00,0,3000.00,3000.00,0.00,'IDR','lunas','cash',0,NULL),(204,'183',7,'2016-04-06 17:50:36',162000.00,0,162000.00,0.00,162000.00,'IDR','lunas','kredit',1,NULL),(205,'160',7,'2016-04-06 17:51:19',2000.00,0,2000.00,2000.00,0.00,'IDR','lunas','cash',0,NULL),(206,'48',7,'2016-04-06 17:56:14',13000.00,0,13000.00,13000.00,0.00,'IDR','lunas','cash',0,NULL),(207,'newCustomer',7,'2016-04-06 18:08:29',5000.00,0,5000.00,5000.00,0.00,'IDR','lunas','cash',0,NULL),(208,'24',7,'2016-04-07 10:36:43',38000.00,0,38000.00,38000.00,0.00,'IDR','lunas','cash',0,NULL),(209,'109',7,'2016-04-07 10:38:05',22000.00,0,22000.00,0.00,22000.00,'IDR','lunas','kredit',1,NULL),(210,'80',7,'2016-04-07 10:39:12',20000.00,0,20000.00,0.00,20000.00,'IDR','lunas','kredit',1,NULL),(211,'20',7,'2016-04-07 11:04:28',18000.00,0,18000.00,0.00,18000.00,'IDR','lunas','kredit',1,NULL),(212,'55',7,'2016-04-07 11:05:02',15000.00,0,15000.00,0.00,15000.00,'IDR','lunas','kredit',1,NULL),(213,'30',7,'2016-04-07 11:07:33',2000.00,0,2000.00,2000.00,0.00,'IDR','lunas','cash',0,NULL),(214,'146',7,'2016-04-07 11:46:32',13000.00,0,13000.00,0.00,13000.00,'IDR','lunas','kredit',1,NULL),(215,'146',7,'2016-04-07 11:47:13',2000.00,0,2000.00,2000.00,0.00,'IDR','lunas','cash',0,NULL),(216,'138',7,'2016-04-07 11:52:40',60000.00,0,60000.00,0.00,60000.00,'IDR','lunas','kredit',1,NULL),(217,'157',7,'2016-04-07 12:33:37',3000.00,0,3000.00,0.00,3000.00,'IDR','lunas','kredit',1,NULL),(218,'162',7,'2016-04-07 12:34:31',2000.00,0,2000.00,2000.00,0.00,'IDR','lunas','cash',0,NULL),(219,'newCustomer',7,'2016-04-07 12:46:51',65000.00,0,65000.00,65000.00,0.00,'IDR','lunas','cash',0,NULL),(220,'20',7,'2016-04-07 12:49:51',3000.00,0,3000.00,0.00,3000.00,'IDR','lunas','kredit',1,NULL),(221,'53',7,'2016-04-07 12:53:31',4500.00,0,4500.00,0.00,4500.00,'IDR','lunas','kredit',1,NULL),(222,'139',7,'2016-04-07 13:16:00',19000.00,0,19000.00,0.00,19000.00,'IDR','lunas','kredit',1,NULL),(223,'198',7,'2016-04-07 13:17:32',22000.00,0,22000.00,0.00,22000.00,'IDR','lunas','kredit',1,NULL),(224,'70',7,'2016-04-07 13:18:15',2000.00,0,2000.00,0.00,2000.00,'IDR','lunas','kredit',1,NULL),(225,'128',7,'2016-04-07 13:19:15',2000.00,0,2000.00,0.00,2000.00,'IDR','lunas','kredit',1,NULL),(226,'112',7,'2016-04-07 13:20:11',25000.00,0,25000.00,0.00,25000.00,'IDR','lunas','kredit',1,NULL),(227,'109',7,'2016-04-07 13:21:35',4000.00,0,4000.00,0.00,4000.00,'IDR','lunas','kredit',1,NULL),(228,'193',7,'2016-04-07 13:22:35',3000.00,0,3000.00,0.00,3000.00,'IDR','lunas','kredit',1,NULL),(229,'210',7,'2016-04-07 13:24:36',48500.00,0,48500.00,0.00,48500.00,'IDR','lunas','kredit',1,NULL),(230,'87',7,'2016-04-07 13:33:48',2000.00,0,2000.00,2000.00,0.00,'IDR','lunas','cash',0,NULL),(231,'78',7,'2016-04-07 13:35:08',12500.00,0,12500.00,12500.00,0.00,'IDR','lunas','cash',0,NULL),(232,'162',7,'2016-04-07 13:35:53',2000.00,0,2000.00,2000.00,0.00,'IDR','lunas','cash',0,NULL),(233,'117',7,'2016-04-07 13:36:40',2000.00,0,2000.00,0.00,2000.00,'IDR','lunas','kredit',1,NULL),(234,'121',7,'2016-04-07 13:37:17',3000.00,0,3000.00,3000.00,0.00,'IDR','lunas','cash',0,NULL),(235,'125',7,'2016-04-07 13:38:18',2000.00,0,2000.00,2000.00,0.00,'IDR','lunas','cash',0,NULL),(236,'182',7,'2016-04-07 13:39:09',2000.00,0,2000.00,2000.00,0.00,'IDR','lunas','cash',0,NULL),(237,'98',7,'2016-04-07 13:39:50',2000.00,0,2000.00,2000.00,0.00,'IDR','lunas','cash',0,NULL),(238,'136',7,'2016-04-07 13:40:46',22000.00,0,22000.00,22000.00,0.00,'IDR','lunas','cash',0,NULL),(239,'138',7,'2016-04-07 13:42:18',8000.00,0,8000.00,8000.00,0.00,'IDR','lunas','cash',0,NULL),(240,'102',7,'2016-04-07 13:43:16',28000.00,0,28000.00,0.00,28000.00,'IDR','lunas','kredit',1,NULL),(241,'189',7,'2016-04-07 13:47:29',2000.00,0,2000.00,0.00,2000.00,'IDR','lunas','kredit',1,NULL),(242,'186',7,'2016-04-07 14:10:45',22000.00,0,22000.00,22000.00,0.00,'IDR','lunas','cash',0,NULL),(243,'85',7,'2016-04-07 14:21:35',23000.00,0,23000.00,23000.00,0.00,'IDR','lunas','cash',0,NULL),(244,'222',7,'2016-04-07 14:22:15',27000.00,0,27000.00,0.00,27000.00,'IDR','lunas','kredit',1,NULL),(245,'181',7,'2016-04-07 14:22:54',2000.00,0,2000.00,2000.00,0.00,'IDR','lunas','cash',0,NULL),(246,'63',7,'2016-04-07 14:23:47',24000.00,0,24000.00,0.00,24000.00,'IDR','lunas','kredit',1,NULL),(247,'27',7,'2016-04-07 14:24:42',19000.00,0,19000.00,0.00,19000.00,'IDR','lunas','kredit',1,NULL),(248,'109',7,'2016-04-07 14:38:37',14000.00,0,14000.00,0.00,14000.00,'IDR','lunas','kredit',1,NULL),(249,'141',7,'2016-04-07 14:43:04',15000.00,0,15000.00,0.00,15000.00,'IDR','lunas','kredit',1,NULL),(250,'50',7,'2016-04-07 14:45:33',4000.00,0,4000.00,4000.00,0.00,'IDR','lunas','cash',0,NULL),(251,'86',7,'2016-04-07 14:47:29',29000.00,0,29000.00,0.00,29000.00,'IDR','lunas','kredit',1,NULL),(252,'86',7,'2016-04-07 14:48:10',4000.00,0,4000.00,4000.00,0.00,'IDR','lunas','cash',0,NULL),(253,'106',7,'2016-04-07 14:48:36',12000.00,0,12000.00,12000.00,0.00,'IDR','lunas','cash',0,NULL),(254,'159',7,'2016-04-07 14:49:15',4000.00,0,4000.00,0.00,4000.00,'IDR','lunas','kredit',1,NULL),(255,'41',7,'2016-04-07 14:49:43',5000.00,0,5000.00,0.00,5000.00,'IDR','lunas','kredit',1,NULL),(256,'175',7,'2016-04-07 14:50:13',15000.00,0,15000.00,0.00,15000.00,'IDR','lunas','kredit',1,NULL),(257,'190',7,'2016-04-07 14:51:16',2000.00,0,2000.00,0.00,2000.00,'IDR','lunas','kredit',1,NULL),(258,'84',7,'2016-04-07 14:57:02',8000.00,0,8000.00,0.00,8000.00,'IDR','lunas','kredit',1,NULL),(259,'221',7,'2016-04-07 14:58:42',17000.00,0,17000.00,0.00,17000.00,'IDR','lunas','kredit',1,NULL),(260,'86',7,'2016-04-07 15:13:43',3000.00,0,3000.00,3000.00,0.00,'IDR','lunas','cash',0,NULL),(261,'207',7,'2016-04-07 15:18:02',52500.00,0,52500.00,0.00,52500.00,'IDR','lunas','kredit',1,NULL),(262,'108',7,'2016-04-07 15:49:16',20000.00,0,20000.00,0.00,20000.00,'IDR','lunas','kredit',1,NULL),(263,'139',7,'2016-04-07 15:50:22',19000.00,0,19000.00,0.00,19000.00,'IDR','lunas','kredit',1,NULL),(264,'84',7,'2016-04-07 17:04:29',2000.00,0,2000.00,0.00,2000.00,'IDR','lunas','kredit',1,NULL),(265,'169',7,'2016-04-07 17:07:08',360000.00,0,360000.00,0.00,360000.00,'IDR','lunas','kredit',1,NULL),(266,'170',7,'2016-04-07 17:13:14',19000.00,0,19000.00,0.00,19000.00,'IDR','lunas','kredit',1,NULL),(267,'60',7,'2016-04-07 17:14:30',3000.00,0,3000.00,3000.00,0.00,'IDR','lunas','cash',0,NULL),(268,'222',7,'2016-04-07 17:15:28',2000.00,0,2000.00,0.00,2000.00,'IDR','lunas','kredit',1,NULL),(269,'129',7,'2016-04-07 17:16:37',19000.00,0,19000.00,19000.00,0.00,'IDR','lunas','cash',0,NULL),(270,'53',7,'2016-04-07 17:24:20',22000.00,0,22000.00,0.00,22000.00,'IDR','lunas','kredit',1,NULL),(271,'190',7,'2016-04-07 17:29:31',13000.00,0,13000.00,0.00,13000.00,'IDR','lunas','kredit',1,NULL),(272,'157',7,'2016-04-07 17:30:42',18000.00,0,18000.00,0.00,18000.00,'IDR','lunas','kredit',1,NULL),(273,'57',7,'2016-04-07 17:31:55',23000.00,0,23000.00,0.00,23000.00,'IDR','lunas','kredit',1,NULL),(274,'159',7,'2016-04-07 17:32:34',20000.00,0,20000.00,0.00,20000.00,'IDR','lunas','kredit',1,NULL),(275,'139',7,'2016-04-07 17:33:32',2000.00,0,2000.00,2000.00,0.00,'IDR','lunas','cash',0,NULL),(276,'newCustomer',7,'2016-04-07 17:38:28',134000.00,0,134000.00,134000.00,0.00,'IDR','lunas','cash',0,NULL),(277,'newCustomer',7,'2016-04-07 17:47:46',85000.00,0,85000.00,85000.00,0.00,'IDR','lunas','cash',0,NULL),(278,'17',7,'2016-04-07 17:48:26',15000.00,0,15000.00,0.00,15000.00,'IDR','lunas','kredit',1,NULL),(279,'newCustomer',7,'2016-04-07 17:49:47',6000.00,0,6000.00,6000.00,0.00,'IDR','lunas','cash',0,NULL),(280,'55',7,'2016-04-07 17:52:28',2000.00,0,2000.00,0.00,2000.00,'IDR','lunas','kredit',1,NULL),(281,'193',7,'2016-04-07 17:53:48',13000.00,0,13000.00,0.00,13000.00,'IDR','lunas','kredit',1,NULL),(282,'221',7,'2016-04-08 10:52:38',20000.00,0,20000.00,0.00,20000.00,'IDR','lunas','kredit',1,NULL),(283,'83',7,'2016-04-08 10:53:39',5000.00,0,5000.00,5000.00,0.00,'IDR','lunas','cash',0,NULL),(284,'148',7,'2016-04-08 11:08:14',15000.00,0,15000.00,15000.00,0.00,'IDR','lunas','cash',0,NULL),(285,'222',7,'2016-04-08 11:09:27',6000.00,0,6000.00,0.00,6000.00,'IDR','lunas','kredit',1,NULL),(286,'47',7,'2016-04-08 11:11:19',16000.00,0,16000.00,16000.00,0.00,'IDR','lunas','cash',0,NULL),(287,'89',7,'2016-04-08 11:11:51',15000.00,0,15000.00,15000.00,0.00,'IDR','lunas','cash',0,NULL),(288,'55',7,'2016-04-08 11:12:32',4000.00,0,4000.00,0.00,4000.00,'IDR','lunas','kredit',1,NULL),(289,'17',7,'2016-04-08 11:13:13',6000.00,0,6000.00,0.00,6000.00,'IDR','lunas','kredit',1,NULL),(290,'20',7,'2016-04-08 11:14:15',18000.00,0,18000.00,0.00,18000.00,'IDR','lunas','kredit',1,NULL),(291,'162',7,'2016-04-08 12:03:29',18000.00,0,18000.00,0.00,18000.00,'IDR','lunas','kredit',1,NULL),(292,'109',7,'2016-04-08 12:04:11',3000.00,0,3000.00,0.00,3000.00,'IDR','lunas','kredit',1,NULL),(293,'76',7,'2016-04-08 12:04:48',3000.00,0,3000.00,3000.00,0.00,'IDR','lunas','cash',0,NULL),(294,'119',7,'2016-04-08 12:08:29',131500.00,0,131500.00,0.00,131500.00,'IDR','lunas','kredit',1,NULL),(295,'142',7,'2016-04-08 12:40:25',55500.00,0,55500.00,0.00,55500.00,'IDR','lunas','kredit',1,NULL),(296,'newCustomer',7,'2016-04-08 12:56:33',8000.00,0,8000.00,8000.00,0.00,'IDR','lunas','cash',0,NULL),(297,'newCustomer',7,'2016-04-08 12:58:44',8000.00,0,8000.00,8000.00,0.00,'IDR','lunas','cash',0,NULL),(298,'128',7,'2016-04-08 13:00:54',2000.00,0,2000.00,0.00,2000.00,'IDR','cicilan','cash',1,'{\"cash\":\"2000.00\",\"kredit\":\"0.00\",\"grandtotal\":\"2000.00\"}'),(299,'129',7,'2016-04-08 13:14:49',2000.00,0,2000.00,2000.00,0.00,'IDR','lunas','cash',0,NULL),(300,'136',7,'2016-04-08 14:02:06',32500.00,0,32500.00,0.00,32500.00,'IDR','lunas','kredit',1,NULL),(301,'22',7,'2016-04-08 14:04:26',8000.00,0,8000.00,0.00,8000.00,'IDR','lunas','kredit',1,NULL),(302,'95',7,'2016-04-08 14:12:09',4000.00,0,4000.00,4000.00,0.00,'IDR','lunas','cash',0,NULL),(303,'193',7,'2016-04-08 14:13:56',2000.00,0,2000.00,2000.00,0.00,'IDR','lunas','cash',0,NULL),(304,'176',7,'2016-04-08 14:14:46',10500.00,0,10500.00,10500.00,0.00,'IDR','lunas','cash',0,NULL),(305,'30',7,'2016-04-08 14:15:47',2000.00,0,2000.00,2000.00,0.00,'IDR','lunas','cash',0,NULL),(306,'162',7,'2016-04-08 14:16:51',2000.00,0,2000.00,2000.00,0.00,'IDR','lunas','cash',0,NULL),(307,'98',7,'2016-04-08 14:17:25',2000.00,0,2000.00,2000.00,0.00,'IDR','lunas','cash',0,NULL),(308,'124',7,'2016-04-08 14:18:09',7000.00,0,7000.00,7000.00,0.00,'IDR','lunas','cash',0,NULL),(309,'108',7,'2016-04-08 14:19:52',5000.00,0,5000.00,5000.00,0.00,'IDR','lunas','cash',0,NULL),(310,'96',7,'2016-04-08 14:21:54',5000.00,0,5000.00,5000.00,0.00,'IDR','lunas','cash',0,NULL),(311,'118',7,'2016-04-08 14:23:31',4000.00,0,4000.00,4000.00,0.00,'IDR','lunas','cash',0,NULL),(312,'125',7,'2016-04-08 14:24:02',18000.00,0,18000.00,18000.00,0.00,'IDR','lunas','cash',0,NULL),(313,'214',7,'2016-04-08 14:24:43',2000.00,0,2000.00,2000.00,0.00,'IDR','lunas','cash',0,NULL),(314,'215',7,'2016-04-08 14:25:15',8000.00,0,8000.00,8000.00,0.00,'IDR','lunas','cash',0,NULL),(315,'14',7,'2016-04-08 14:26:20',12000.00,0,12000.00,12000.00,0.00,'IDR','lunas','cash',0,NULL),(316,'75',7,'2016-04-08 14:26:59',18000.00,0,18000.00,18000.00,0.00,'IDR','lunas','cash',0,NULL),(317,'138',7,'2016-04-08 14:27:57',15000.00,0,15000.00,0.00,15000.00,'IDR','lunas','kredit',1,NULL),(318,'141',7,'2016-04-08 14:28:51',15000.00,0,15000.00,15000.00,0.00,'IDR','lunas','cash',0,NULL),(319,'20',7,'2016-04-08 14:30:29',7000.00,0,7000.00,0.00,7000.00,'IDR','lunas','kredit',1,NULL),(320,'198',7,'2016-04-08 14:31:41',37000.00,0,37000.00,0.00,37000.00,'IDR','lunas','kredit',1,NULL),(321,'86',7,'2016-04-08 14:32:26',21000.00,0,21000.00,0.00,21000.00,'IDR','lunas','kredit',1,NULL),(322,'86',7,'2016-04-08 14:32:58',2000.00,0,2000.00,2000.00,0.00,'IDR','lunas','cash',0,NULL),(323,'159',7,'2016-04-08 14:34:20',22000.00,0,22000.00,0.00,22000.00,'IDR','lunas','kredit',1,NULL),(324,'84',7,'2016-04-08 14:34:52',6000.00,0,6000.00,6000.00,0.00,'IDR','lunas','cash',0,NULL),(325,'207',7,'2016-04-08 14:44:43',23000.00,0,23000.00,0.00,23000.00,'IDR','lunas','kredit',1,NULL),(326,'139',7,'2016-04-08 15:24:13',15000.00,0,15000.00,0.00,15000.00,'IDR','lunas','kredit',1,NULL),(327,'139',7,'2016-04-08 15:28:18',5000.00,0,5000.00,0.00,5000.00,'IDR','lunas','kredit',1,NULL),(328,'163',7,'2016-04-08 15:39:04',52000.00,0,52000.00,0.00,52000.00,'IDR','lunas','kredit',1,NULL),(329,'13',7,'2016-04-08 16:04:20',83000.00,0,83000.00,0.00,83000.00,'IDR','lunas','kredit',1,NULL),(330,'13',7,'2016-04-08 16:13:58',17500.00,0,17500.00,17500.00,0.00,'IDR','lunas','cash',0,NULL),(331,'1',7,'2016-04-08 17:40:17',204500.00,0,204500.00,0.00,204500.00,'IDR','lunas','kredit',1,NULL),(332,'91',7,'2016-04-08 18:01:45',146000.00,0,146000.00,0.00,146000.00,'IDR','lunas','kredit',1,NULL),(333,'72',7,'2016-04-08 18:05:34',62000.00,0,62000.00,0.00,62000.00,'IDR','lunas','kredit',1,NULL),(334,'34',7,'2016-04-08 18:10:43',107000.00,0,107000.00,0.00,107000.00,'IDR','lunas','kredit',1,NULL),(335,'83',7,'2016-04-08 18:12:15',85000.00,0,85000.00,0.00,85000.00,'IDR','lunas','kredit',1,NULL),(336,'116',7,'2016-04-09 10:51:45',3500.00,0,3500.00,3500.00,0.00,'IDR','lunas','cash',0,NULL),(337,'116',7,'2016-04-09 10:53:33',6000.00,0,6000.00,6000.00,0.00,'IDR','lunas','cash',0,NULL),(338,'162',7,'2016-04-09 10:55:40',18000.00,0,18000.00,0.00,18000.00,'IDR','lunas','kredit',1,NULL),(339,'102',7,'2016-04-09 10:57:36',16000.00,0,16000.00,0.00,16000.00,'IDR','lunas','kredit',1,NULL),(340,'58',7,'2016-04-09 10:58:49',2000.00,0,2000.00,0.00,2000.00,'IDR','lunas','kredit',1,NULL),(341,'155',7,'2016-04-09 10:59:25',5000.00,0,5000.00,0.00,5000.00,'IDR','lunas','kredit',1,NULL),(342,'28',7,'2016-04-09 10:59:56',6000.00,0,6000.00,0.00,6000.00,'IDR','lunas','kredit',1,NULL),(343,'182',7,'2016-04-09 11:02:15',21000.00,0,21000.00,0.00,21000.00,'IDR','lunas','kredit',1,NULL),(344,'189',7,'2016-04-09 11:03:24',22000.00,0,22000.00,22000.00,0.00,'IDR','lunas','cash',0,NULL),(345,'112',7,'2016-04-09 11:04:44',2000.00,0,2000.00,0.00,2000.00,'IDR','lunas','kredit',1,NULL),(346,'139',7,'2016-04-09 11:06:33',2000.00,0,2000.00,0.00,2000.00,'IDR','lunas','kredit',1,NULL),(347,'3',7,'2016-04-09 11:07:12',18000.00,0,18000.00,0.00,18000.00,'IDR','lunas','kredit',1,NULL),(348,'212',7,'2016-04-09 11:08:08',3500.00,0,3500.00,0.00,3500.00,'IDR','lunas','kredit',1,NULL),(349,'185',7,'2016-04-09 11:08:37',4000.00,0,4000.00,0.00,4000.00,'IDR','lunas','kredit',1,NULL),(350,'190',7,'2016-04-09 11:09:35',6000.00,0,6000.00,0.00,6000.00,'IDR','lunas','kredit',1,NULL),(351,'198',7,'2016-04-09 11:10:03',3000.00,0,3000.00,0.00,3000.00,'IDR','lunas','kredit',1,NULL),(352,'138',7,'2016-04-09 11:11:07',21000.00,0,21000.00,0.00,21000.00,'IDR','lunas','kredit',1,NULL),(353,'44',7,'2016-04-09 11:11:45',4000.00,0,4000.00,0.00,4000.00,'IDR','lunas','kredit',1,NULL),(354,'207',7,'2016-04-09 11:12:14',3500.00,0,3500.00,0.00,3500.00,'IDR','lunas','kredit',1,NULL),(355,'23',7,'2016-04-09 11:13:11',7000.00,0,7000.00,0.00,7000.00,'IDR','lunas','kredit',1,NULL),(356,'53',7,'2016-04-09 11:13:56',17000.00,0,17000.00,0.00,17000.00,'IDR','lunas','kredit',1,NULL),(357,'109',7,'2016-04-09 11:14:43',85000.00,0,85000.00,0.00,85000.00,'IDR','lunas','kredit',1,NULL),(358,'170',7,'2016-04-09 11:15:50',4000.00,0,4000.00,0.00,4000.00,'IDR','lunas','kredit',1,NULL),(359,'222',7,'2016-04-09 11:16:42',17000.00,0,17000.00,0.00,17000.00,'IDR','lunas','kredit',1,NULL),(360,'63',7,'2016-04-09 11:17:53',22000.00,0,22000.00,0.00,22000.00,'IDR','lunas','kredit',1,NULL),(361,'17',7,'2016-04-09 11:19:14',15000.00,0,15000.00,0.00,15000.00,'IDR','lunas','kredit',1,NULL),(362,'213',7,'2016-04-09 11:19:48',15000.00,0,15000.00,15000.00,0.00,'IDR','lunas','cash',0,NULL),(363,'6',7,'2016-04-09 11:21:53',23000.00,0,23000.00,0.00,23000.00,'IDR','lunas','kredit',1,NULL),(364,'108',7,'2016-04-09 11:22:29',20000.00,0,20000.00,0.00,20000.00,'IDR','lunas','kredit',1,NULL),(365,'41',7,'2016-04-09 11:23:17',5000.00,0,5000.00,0.00,5000.00,'IDR','lunas','kredit',1,NULL),(366,'89',7,'2016-04-09 11:23:45',13000.00,0,13000.00,13000.00,0.00,'IDR','lunas','cash',0,NULL),(367,'216',7,'2016-04-09 11:24:20',3000.00,0,3000.00,3000.00,0.00,'IDR','lunas','cash',0,NULL),(368,'162',7,'2016-04-09 11:24:52',1250.00,0,1250.00,1250.00,0.00,'IDR','lunas','cash',0,NULL),(369,'109',7,'2016-04-09 11:25:36',4000.00,0,4000.00,4000.00,0.00,'IDR','lunas','cash',0,NULL),(370,'50',7,'2016-04-09 11:26:10',2000.00,0,2000.00,2000.00,0.00,'IDR','lunas','cash',0,NULL),(371,'182',7,'2016-04-09 11:26:50',2000.00,0,2000.00,2000.00,0.00,'IDR','lunas','cash',0,NULL),(372,'193',7,'2016-04-09 11:27:33',5500.00,0,5500.00,5500.00,0.00,'IDR','lunas','cash',0,NULL),(373,'65',7,'2016-04-09 11:28:34',4000.00,0,4000.00,0.00,4000.00,'IDR','lunas','kredit',1,NULL),(374,'131',7,'2016-04-09 11:31:16',12000.00,0,12000.00,12000.00,0.00,'IDR','lunas','cash',0,NULL),(375,'142',7,'2016-04-09 11:34:05',21000.00,0,21000.00,0.00,21000.00,'IDR','lunas','kredit',1,NULL),(376,'142',7,'2016-04-09 11:36:32',15000.00,0,15000.00,0.00,15000.00,'IDR','lunas','kredit',1,NULL),(377,'186',7,'2016-04-09 11:41:11',15000.00,0,15000.00,15000.00,0.00,'IDR','lunas','cash',0,NULL),(378,'130',7,'2016-04-09 11:42:06',6000.00,0,6000.00,6000.00,0.00,'IDR','lunas','cash',0,NULL),(379,'204',7,'2016-04-09 11:44:56',6000.00,0,6000.00,0.00,6000.00,'IDR','lunas','kredit',1,NULL),(380,'19',7,'2016-04-09 12:15:46',16000.00,0,16000.00,0.00,16000.00,'IDR','lunas','kredit',1,NULL),(381,'14',7,'2016-04-09 12:21:00',16000.00,0,16000.00,16000.00,0.00,'IDR','lunas','cash',0,NULL),(382,'newCustomer',7,'2016-04-09 13:13:04',207000.00,0,207000.00,207000.00,0.00,'IDR','lunas','cash',0,NULL),(383,'84',7,'2016-04-09 13:16:55',2000.00,0,2000.00,0.00,2000.00,'IDR','lunas','kredit',1,NULL),(384,'210',7,'2016-04-09 13:18:22',3500.00,0,3500.00,0.00,3500.00,'IDR','lunas','kredit',1,NULL),(385,'221',7,'2016-04-09 13:20:46',17000.00,0,17000.00,0.00,17000.00,'IDR','lunas','kredit',1,NULL),(386,'217',7,'2016-04-09 13:22:07',6000.00,0,6000.00,0.00,6000.00,'IDR','lunas','kredit',1,NULL),(387,'141',7,'2016-04-09 13:22:41',13000.00,0,13000.00,0.00,13000.00,'IDR','lunas','kredit',1,NULL),(388,'73',7,'2016-04-09 13:28:53',22000.00,0,22000.00,0.00,22000.00,'IDR','lunas','kredit',1,NULL),(389,'222',7,'2016-04-09 13:29:43',15000.00,0,15000.00,0.00,15000.00,'IDR','lunas','kredit',1,NULL),(390,'156',7,'2016-04-09 13:49:31',13000.00,0,13000.00,13000.00,0.00,'IDR','lunas','cash',0,NULL),(391,'189',7,'2016-04-09 13:50:33',2000.00,0,2000.00,0.00,2000.00,'IDR','lunas','kredit',1,NULL),(392,'11',7,'2016-04-09 13:51:40',48500.00,0,48500.00,0.00,48500.00,'IDR','lunas','kredit',1,NULL),(393,'11',7,'2016-04-09 13:55:34',4000.00,0,4000.00,4000.00,0.00,'IDR','lunas','cash',0,NULL),(394,'157',7,'2016-04-09 13:59:51',21000.00,0,21000.00,0.00,21000.00,'IDR','lunas','kredit',1,NULL),(395,'144',7,'2016-04-09 14:00:30',2000.00,0,2000.00,2000.00,0.00,'IDR','lunas','cash',0,NULL),(396,'96',7,'2016-04-09 14:00:59',5000.00,0,5000.00,5000.00,0.00,'IDR','lunas','cash',0,NULL),(397,'102',7,'2016-04-09 14:03:20',16000.00,0,16000.00,0.00,16000.00,'IDR','lunas','kredit',1,NULL),(398,'95',7,'2016-04-09 14:03:57',6500.00,0,6500.00,6500.00,0.00,'IDR','lunas','cash',0,NULL),(399,'178',7,'2016-04-09 14:04:40',15000.00,0,15000.00,0.00,15000.00,'IDR','lunas','kredit',1,NULL),(400,'178',7,'2016-04-09 14:05:19',2000.00,0,2000.00,2000.00,0.00,'IDR','lunas','cash',0,NULL),(401,'105',7,'2016-04-09 14:05:54',15000.00,0,15000.00,0.00,15000.00,'IDR','lunas','kredit',1,NULL),(402,'139',7,'2016-04-09 14:06:22',15000.00,0,15000.00,0.00,15000.00,'IDR','lunas','kredit',1,NULL),(403,'112',7,'2016-04-09 14:07:45',23000.00,0,23000.00,0.00,23000.00,'IDR','lunas','kredit',1,NULL),(404,'94',7,'2016-04-09 14:08:31',2000.00,0,2000.00,0.00,2000.00,'IDR','lunas','kredit',1,NULL),(405,'108',7,'2016-04-09 14:09:32',22000.00,0,22000.00,0.00,22000.00,'IDR','lunas','kredit',1,NULL),(406,'151',7,'2016-04-09 14:10:54',33000.00,0,33000.00,0.00,33000.00,'IDR','lunas','kredit',1,NULL),(407,'44',7,'2016-04-09 14:11:36',20000.00,0,20000.00,0.00,20000.00,'IDR','lunas','kredit',1,NULL),(408,'31',7,'2016-04-09 14:13:00',36000.00,0,36000.00,0.00,36000.00,'IDR','lunas','kredit',1,NULL),(409,'139',7,'2016-04-09 14:17:28',13000.00,0,13000.00,13000.00,0.00,'IDR','lunas','cash',0,NULL),(410,'41',7,'2016-04-09 14:19:50',5000.00,0,5000.00,0.00,5000.00,'IDR','lunas','kredit',1,NULL),(411,'93',7,'2016-04-09 14:21:20',6000.00,0,6000.00,6000.00,0.00,'IDR','lunas','cash',0,NULL),(412,'125',7,'2016-04-09 14:22:51',15000.00,0,15000.00,15000.00,0.00,'IDR','lunas','cash',0,NULL),(413,'75',7,'2016-04-09 14:29:37',11000.00,0,11000.00,11000.00,0.00,'IDR','lunas','cash',0,NULL),(414,'53',7,'2016-04-09 14:30:23',2000.00,0,2000.00,0.00,2000.00,'IDR','lunas','kredit',1,NULL),(415,'37',7,'2016-04-09 14:31:22',10000.00,0,10000.00,10000.00,0.00,'IDR','lunas','cash',0,NULL),(416,'49',7,'2016-04-09 14:31:56',36000.00,0,36000.00,0.00,36000.00,'IDR','lunas','kredit',1,NULL),(417,'118',7,'2016-04-09 14:32:49',2000.00,0,2000.00,2000.00,0.00,'IDR','lunas','cash',0,NULL),(418,'214',7,'2016-04-09 14:33:49',2000.00,0,2000.00,2000.00,0.00,'IDR','lunas','cash',0,NULL),(419,'newCustomer',7,'2016-04-09 14:37:22',63000.00,0,63000.00,63000.00,0.00,'IDR','lunas','cash',0,NULL),(420,'15',7,'2016-04-09 14:39:31',276000.00,0,276000.00,0.00,276000.00,'IDR','lunas','kredit',1,NULL),(421,'190',7,'2016-04-09 14:54:35',28000.00,0,28000.00,0.00,28000.00,'IDR','lunas','kredit',1,NULL),(422,'25',7,'2016-04-09 14:56:23',3000.00,0,3000.00,3000.00,0.00,'IDR','lunas','cash',0,NULL),(423,'160',7,'2016-04-09 15:09:48',4000.00,0,4000.00,4000.00,0.00,'IDR','lunas','cash',0,NULL),(424,'160',7,'2016-04-09 15:10:36',30000.00,0,30000.00,0.00,30000.00,'IDR','lunas','kredit',1,NULL),(425,'216',7,'2016-04-09 15:19:20',3000.00,0,3000.00,3000.00,0.00,'IDR','lunas','cash',0,NULL),(426,'155',7,'2016-04-09 15:31:16',19000.00,0,19000.00,0.00,19000.00,'IDR','lunas','kredit',1,NULL),(427,'207',7,'2016-04-09 15:35:23',18000.00,0,18000.00,0.00,18000.00,'IDR','lunas','kredit',1,NULL),(428,'162',7,'2016-04-09 16:03:11',18000.00,0,18000.00,0.00,18000.00,'IDR','lunas','kredit',1,NULL),(429,'newCustomer',7,'2016-04-09 16:05:58',11000.00,0,11000.00,11000.00,0.00,'IDR','lunas','cash',0,NULL),(430,'newCustomer',7,'2016-04-09 16:10:45',22000.00,0,22000.00,22000.00,0.00,'IDR','lunas','cash',0,NULL),(431,'50',7,'2016-04-09 16:52:06',10000.00,0,10000.00,10000.00,0.00,'IDR','lunas','cash',0,NULL),(432,'94',7,'2016-04-09 16:52:47',13000.00,0,13000.00,0.00,13000.00,'IDR','lunas','kredit',1,NULL),(433,'155',7,'2016-04-09 16:53:34',150000.00,0,150000.00,0.00,150000.00,'IDR','lunas','kredit',1,NULL),(434,'130',7,'2016-04-11 10:48:07',33000.00,0,33000.00,33000.00,0.00,'IDR','lunas','cash',0,NULL),(435,'26',7,'2016-04-11 11:13:48',181000.00,0,181000.00,0.00,181000.00,'IDR','lunas','kredit',1,NULL),(436,'186',7,'2016-04-11 11:33:44',18000.00,0,18000.00,18000.00,0.00,'IDR','lunas','cash',0,NULL),(437,'83',7,'2016-04-11 11:34:36',4000.00,0,4000.00,4000.00,0.00,'IDR','lunas','cash',0,NULL),(438,'109',7,'2016-04-11 11:47:36',15000.00,0,15000.00,0.00,15000.00,'IDR','lunas','kredit',1,NULL),(439,'212',7,'2016-04-11 11:48:12',10000.00,0,10000.00,0.00,10000.00,'IDR','lunas','kredit',1,NULL),(440,'202',7,'2016-04-11 11:49:44',42000.00,0,42000.00,0.00,42000.00,'IDR','lunas','kredit',1,NULL),(441,'85',7,'2016-04-11 11:59:59',21000.00,0,21000.00,21000.00,0.00,'IDR','lunas','cash',0,NULL),(442,'141',7,'2016-04-11 12:10:11',15000.00,0,15000.00,0.00,15000.00,'IDR','lunas','kredit',1,NULL),(443,'121',7,'2016-04-11 12:10:58',2000.00,0,2000.00,2000.00,0.00,'IDR','lunas','cash',0,NULL),(444,'70',7,'2016-04-11 12:11:50',20000.00,0,20000.00,0.00,20000.00,'IDR','lunas','kredit',1,NULL),(445,'99',7,'2016-04-11 12:26:29',13000.00,0,13000.00,13000.00,0.00,'IDR','lunas','cash',0,NULL),(446,'126',7,'2016-04-11 12:29:02',11500.00,0,11500.00,0.00,11500.00,'IDR','lunas','kredit',1,NULL),(447,'20',7,'2016-04-11 12:29:58',4000.00,0,4000.00,0.00,4000.00,'IDR','lunas','kredit',1,NULL),(448,'124',7,'2016-04-11 12:30:29',5000.00,0,5000.00,5000.00,0.00,'IDR','lunas','cash',0,NULL),(449,'49',7,'2016-04-11 12:30:56',36000.00,0,36000.00,0.00,36000.00,'IDR','lunas','kredit',1,NULL),(450,'82',7,'2016-04-11 12:31:29',17000.00,0,17000.00,0.00,17000.00,'IDR','lunas','kredit',1,NULL),(451,'146',7,'2016-04-11 12:32:19',13000.00,0,13000.00,0.00,13000.00,'IDR','lunas','kredit',1,NULL),(452,'86',7,'2016-04-11 12:32:59',18000.00,0,18000.00,0.00,18000.00,'IDR','lunas','kredit',1,NULL),(453,'193',7,'2016-04-11 12:33:38',20000.00,0,20000.00,0.00,20000.00,'IDR','lunas','kredit',1,NULL),(454,'175',7,'2016-04-11 12:35:15',17000.00,0,17000.00,0.00,17000.00,'IDR','lunas','kredit',1,NULL),(455,'186',7,'2016-04-11 12:35:53',2000.00,0,2000.00,0.00,2000.00,'IDR','lunas','kredit',1,NULL),(456,'170',7,'2016-04-11 12:36:38',2000.00,0,2000.00,0.00,2000.00,'IDR','lunas','kredit',1,NULL),(457,'138',7,'2016-04-11 12:37:21',16000.00,0,16000.00,0.00,16000.00,'IDR','lunas','kredit',1,NULL),(458,'189',7,'2016-04-11 12:38:15',22000.00,0,22000.00,0.00,22000.00,'IDR','lunas','kredit',1,NULL),(459,'210',7,'2016-04-11 12:40:22',45500.00,0,45500.00,0.00,45500.00,'IDR','lunas','kredit',1,NULL),(460,'210',7,'2016-04-11 12:41:29',15000.00,0,15000.00,0.00,15000.00,'IDR','lunas','kredit',1,NULL),(461,'113',7,'2016-04-11 13:28:55',33000.00,0,33000.00,33000.00,0.00,'IDR','lunas','cash',0,NULL),(462,'186',7,'2016-04-11 13:48:17',2000.00,0,2000.00,2000.00,0.00,'IDR','lunas','kredit',0,'{\"cash\":\"0.00\",\"kredit\":\"2000.00\",\"grandtotal\":\"2000.00\"}'),(463,'31',7,'2016-04-11 14:25:12',255000.00,0,255000.00,0.00,255000.00,'IDR','lunas','kredit',1,NULL),(464,'223',7,'2016-04-11 14:39:27',5000.00,0,5000.00,0.00,5000.00,'IDR','lunas','kredit',1,NULL),(465,'112',7,'2016-04-11 14:42:48',4000.00,0,4000.00,4000.00,0.00,'IDR','lunas','cash',0,NULL),(466,'198',7,'2016-04-11 14:47:01',22000.00,0,22000.00,0.00,22000.00,'IDR','lunas','kredit',1,NULL),(467,'146',7,'2016-04-11 14:50:07',20000.00,0,20000.00,0.00,20000.00,'IDR','lunas','kredit',1,NULL),(468,'112',7,'2016-04-11 14:52:10',20000.00,0,20000.00,0.00,20000.00,'IDR','lunas','kredit',1,NULL),(469,'136',7,'2016-04-11 14:53:08',22000.00,0,22000.00,0.00,22000.00,'IDR','lunas','kredit',1,NULL),(470,'6',7,'2016-04-11 14:53:48',2500.00,0,2500.00,0.00,2500.00,'IDR','lunas','kredit',1,NULL),(471,'151',7,'2016-04-11 14:54:36',2000.00,0,2000.00,0.00,2000.00,'IDR','lunas','kredit',1,NULL),(472,'144',7,'2016-04-11 14:55:27',22000.00,0,22000.00,0.00,22000.00,'IDR','lunas','kredit',1,NULL),(473,'149',7,'2016-04-11 14:59:19',5000.00,0,5000.00,0.00,5000.00,'IDR','lunas','kredit',1,NULL),(474,'25',7,'2016-04-11 15:01:03',6000.00,0,6000.00,6000.00,0.00,'IDR','lunas','cash',0,NULL),(475,'186',7,'2016-04-11 15:01:37',36000.00,0,36000.00,0.00,36000.00,'IDR','lunas','kredit',1,NULL),(476,'183',7,'2016-04-11 15:02:22',20000.00,0,20000.00,0.00,20000.00,'IDR','lunas','kredit',1,NULL),(477,'105',7,'2016-04-11 15:03:53',15000.00,0,15000.00,0.00,15000.00,'IDR','lunas','kredit',1,NULL),(478,'117',7,'2016-04-11 15:04:25',13000.00,0,13000.00,0.00,13000.00,'IDR','lunas','kredit',1,NULL),(479,'155',7,'2016-04-11 15:05:10',20000.00,0,20000.00,0.00,20000.00,'IDR','lunas','kredit',1,NULL),(480,'108',7,'2016-04-11 15:05:43',2000.00,0,2000.00,0.00,2000.00,'IDR','lunas','kredit',1,NULL),(481,'73',7,'2016-04-11 15:06:08',6000.00,0,6000.00,0.00,6000.00,'IDR','lunas','kredit',1,NULL),(482,'221',7,'2016-04-11 15:06:38',17000.00,0,17000.00,0.00,17000.00,'IDR','lunas','kredit',1,NULL),(483,'53',7,'2016-04-11 15:07:16',15000.00,0,15000.00,0.00,15000.00,'IDR','lunas','kredit',1,NULL),(484,'160',7,'2016-04-11 15:07:40',15000.00,0,15000.00,0.00,15000.00,'IDR','lunas','kredit',1,NULL),(485,'91',7,'2016-04-11 15:08:23',5000.00,0,5000.00,5000.00,0.00,'IDR','lunas','cash',0,NULL),(486,'113',7,'2016-04-11 15:09:44',5000.00,0,5000.00,5000.00,0.00,'IDR','lunas','cash',0,NULL),(487,'75',7,'2016-04-11 15:10:29',18000.00,0,18000.00,18000.00,0.00,'IDR','lunas','cash',0,NULL),(488,'55',7,'2016-04-11 15:11:14',20000.00,0,20000.00,20000.00,0.00,'IDR','lunas','cash',0,NULL),(489,'78',7,'2016-04-11 15:11:57',6000.00,0,6000.00,6000.00,0.00,'IDR','lunas','cash',0,NULL),(490,'83',7,'2016-04-11 15:12:42',5000.00,0,5000.00,5000.00,0.00,'IDR','lunas','cash',0,NULL),(491,'17',7,'2016-04-11 15:13:09',30000.00,0,30000.00,0.00,30000.00,'IDR','lunas','kredit',1,NULL),(492,'1',7,'2016-04-11 15:45:03',78000.00,0,78000.00,0.00,78000.00,'IDR','lunas','kredit',1,NULL),(493,'85',7,'2016-04-11 16:13:33',3000.00,0,3000.00,3000.00,0.00,'IDR','lunas','cash',0,NULL),(494,'117',7,'2016-04-11 16:18:48',52000.00,0,52000.00,0.00,52000.00,'IDR','lunas','kredit',1,NULL),(495,'177',7,'2016-04-11 16:19:52',97000.00,0,97000.00,0.00,97000.00,'IDR','lunas','kredit',1,NULL),(496,'146',7,'2016-04-11 17:29:05',2000.00,0,2000.00,2000.00,0.00,'IDR','lunas','cash',0,NULL),(497,'86',7,'2016-04-11 17:29:32',3000.00,0,3000.00,3000.00,0.00,'IDR','lunas','cash',0,NULL),(498,'20',7,'2016-04-11 17:30:07',2000.00,0,2000.00,0.00,2000.00,'IDR','lunas','kredit',1,NULL),(499,'50',7,'2016-04-11 17:30:53',5000.00,0,5000.00,5000.00,0.00,'IDR','lunas','cash',0,NULL),(500,'182',7,'2016-04-11 17:37:35',6000.00,0,6000.00,6000.00,0.00,'IDR','lunas','cash',0,NULL),(501,'138',7,'2016-04-11 17:41:47',7000.00,0,7000.00,7000.00,0.00,'IDR','lunas','cash',0,NULL),(502,'117',7,'2016-04-11 17:43:46',100000.00,0,100000.00,0.00,100000.00,'IDR','lunas','kredit',1,NULL),(503,'221',7,'2016-04-11 17:47:51',5000.00,0,5000.00,5000.00,0.00,'IDR','lunas','cash',0,NULL),(504,'198',7,'2016-04-11 17:48:33',3000.00,0,3000.00,0.00,3000.00,'IDR','lunas','kredit',1,NULL),(505,'15',7,'2016-04-11 17:50:09',18000.00,0,18000.00,0.00,18000.00,'IDR','lunas','kredit',1,NULL),(506,'20',7,'2016-04-11 17:50:40',18000.00,0,18000.00,0.00,18000.00,'IDR','lunas','kredit',1,NULL),(507,'160',7,'2016-04-11 17:54:03',15000.00,0,15000.00,0.00,15000.00,'IDR','lunas','kredit',1,NULL),(508,'222',7,'2016-04-11 17:54:52',25000.00,0,25000.00,0.00,25000.00,'IDR','lunas','kredit',1,NULL),(509,'11',7,'2016-04-11 17:58:27',13000.00,0,13000.00,0.00,13000.00,'IDR','lunas','kredit',1,NULL),(510,'151',7,'2016-04-11 17:59:10',20000.00,0,20000.00,0.00,20000.00,'IDR','lunas','kredit',1,NULL),(511,'163',7,'2016-04-11 17:59:44',26000.00,0,26000.00,0.00,26000.00,'IDR','lunas','kredit',1,NULL),(512,'187',7,'2016-04-11 18:04:05',96000.00,0,96000.00,0.00,96000.00,'IDR','lunas','kredit',1,NULL),(513,'82',7,'2016-04-12 11:11:43',17000.00,0,17000.00,0.00,17000.00,'IDR','lunas','kredit',1,NULL),(514,'75',7,'2016-04-12 11:13:51',9000.00,0,9000.00,9000.00,0.00,'IDR','lunas','cash',0,NULL),(515,'91',7,'2016-04-12 11:14:28',6000.00,0,6000.00,6000.00,0.00,'IDR','lunas','cash',0,NULL),(516,'85',7,'2016-04-12 11:15:33',25000.00,0,25000.00,25000.00,0.00,'IDR','lunas','cash',0,NULL),(517,'109',7,'2016-04-12 11:16:16',15000.00,0,15000.00,0.00,15000.00,'IDR','lunas','kredit',1,NULL),(518,'newCustomer',7,'2016-04-12 11:36:50',243000.00,0,243000.00,243000.00,0.00,'IDR','lunas','cash',0,NULL),(519,'151',7,'2016-04-12 11:43:30',15000.00,0,15000.00,0.00,15000.00,'IDR','lunas','kredit',1,NULL),(520,'128',7,'2016-04-12 11:44:13',2000.00,0,2000.00,0.00,2000.00,'IDR','lunas','kredit',1,NULL),(521,'198',7,'2016-04-12 11:45:42',22000.00,0,22000.00,0.00,22000.00,'IDR','lunas','kredit',1,NULL),(522,'34',7,'2016-04-12 11:46:40',17000.00,0,17000.00,0.00,17000.00,'IDR','lunas','kredit',1,NULL),(523,'134',7,'2016-04-12 11:54:34',20000.00,0,20000.00,20000.00,0.00,'IDR','lunas','cash',0,NULL),(524,'25',7,'2016-04-12 11:55:54',8000.00,0,8000.00,8000.00,0.00,'IDR','lunas','cash',0,NULL),(525,'193',7,'2016-04-12 11:56:34',2000.00,0,2000.00,2000.00,0.00,'IDR','lunas','cash',0,NULL),(526,'170',7,'2016-04-12 14:45:49',15000.00,0,15000.00,0.00,15000.00,'IDR','lunas','kredit',1,NULL),(527,'28',7,'2016-04-12 14:47:21',6000.00,0,6000.00,0.00,6000.00,'IDR','lunas','kredit',1,NULL),(528,'138',7,'2016-04-12 14:47:51',16000.00,0,16000.00,0.00,16000.00,'IDR','lunas','kredit',1,NULL),(529,'158',7,'2016-04-12 14:48:41',20000.00,0,20000.00,0.00,20000.00,'IDR','lunas','kredit',1,NULL),(530,'136',7,'2016-04-12 14:49:50',22000.00,0,22000.00,22000.00,0.00,'IDR','lunas','cash',0,NULL),(531,'210',7,'2016-04-12 14:53:22',58000.00,0,58000.00,0.00,58000.00,'IDR','lunas','kredit',1,NULL),(532,'202',7,'2016-04-12 14:54:35',20000.00,0,20000.00,0.00,20000.00,'IDR','lunas','kredit',1,NULL),(533,'205',7,'2016-04-12 14:58:03',2000.00,0,2000.00,0.00,2000.00,'IDR','lunas','kredit',1,NULL),(534,'70',7,'2016-04-12 14:59:27',20500.00,0,20500.00,0.00,20500.00,'IDR','lunas','kredit',1,NULL),(535,'58',7,'2016-04-12 15:01:29',6000.00,0,6000.00,0.00,6000.00,'IDR','lunas','kredit',1,NULL),(536,'104',7,'2016-04-12 15:02:10',15000.00,0,15000.00,0.00,15000.00,'IDR','lunas','kredit',1,NULL),(537,'139',7,'2016-04-12 15:02:59',2000.00,0,2000.00,0.00,2000.00,'IDR','lunas','kredit',1,NULL),(538,'20',7,'2016-04-12 15:04:04',4000.00,0,4000.00,0.00,4000.00,'IDR','lunas','kredit',1,NULL),(539,'183',7,'2016-04-12 15:06:43',8000.00,0,8000.00,0.00,8000.00,'IDR','lunas','kredit',1,NULL),(540,'202',7,'2016-04-12 15:09:30',8000.00,0,8000.00,0.00,8000.00,'IDR','lunas','kredit',1,NULL),(541,'49',7,'2016-04-12 15:10:00',18500.00,0,18500.00,0.00,18500.00,'IDR','lunas','kredit',1,NULL),(542,'151',7,'2016-04-12 15:10:45',2000.00,0,2000.00,0.00,2000.00,'IDR','lunas','kredit',1,NULL),(543,'193',7,'2016-04-12 15:11:18',2000.00,0,2000.00,0.00,2000.00,'IDR','lunas','kredit',1,NULL),(544,'125',7,'2016-04-12 15:11:47',13000.00,0,13000.00,13000.00,0.00,'IDR','lunas','kredit',0,'{\"cash\":\"0.00\",\"kredit\":\"13000.00\",\"grandtotal\":\"13000.00\"}'),(545,'158',7,'2016-04-12 15:17:57',6000.00,0,6000.00,6000.00,0.00,'IDR','lunas','kredit',0,'{\"cash\":\"0.00\",\"kredit\":\"6000.00\",\"grandtotal\":\"6000.00\"}'),(546,'124',7,'2016-04-12 15:19:03',4000.00,0,4000.00,4000.00,0.00,'IDR','lunas','cash',0,NULL),(547,'3',7,'2016-04-12 15:21:47',6000.00,0,6000.00,6000.00,0.00,'IDR','lunas','cash',0,NULL),(548,'155',7,'2016-04-12 15:23:08',21000.00,0,21000.00,0.00,21000.00,'IDR','lunas','kredit',1,NULL),(549,'162',7,'2016-04-12 15:27:34',2000.00,0,2000.00,2000.00,0.00,'IDR','lunas','cash',0,NULL),(550,'121',7,'2016-04-12 15:28:30',5000.00,0,5000.00,5000.00,0.00,'IDR','lunas','cash',0,NULL),(551,'24',7,'2016-04-12 15:29:50',26000.00,0,26000.00,26000.00,0.00,'IDR','lunas','cash',0,NULL),(552,'103',7,'2016-04-12 15:32:20',5000.00,0,5000.00,5000.00,0.00,'IDR','lunas','cash',0,NULL),(553,'144',7,'2016-04-12 15:33:04',2000.00,0,2000.00,2000.00,0.00,'IDR','lunas','cash',0,NULL),(554,'182',7,'2016-04-12 15:42:04',2000.00,0,2000.00,2000.00,0.00,'IDR','lunas','cash',0,NULL),(555,'160',7,'2016-04-12 15:45:43',60000.00,0,60000.00,0.00,60000.00,'IDR','lunas','kredit',1,NULL),(556,'160',7,'2016-04-12 15:46:15',2000.00,0,2000.00,2000.00,0.00,'IDR','lunas','cash',0,NULL),(557,'31',7,'2016-04-12 15:47:05',37000.00,0,37000.00,0.00,37000.00,'IDR','lunas','kredit',1,NULL),(558,'22',7,'2016-04-12 15:48:05',10000.00,0,10000.00,0.00,10000.00,'IDR','lunas','kredit',1,NULL),(559,'162',7,'2016-04-12 15:49:15',18500.00,0,18500.00,0.00,18500.00,'IDR','lunas','kredit',1,NULL),(560,'162',7,'2016-04-12 15:50:01',2000.00,0,2000.00,2000.00,0.00,'IDR','lunas','cash',0,NULL),(561,'86',7,'2016-04-12 15:54:04',21000.00,0,21000.00,0.00,21000.00,'IDR','lunas','kredit',1,NULL),(562,'151',7,'2016-04-12 15:54:36',18500.00,0,18500.00,0.00,18500.00,'IDR','lunas','kredit',1,NULL),(563,'95',7,'2016-04-12 15:55:23',8000.00,0,8000.00,8000.00,0.00,'IDR','lunas','cash',0,NULL),(564,'77',7,'2016-04-12 15:56:05',2000.00,0,2000.00,2000.00,0.00,'IDR','lunas','cash',0,NULL),(565,'53',7,'2016-04-12 16:47:45',45000.00,0,45000.00,0.00,45000.00,'IDR','lunas','kredit',1,NULL),(566,'53',7,'2016-04-12 17:15:59',2000.00,0,2000.00,0.00,2000.00,'IDR','lunas','kredit',1,NULL),(567,'202',7,'2016-04-12 17:16:42',4000.00,0,4000.00,0.00,4000.00,'IDR','lunas','kredit',1,NULL),(568,'58',7,'2016-04-12 17:32:03',3000.00,0,3000.00,0.00,3000.00,'IDR','lunas','kredit',1,NULL),(569,'77',7,'2016-04-12 17:32:51',40000.00,0,40000.00,40000.00,0.00,'IDR','lunas','cash',0,NULL),(570,'99',7,'2016-04-12 17:33:44',13000.00,0,13000.00,0.00,13000.00,'IDR','lunas','kredit',1,NULL),(571,'128',7,'2016-04-12 17:34:14',26000.00,0,26000.00,0.00,26000.00,'IDR','lunas','kredit',1,NULL),(572,'44',7,'2016-04-12 17:35:09',6000.00,0,6000.00,0.00,6000.00,'IDR','lunas','kredit',1,NULL),(573,'198',7,'2016-04-12 17:36:36',3000.00,0,3000.00,0.00,3000.00,'IDR','lunas','kredit',1,NULL),(574,'149',7,'2016-04-12 17:37:31',13000.00,0,13000.00,0.00,13000.00,'IDR','lunas','kredit',1,NULL),(575,'55',7,'2016-04-12 17:38:15',2000.00,0,2000.00,2000.00,0.00,'IDR','lunas','cash',0,NULL),(576,'13',7,'2016-04-12 17:38:40',3000.00,0,3000.00,3000.00,0.00,'IDR','lunas','cash',0,NULL),(577,'162',7,'2016-04-12 17:39:15',4000.00,0,4000.00,4000.00,0.00,'IDR','lunas','cash',0,NULL),(578,'129',7,'2016-04-12 17:40:18',20000.00,0,20000.00,20000.00,0.00,'IDR','lunas','cash',0,NULL),(579,'86',7,'2016-04-12 17:41:07',2000.00,0,2000.00,2000.00,0.00,'IDR','lunas','cash',0,NULL),(580,'202',7,'2016-04-12 17:41:59',8000.00,0,8000.00,0.00,8000.00,'IDR','lunas','kredit',1,NULL),(581,'13',7,'2016-04-12 17:46:27',28000.00,0,28000.00,28000.00,0.00,'IDR','lunas','cash',0,NULL),(582,'210',7,'2016-04-12 17:56:21',78000.00,0,78000.00,0.00,78000.00,'IDR','lunas','kredit',1,NULL),(583,'146',7,'2016-04-12 17:57:06',2000.00,0,2000.00,2000.00,0.00,'IDR','lunas','cash',0,NULL),(584,'82',7,'2016-04-12 17:57:42',2000.00,0,2000.00,2000.00,0.00,'IDR','lunas','cash',0,NULL),(585,'82',7,'2016-04-12 17:58:37',39000.00,0,39000.00,0.00,39000.00,'IDR','lunas','kredit',1,NULL),(586,'55',7,'2016-04-12 17:59:00',15000.00,0,15000.00,15000.00,0.00,'IDR','lunas','cash',0,NULL),(587,'75',7,'2016-04-12 17:59:43',9000.00,0,9000.00,9000.00,0.00,'IDR','lunas','cash',0,NULL),(588,'155',7,'2016-04-12 18:05:36',80000.00,0,80000.00,0.00,80000.00,'IDR','lunas','kredit',1,NULL),(589,'135',7,'2016-04-12 18:08:20',6000.00,0,6000.00,6000.00,0.00,'IDR','lunas','cash',0,NULL),(590,'newCustomer',7,'2016-04-13 11:39:43',279000.00,0,279000.00,279000.00,0.00,'IDR','lunas','cash',0,NULL),(591,'91',7,'2016-04-13 11:40:32',6000.00,0,6000.00,6000.00,0.00,'IDR','lunas','cash',0,NULL),(592,'30',7,'2016-04-13 11:41:01',4000.00,0,4000.00,4000.00,0.00,'IDR','lunas','cash',0,NULL),(593,'202',7,'2016-04-13 11:43:46',3000.00,0,3000.00,0.00,3000.00,'IDR','cicilan','kredit',1,NULL),(594,'198',7,'2016-04-13 11:44:53',20000.00,0,20000.00,0.00,20000.00,'IDR','cicilan','kredit',1,NULL),(595,'73',7,'2016-04-13 11:49:43',43500.00,0,43500.00,0.00,43500.00,'IDR','cicilan','kredit',1,NULL),(596,'202',7,'2016-04-13 12:06:50',22000.00,0,22000.00,0.00,22000.00,'IDR','cicilan','kredit',1,NULL),(597,'85',7,'2016-04-13 12:08:43',3000.00,0,3000.00,3000.00,0.00,'IDR','lunas','cash',0,NULL),(598,'193',7,'2016-04-13 12:09:34',29000.00,0,29000.00,0.00,29000.00,'IDR','cicilan','kredit',1,NULL),(599,'162',7,'2016-04-13 12:29:20',18500.00,0,18500.00,0.00,18500.00,'IDR','cicilan','kredit',1,NULL),(600,'222',7,'2016-04-13 13:09:43',2000.00,0,2000.00,0.00,2000.00,'IDR','cicilan','kredit',1,NULL),(601,'128',7,'2016-04-13 13:15:47',2000.00,0,2000.00,0.00,2000.00,'IDR','cicilan','kredit',1,NULL),(602,'70',7,'2016-04-13 13:17:47',2000.00,0,2000.00,0.00,2000.00,'IDR','cicilan','kredit',1,NULL),(603,'170',7,'2016-04-13 13:18:36',2000.00,0,2000.00,0.00,2000.00,'IDR','cicilan','kredit',1,NULL),(604,'135',7,'2016-04-13 13:20:45',14000.00,0,14000.00,0.00,14000.00,'IDR','cicilan','kredit',1,NULL),(605,'141',7,'2016-04-13 13:21:55',13000.00,0,13000.00,0.00,13000.00,'IDR','cicilan','kredit',1,NULL),(606,'22',7,'2016-04-13 13:22:21',4000.00,0,4000.00,0.00,4000.00,'IDR','cicilan','kredit',1,NULL),(607,'23',7,'2016-04-13 13:23:26',27500.00,0,27500.00,0.00,27500.00,'IDR','cicilan','kredit',1,NULL),(608,'136',7,'2016-04-13 13:32:24',22000.00,0,22000.00,0.00,22000.00,'IDR','cicilan','kredit',1,NULL),(609,'51',7,'2016-04-13 13:33:30',3000.00,0,3000.00,0.00,3000.00,'IDR','cicilan','kredit',1,NULL),(610,'58',7,'2016-04-13 13:34:06',3000.00,0,3000.00,0.00,3000.00,'IDR','cicilan','kredit',1,NULL),(611,'105',7,'2016-04-13 13:34:39',15000.00,0,15000.00,0.00,15000.00,'IDR','cicilan','kredit',1,NULL),(612,'186',7,'2016-04-13 13:35:58',19000.00,0,19000.00,0.00,19000.00,'IDR','cicilan','kredit',1,NULL),(613,'158',7,'2016-04-13 13:36:39',20000.00,0,20000.00,0.00,20000.00,'IDR','cicilan','kredit',1,NULL),(614,'112',7,'2016-04-13 13:39:13',26000.00,0,26000.00,0.00,26000.00,'IDR','cicilan','kredit',1,NULL),(615,'94',7,'2016-04-13 13:40:03',13000.00,0,13000.00,0.00,13000.00,'IDR','cicilan','kredit',1,NULL),(616,'157',7,'2016-04-13 13:41:43',3000.00,0,3000.00,0.00,3000.00,'IDR','cicilan','kredit',1,NULL),(617,'139',7,'2016-04-13 13:42:44',2000.00,0,2000.00,0.00,2000.00,'IDR','cicilan','kredit',1,NULL),(618,'210',7,'2016-04-13 13:54:13',59000.00,0,59000.00,0.00,59000.00,'IDR','cicilan','kredit',1,NULL),(619,'65',7,'2016-04-13 13:59:07',3500.00,0,3500.00,0.00,3500.00,'IDR','cicilan','kredit',1,NULL),(620,'222',7,'2016-04-13 14:00:41',21000.00,0,21000.00,0.00,21000.00,'IDR','cicilan','kredit',1,NULL),(621,'198',7,'2016-04-13 14:01:15',3000.00,0,3000.00,0.00,3000.00,'IDR','cicilan','kredit',1,NULL),(622,'182',7,'2016-04-13 14:08:45',19000.00,0,19000.00,0.00,19000.00,'IDR','cicilan','kredit',1,NULL),(623,'138',7,'2016-04-13 14:14:28',18000.00,0,18000.00,0.00,18000.00,'IDR','cicilan','kredit',1,NULL),(624,'186',7,'2016-04-13 14:15:37',4000.00,0,4000.00,4000.00,0.00,'IDR','lunas','cash',0,NULL),(625,'121',7,'2016-04-13 14:16:26',2000.00,0,2000.00,2000.00,0.00,'IDR','lunas','cash',0,NULL),(626,'31',7,'2016-04-13 14:20:08',38500.00,0,38500.00,0.00,38500.00,'IDR','cicilan','kredit',1,NULL),(627,'202',7,'2016-04-13 15:07:43',8000.00,0,8000.00,0.00,8000.00,'IDR','cicilan','kredit',1,NULL),(628,'98',7,'2016-04-13 15:08:33',19000.00,0,19000.00,19000.00,0.00,'IDR','lunas','cash',0,NULL),(629,'220',7,'2016-04-13 15:25:34',49000.00,0,49000.00,0.00,49000.00,'IDR','cicilan','kredit',1,NULL),(630,'141',7,'2016-04-13 16:11:47',68500.00,0,68500.00,0.00,68500.00,'IDR','cicilan','kredit',1,NULL),(631,'23',7,'2016-04-13 16:12:32',16000.00,0,16000.00,0.00,16000.00,'IDR','cicilan','kredit',1,NULL),(632,'204',7,'2016-04-13 16:15:02',95000.00,0,95000.00,0.00,95000.00,'IDR','cicilan','kredit',1,NULL),(633,'220',7,'2016-04-13 16:16:41',270000.00,0,270000.00,0.00,270000.00,'IDR','cicilan','kredit',1,NULL),(634,'157',7,'2016-04-13 17:18:32',288500.00,0,288500.00,0.00,288500.00,'IDR','cicilan','kredit',1,NULL),(635,'57',7,'2016-04-13 17:20:54',26000.00,0,26000.00,0.00,26000.00,'IDR','cicilan','kredit',1,NULL),(636,'31',7,'2016-04-13 17:25:47',540000.00,0,540000.00,0.00,540000.00,'IDR','cicilan','kredit',1,NULL),(637,'141',7,'2016-04-13 17:26:32',18000.00,0,18000.00,0.00,18000.00,'IDR','cicilan','kredit',1,NULL),(638,'1',7,'2016-04-13 17:29:55',270000.00,0,270000.00,0.00,270000.00,'IDR','cicilan','kredit',1,NULL),(639,'82',7,'2016-04-13 17:40:23',31500.00,0,31500.00,0.00,31500.00,'IDR','cicilan','kredit',1,NULL),(640,'34',7,'2016-04-13 17:41:36',16000.00,0,16000.00,0.00,16000.00,'IDR','cicilan','kredit',1,NULL),(641,'78',7,'2016-04-13 17:47:51',371000.00,0,371000.00,0.00,371000.00,'IDR','cicilan','kredit',1,NULL),(642,'222',7,'2016-04-13 18:05:32',124000.00,0,124000.00,0.00,124000.00,'IDR','cicilan','kredit',1,NULL),(643,'207',7,'2016-04-14 10:59:35',31500.00,0,31500.00,0.00,31500.00,'IDR','cicilan','kredit',1,NULL),(644,'156',7,'2016-04-14 11:07:21',4000.00,0,4000.00,4000.00,0.00,'IDR','lunas','cash',0,NULL),(645,'132',7,'2016-04-14 11:08:35',13500.00,0,13500.00,0.00,13500.00,'IDR','cicilan','kredit',1,NULL),(646,'96',7,'2016-04-14 12:18:58',111000.00,0,111000.00,0.00,111000.00,'IDR','cicilan','kredit',1,NULL),(647,'109',7,'2016-04-14 12:21:52',2000.00,0,2000.00,0.00,2000.00,'IDR','cicilan','kredit',1,NULL),(648,'183',7,'2016-04-14 12:23:18',41500.00,0,41500.00,0.00,41500.00,'IDR','cicilan','kredit',1,NULL),(649,'129',7,'2016-04-14 12:24:44',20000.00,0,20000.00,20000.00,0.00,'IDR','lunas','cash',0,NULL),(650,'139',7,'2016-04-14 12:26:26',15000.00,0,15000.00,0.00,15000.00,'IDR','cicilan','kredit',1,NULL),(651,'37',7,'2016-04-14 14:25:12',120000.00,0,120000.00,0.00,120000.00,'IDR','cicilan','kredit',1,NULL),(652,'128',7,'2016-04-14 14:29:19',2000.00,0,2000.00,0.00,2000.00,'IDR','cicilan','kredit',1,NULL),(653,'204',7,'2016-04-14 14:30:32',14000.00,0,14000.00,0.00,14000.00,'IDR','cicilan','kredit',1,NULL),(654,'73',7,'2016-04-14 14:32:19',24000.00,0,24000.00,0.00,24000.00,'IDR','cicilan','kredit',1,NULL),(655,'198',7,'2016-04-14 14:33:38',2000.00,0,2000.00,0.00,2000.00,'IDR','cicilan','kredit',1,NULL),(656,'159',7,'2016-04-14 14:34:39',22000.00,0,22000.00,0.00,22000.00,'IDR','cicilan','kredit',1,NULL),(657,'221',7,'2016-04-14 14:35:15',17000.00,0,17000.00,0.00,17000.00,'IDR','cicilan','kredit',1,NULL),(658,'175',7,'2016-04-14 14:35:44',15000.00,0,15000.00,0.00,15000.00,'IDR','cicilan','kredit',1,NULL),(659,'103',7,'2016-04-14 14:36:46',7000.00,0,7000.00,7000.00,0.00,'IDR','lunas','cash',0,NULL),(660,'77',7,'2016-04-14 14:37:26',2000.00,0,2000.00,2000.00,0.00,'IDR','lunas','cash',0,NULL),(661,'75',7,'2016-04-14 14:38:12',4000.00,0,4000.00,0.00,4000.00,'IDR','cicilan','kredit',1,NULL),(662,'16',7,'2016-04-14 14:41:47',49000.00,0,49000.00,0.00,49000.00,'IDR','cicilan','kredit',1,NULL),(663,'156',7,'2016-04-14 14:42:42',15000.00,0,15000.00,15000.00,0.00,'IDR','lunas','cash',0,NULL),(664,'164',7,'2016-04-14 14:43:36',17000.00,0,17000.00,17000.00,0.00,'IDR','lunas','cash',0,NULL),(665,'41',7,'2016-04-14 14:44:07',8000.00,0,8000.00,8000.00,0.00,'IDR','lunas','cash',0,NULL),(666,'148',7,'2016-04-14 14:44:38',2000.00,0,2000.00,2000.00,0.00,'IDR','lunas','cash',0,NULL),(667,'85',7,'2016-04-14 14:46:12',7000.00,0,7000.00,7000.00,0.00,'IDR','lunas','cash',0,NULL),(668,'158',7,'2016-04-14 14:47:47',10000.00,0,10000.00,10000.00,0.00,'IDR','lunas','cash',0,NULL),(669,'30',7,'2016-04-14 14:48:17',5000.00,0,5000.00,5000.00,0.00,'IDR','lunas','cash',0,NULL),(670,'86',7,'2016-04-14 14:48:53',2000.00,0,2000.00,2000.00,0.00,'IDR','lunas','cash',0,NULL),(671,'82',7,'2016-04-14 14:49:45',2000.00,0,2000.00,2000.00,0.00,'IDR','lunas','cash',0,NULL),(672,'83',7,'2016-04-14 14:50:12',3000.00,0,3000.00,3000.00,0.00,'IDR','lunas','cash',0,NULL),(673,'newCustomer',7,'2016-04-14 15:08:05',209000.00,0,209000.00,209000.00,0.00,'IDR','lunas','cash',0,NULL),(674,'86',7,'2016-04-14 15:09:41',21000.00,0,21000.00,0.00,21000.00,'IDR','cicilan','kredit',1,NULL),(675,'82',7,'2016-04-14 15:10:55',18000.00,0,18000.00,0.00,18000.00,'IDR','cicilan','kredit',1,NULL),(676,'175',7,'2016-04-14 15:11:51',30000.00,0,30000.00,0.00,30000.00,'IDR','cicilan','kredit',1,NULL),(677,'31',7,'2016-04-14 15:18:44',94000.00,0,94000.00,0.00,94000.00,'IDR','cicilan','kredit',1,NULL),(678,'27',7,'2016-04-14 15:48:27',19000.00,0,19000.00,0.00,19000.00,'IDR','cicilan','kredit',1,NULL),(679,'198',7,'2016-04-14 15:53:15',23000.00,0,23000.00,0.00,23000.00,'IDR','cicilan','kredit',1,NULL),(680,'53',7,'2016-04-14 15:57:58',25000.00,0,25000.00,0.00,25000.00,'IDR','cicilan','kredit',1,NULL),(681,'109',7,'2016-04-14 16:03:32',17000.00,0,17000.00,0.00,17000.00,'IDR','cicilan','kredit',1,NULL),(682,'17',7,'2016-04-14 16:04:39',15000.00,0,15000.00,0.00,15000.00,'IDR','cicilan','kredit',1,NULL),(683,'128',7,'2016-04-14 16:06:53',30000.00,0,30000.00,0.00,30000.00,'IDR','cicilan','kredit',1,NULL),(684,'141',7,'2016-04-14 16:10:16',15000.00,0,15000.00,0.00,15000.00,'IDR','cicilan','kredit',1,NULL),(685,'162',7,'2016-04-14 16:12:02',21500.00,0,21500.00,0.00,21500.00,'IDR','cicilan','kredit',1,NULL),(686,'51',7,'2016-04-14 16:13:00',3000.00,0,3000.00,0.00,3000.00,'IDR','cicilan','kredit',1,NULL),(687,'176',7,'2016-04-14 16:21:27',250000.00,0,250000.00,0.00,250000.00,'IDR','cicilan','kredit',1,NULL),(688,'188',7,'2016-04-14 16:30:25',83000.00,0,83000.00,0.00,83000.00,'IDR','cicilan','kredit',1,NULL),(689,'174',7,'2016-04-15 11:09:50',185000.00,0,185000.00,0.00,185000.00,'IDR','cicilan','kredit',1,NULL),(690,'172',7,'2016-04-15 11:11:23',185000.00,0,185000.00,0.00,185000.00,'IDR','cicilan','kredit',1,NULL),(691,'58',7,'2016-04-15 11:41:24',7000.00,0,7000.00,0.00,7000.00,'IDR','cicilan','kredit',1,NULL),(692,'30',7,'2016-04-15 11:42:24',14000.00,0,14000.00,14000.00,0.00,'IDR','lunas','cash',0,NULL),(693,'139',7,'2016-04-15 11:42:55',15000.00,0,15000.00,0.00,15000.00,'IDR','cicilan','kredit',1,NULL),(694,'189',7,'2016-04-15 11:43:27',2000.00,0,2000.00,0.00,2000.00,'IDR','cicilan','kredit',1,NULL),(695,'158',7,'2016-04-15 11:44:18',20000.00,0,20000.00,0.00,20000.00,'IDR','cicilan','kredit',1,NULL),(696,'6',7,'2016-04-15 11:45:04',14500.00,0,14500.00,0.00,14500.00,'IDR','cicilan','kredit',1,NULL),(697,'112',7,'2016-04-15 11:46:01',20000.00,0,20000.00,0.00,20000.00,'IDR','cicilan','kredit',1,NULL),(698,'110',7,'2016-04-15 11:46:30',18500.00,0,18500.00,0.00,18500.00,'IDR','cicilan','kredit',1,NULL),(699,'221',7,'2016-04-15 12:08:46',22000.00,0,22000.00,0.00,22000.00,'IDR','cicilan','kredit',1,NULL),(700,'73',7,'2016-04-15 12:19:16',49000.00,0,49000.00,0.00,49000.00,'IDR','cicilan','kredit',1,NULL),(701,'181',7,'2016-04-15 12:25:55',18000.00,0,18000.00,0.00,18000.00,'IDR','cicilan','kredit',1,NULL),(702,'170',7,'2016-04-15 12:27:29',15000.00,0,15000.00,0.00,15000.00,'IDR','cicilan','kredit',1,NULL),(703,'138',7,'2016-04-15 12:28:30',18000.00,0,18000.00,0.00,18000.00,'IDR','cicilan','kredit',1,NULL),(704,'121',7,'2016-04-15 12:29:28',2000.00,0,2000.00,0.00,2000.00,'IDR','cicilan','kredit',1,NULL),(705,'136',7,'2016-04-15 12:30:16',2000.00,0,2000.00,0.00,2000.00,'IDR','cicilan','kredit',1,NULL),(706,'98',7,'2016-04-15 12:30:45',3000.00,0,3000.00,0.00,3000.00,'IDR','cicilan','kredit',1,NULL),(707,'156',7,'2016-04-15 12:31:10',3000.00,0,3000.00,3000.00,0.00,'IDR','lunas','cash',0,NULL),(708,'76',7,'2016-04-15 12:31:58',30000.00,0,30000.00,0.00,30000.00,'IDR','cicilan','kredit',1,NULL),(709,'149',7,'2016-04-15 12:32:23',4000.00,0,4000.00,0.00,4000.00,'IDR','cicilan','kredit',1,NULL),(710,'157',7,'2016-04-15 12:33:41',39500.00,0,39500.00,0.00,39500.00,'IDR','cicilan','kredit',1,NULL),(711,'82',7,'2016-04-15 12:35:24',38000.00,0,38000.00,0.00,38000.00,'IDR','cicilan','kredit',1,NULL);

/*Table structure for table `transaksi_detail` */

DROP TABLE IF EXISTS `transaksi_detail`;

CREATE TABLE `transaksi_detail` (
  `order_id` int(11) NOT NULL,
  `order_detail_id` bigint(20) NOT NULL AUTO_INCREMENT,
  `order_master_id` varchar(255) NOT NULL COMMENT 'kode barang,0 = >pph',
  `qty` int(11) DEFAULT NULL,
  `buying_price` decimal(20,2) DEFAULT NULL,
  `selling_price` decimal(20,2) DEFAULT NULL COMMENT 'harga satuan,bila order_master_id 0 .selling_price berarti %',
  `sub_total` decimal(20,2) DEFAULT NULL COMMENT '@ x Qty',
  `order_detail_status` enum('active','delete') DEFAULT 'active',
  `created_timestamp` timestamp NOT NULL DEFAULT CURRENT_TIMESTAMP,
  PRIMARY KEY (`order_id`,`order_detail_id`,`order_master_id`),
  KEY `order_detail_id` (`order_detail_id`),
  KEY `order_master_id` (`order_master_id`),
  CONSTRAINT `transaksi_detail_ibfk_1` FOREIGN KEY (`order_id`) REFERENCES `transaksi` (`order_id`) ON DELETE CASCADE ON UPDATE CASCADE
) ENGINE=InnoDB AUTO_INCREMENT=1574 DEFAULT CHARSET=latin1;

/*Data for the table `transaksi_detail` */

insert  into `transaksi_detail`(`order_id`,`order_detail_id`,`order_master_id`,`qty`,`buying_price`,`selling_price`,`sub_total`,`order_detail_status`,`created_timestamp`) values (2,7,'8992696420472',3,78000.00,83000.00,249000.00,'active','2016-04-02 18:03:53'),(3,8,'8999999029579',1,19500.00,22000.00,22000.00,'active','2016-04-04 13:04:43'),(3,9,'8999999403188',1,11500.00,14000.00,14000.00,'active','2016-04-04 13:04:43'),(3,10,'8999999710866',1,14000.00,15000.00,15000.00,'active','2016-04-04 13:04:43'),(3,11,'8992696404441',1,7000.00,8000.00,8000.00,'active','2016-04-04 13:04:43'),(3,12,'8992761166038',1,4790.00,6000.00,6000.00,'active','2016-04-04 13:04:43'),(4,13,'8998989300391',2,10200.00,13000.00,26000.00,'active','2016-04-04 13:48:18'),(5,14,'8999999407919',1,11500.00,12500.00,12500.00,'active','2016-04-04 14:20:52'),(5,15,'8992628020152',1,22000.00,23000.00,23000.00,'active','2016-04-04 14:20:52'),(5,16,'8999999390198',1,11500.00,13000.00,13000.00,'active','2016-04-04 14:20:52'),(5,17,'8999999401238',1,14500.00,17000.00,17000.00,'active','2016-04-04 14:20:52'),(5,18,'8999999710866',1,14000.00,15000.00,15000.00,'active','2016-04-04 14:20:52'),(6,19,'8998127514123',1,15750.00,18000.00,18000.00,'active','2016-04-04 14:23:05'),(7,20,'76239878',1,17500.00,20000.00,20000.00,'active','2016-04-04 14:37:33'),(8,21,'8992753102204',2,8500.00,9000.00,18000.00,'active','2016-04-04 16:20:44'),(8,22,'8999909076006',2,15450.00,18000.00,36000.00,'active','2016-04-04 16:20:44'),(9,23,'8999909028234',1,12975.00,15000.00,15000.00,'active','2016-04-04 16:22:57'),(10,24,'8991002105485',1,833.00,1250.00,1250.00,'active','2016-04-04 17:26:48'),(10,25,'Pelayanan750',1,750.00,750.00,750.00,'active','2016-04-04 17:26:48'),(11,26,'8991002105485',1,833.00,1250.00,1250.00,'active','2016-04-04 17:28:37'),(12,27,'8995078803078',1,11400.00,13000.00,13000.00,'active','2016-04-04 17:57:30'),(12,28,'yalkul001',2,1500.00,2000.00,4000.00,'active','2016-04-04 17:57:30'),(12,29,'8998989100120',2,12300.00,15000.00,30000.00,'active','2016-04-04 17:57:30'),(12,30,'8991002105485',17,833.00,1250.00,21250.00,'active','2016-04-04 17:57:30'),(12,31,'Pelayanan750',17,750.00,750.00,12750.00,'active','2016-04-04 17:57:30'),(12,32,'8999909000162',1,11950.00,14000.00,14000.00,'active','2016-04-04 17:57:30'),(12,33,'8999909096004',1,16500.00,18000.00,18000.00,'active','2016-04-04 17:57:30'),(12,34,'8994171101289',1,900.00,1500.00,1500.00,'active','2016-04-04 17:57:30'),(12,35,'Pelayanan1500',4,1500.00,1500.00,6000.00,'active','2016-04-04 17:57:30'),(12,36,'8996006855145',1,4500.00,6000.00,6000.00,'active','2016-04-04 17:57:30'),(12,37,'9311931024036',4,1000.00,1500.00,6000.00,'active','2016-04-04 17:57:30'),(12,38,'8996001600146',2,2083.00,4000.00,8000.00,'active','2016-04-04 17:57:30'),(12,39,'8998898101409',1,1958.00,3000.00,3000.00,'active','2016-04-04 17:57:30'),(12,40,'8998127514123',1,15750.00,18000.00,18000.00,'active','2016-04-04 17:57:30'),(12,41,'8997009510017',1,4333.00,6000.00,6000.00,'active','2016-04-04 17:57:30'),(12,42,'8998009010248',1,3500.00,5000.00,5000.00,'active','2016-04-04 17:57:30'),(12,43,'8992761147037',1,3750.00,5000.00,5000.00,'active','2016-04-04 17:57:30'),(12,44,'8992858527308',1,4000.00,5000.00,5000.00,'active','2016-04-04 17:57:30'),(12,45,'8886001038011',3,1300.00,2000.00,6000.00,'active','2016-04-04 17:57:30'),(12,46,'Permen002',8,200.00,250.00,2000.00,'active','2016-04-04 17:57:30'),(12,47,'permen0001',4,200.00,250.00,1000.00,'active','2016-04-04 17:57:30'),(12,48,'8991002101630',1,900.00,1500.00,1500.00,'active','2016-04-04 17:57:30'),(13,49,'8999909028234',1,12975.00,15000.00,15000.00,'active','2016-04-04 18:10:15'),(14,50,'8991906101101',1,14000.00,17000.00,17000.00,'active','2016-04-05 11:06:05'),(15,51,'76164217',1,17500.00,20000.00,20000.00,'active','2016-04-05 12:38:01'),(15,52,'8991002105485',1,833.00,1250.00,1250.00,'active','2016-04-05 12:38:01'),(15,53,'Pelayanan750',1,750.00,750.00,750.00,'active','2016-04-05 12:38:01'),(16,54,'8991002121010',1,4500.00,6000.00,6000.00,'active','2016-04-05 13:02:38'),(16,55,'0089686010015',2,1850.00,2300.00,4600.00,'active','2016-04-05 13:02:38'),(17,56,'8991002105485',1,833.00,1250.00,1250.00,'active','2016-04-05 13:07:48'),(17,57,'Pelayanan750',1,750.00,750.00,750.00,'active','2016-04-05 13:07:48'),(18,58,'8991906105758',1,13700.00,15000.00,15000.00,'active','2016-04-05 13:36:12'),(18,59,'8991002105485',8,833.00,1250.00,10000.00,'active','2016-04-05 13:36:12'),(18,60,'Pelayanan750',8,750.00,750.00,6000.00,'active','2016-04-05 13:36:12'),(18,61,'9311931201208',1,1350.00,1500.00,1500.00,'active','2016-04-05 13:36:12'),(18,62,'Pelayanan1500',1,1500.00,1500.00,1500.00,'active','2016-04-05 13:36:12'),(19,63,'8996006855145',1,4500.00,6000.00,6000.00,'active','2016-04-05 13:37:33'),(20,64,'8994171101289',1,900.00,1500.00,1500.00,'active','2016-04-05 13:39:49'),(21,65,'Pelayanan1500',1,1500.00,1500.00,1500.00,'active','2016-04-05 13:41:06'),(22,66,'Pelayanan1500',1,1500.00,1500.00,1500.00,'active','2016-04-05 13:41:10'),(23,67,'Pelayanan1500',1,1500.00,1500.00,1500.00,'active','2016-04-05 13:41:15'),(24,68,'8999909096004',1,16500.00,18000.00,18000.00,'active','2016-04-05 13:49:57'),(24,69,'9311931024036',1,1000.00,1500.00,1500.00,'active','2016-04-05 13:49:57'),(24,70,'Pelayanan1500',1,1500.00,1500.00,1500.00,'active','2016-04-05 13:49:57'),(25,71,'8999909028234',1,12975.00,15000.00,15000.00,'active','2016-04-05 13:58:19'),(25,72,'8991002105485',2,833.00,1250.00,2500.00,'active','2016-04-05 13:58:19'),(25,73,'Pelayanan750',2,750.00,750.00,1500.00,'active','2016-04-05 13:58:19'),(26,74,'8991002105485',1,833.00,1250.00,1250.00,'active','2016-04-05 13:59:14'),(26,75,'Pelayanan750',1,750.00,750.00,750.00,'active','2016-04-05 13:59:14'),(27,76,'9311931024036',1,1000.00,1500.00,1500.00,'active','2016-04-05 14:01:38'),(27,77,'Pelayanan1500',1,1500.00,1500.00,1500.00,'active','2016-04-05 14:01:38'),(27,78,'8992858527308',1,4000.00,5000.00,5000.00,'active','2016-04-05 14:01:38'),(28,79,'8991002121010',1,4500.00,6000.00,6000.00,'active','2016-04-05 14:06:58'),(28,80,'8999909028234',1,12975.00,15000.00,15000.00,'active','2016-04-05 14:06:58'),(29,81,'76164217',2,17500.00,20000.00,40000.00,'active','2016-04-05 14:09:02'),(29,82,'8886008101053',1,1700.00,3000.00,3000.00,'active','2016-04-05 14:09:02'),(30,83,'8992696420472',1,78000.00,83000.00,83000.00,'active','2016-04-05 14:11:00'),(30,84,'8996001302026',2,4500.00,6000.00,12000.00,'active','2016-04-05 14:11:00'),(30,85,'8994171101289',6,900.00,1500.00,9000.00,'active','2016-04-05 14:11:00'),(30,86,'8997021870014',1,9583.00,13000.00,13000.00,'active','2016-04-05 14:11:00'),(31,87,'76164217',1,17500.00,20000.00,20000.00,'active','2016-04-05 14:15:30'),(31,88,'8991002105485',1,833.00,1250.00,1250.00,'active','2016-04-05 14:15:30'),(32,89,'8998989100120',1,12300.00,15000.00,15000.00,'active','2016-04-05 14:23:51'),(32,90,'8991002105485',1,833.00,1250.00,1250.00,'active','2016-04-05 14:23:51'),(32,91,'Pelayanan750',1,750.00,750.00,750.00,'active','2016-04-05 14:23:51'),(33,92,'8991002105485',1,833.00,1250.00,1250.00,'active','2016-04-05 14:25:00'),(33,93,'Pelayanan750',1,750.00,750.00,750.00,'active','2016-04-05 14:25:00'),(34,94,'8999909028234',1,12975.00,15000.00,15000.00,'active','2016-04-05 14:32:53'),(35,95,'8998989100120',5,12300.00,15000.00,75000.00,'active','2016-04-05 14:34:35'),(36,96,'8998989100120',1,12300.00,15000.00,15000.00,'active','2016-04-05 14:37:25'),(36,97,'8991002105485',1,833.00,1250.00,1250.00,'active','2016-04-05 14:37:25'),(36,98,'Pelayanan750',1,750.00,750.00,750.00,'active','2016-04-05 14:37:25'),(37,99,'8998989300391',1,10200.00,13000.00,13000.00,'active','2016-04-05 14:45:41'),(37,100,'9311931024036',1,1000.00,1500.00,1500.00,'active','2016-04-05 14:45:41'),(37,101,'Pelayanan1500',1,1500.00,1500.00,1500.00,'active','2016-04-05 14:45:41'),(38,102,'8999909028234',1,12975.00,15000.00,15000.00,'active','2016-04-05 14:47:13'),(38,103,'8991002105485',1,833.00,1250.00,1250.00,'active','2016-04-05 14:47:13'),(38,104,'Pelayanan750',1,750.00,750.00,750.00,'active','2016-04-05 14:47:13'),(39,105,'8999909096004',1,16500.00,18000.00,18000.00,'active','2016-04-05 14:48:52'),(39,106,'8991002105485',1,833.00,1250.00,1250.00,'active','2016-04-05 14:48:52'),(39,107,'Pelayanan750',1,750.00,750.00,750.00,'active','2016-04-05 14:48:52'),(40,108,'8999909010567',1,15850.00,17000.00,17000.00,'active','2016-04-05 14:51:52'),(40,109,'8991002105485',1,833.00,1250.00,1250.00,'active','2016-04-05 14:51:52'),(40,110,'Pelayanan750',1,750.00,750.00,750.00,'active','2016-04-05 14:51:52'),(41,111,'8998989110167',1,15950.00,19000.00,19000.00,'active','2016-04-05 14:53:17'),(41,112,'8991002105485',1,833.00,1250.00,1250.00,'active','2016-04-05 14:53:17'),(41,113,'Pelayanan750',1,750.00,750.00,750.00,'active','2016-04-05 14:53:17'),(42,114,'8995078803078',1,11400.00,13000.00,13000.00,'active','2016-04-05 14:54:12'),(43,115,'8999909096004',1,16500.00,18000.00,18000.00,'active','2016-04-05 14:54:54'),(44,116,'76164217',1,17500.00,20000.00,20000.00,'active','2016-04-05 14:55:41'),(45,117,'8999909028234',1,12975.00,15000.00,15000.00,'active','2016-04-05 14:56:28'),(46,118,'8996006855145',1,4500.00,6000.00,6000.00,'active','2016-04-05 15:04:26'),(46,119,'8991002105485',1,833.00,1250.00,1250.00,'active','2016-04-05 15:04:26'),(46,120,'Pelayanan750',1,750.00,750.00,750.00,'active','2016-04-05 15:04:26'),(47,121,'8996001414002',2,2500.00,3000.00,6000.00,'active','2016-04-05 15:06:40'),(48,122,'8992696420472',1,78000.00,83000.00,83000.00,'active','2016-04-05 15:17:05'),(48,123,'8996001600146',1,2083.00,4000.00,4000.00,'active','2016-04-05 15:17:05'),(48,124,'8996001600221',1,5000.00,6000.00,6000.00,'active','2016-04-05 15:17:05'),(49,125,'8991002105485',2,833.00,1250.00,2500.00,'active','2016-04-05 15:19:15'),(49,126,'Pelayanan750',2,750.00,750.00,1500.00,'active','2016-04-05 15:19:15'),(50,127,'8888166607132',1,14000.00,15500.00,15500.00,'active','2016-04-05 16:37:11'),(50,128,'8997035563414',2,5600.00,7000.00,14000.00,'active','2016-04-05 16:37:11'),(50,129,'8886008101053',1,1700.00,3000.00,3000.00,'active','2016-04-05 16:37:11'),(51,130,'8995078803078',1,11400.00,13000.00,13000.00,'active','2016-04-05 17:27:07'),(52,131,'8996001600146',1,2083.00,4000.00,4000.00,'active','2016-04-05 17:31:11'),(52,132,'8886001038011',1,1300.00,2000.00,2000.00,'active','2016-04-05 17:31:11'),(53,133,'8991002105485',2,833.00,1250.00,2500.00,'active','2016-04-05 17:32:15'),(53,134,'Pelayanan750',2,750.00,750.00,1500.00,'active','2016-04-05 17:32:15'),(54,135,'8992858527308',1,4000.00,5000.00,5000.00,'active','2016-04-05 17:33:10'),(55,136,'8998127514123',1,15750.00,18000.00,18000.00,'active','2016-04-05 17:34:23'),(56,137,'8991002105485',3,833.00,1250.00,3750.00,'active','2016-04-05 17:35:17'),(56,138,'Pelayanan750',3,750.00,750.00,2250.00,'active','2016-04-05 17:35:17'),(57,139,'8992933453119',1,800.00,1500.00,1500.00,'active','2016-04-05 17:36:09'),(57,140,'Pelayanan1500',1,1500.00,1500.00,1500.00,'active','2016-04-05 17:36:09'),(58,141,'8992858527308',1,4000.00,5000.00,5000.00,'active','2016-04-05 17:36:55'),(59,142,'8993189270284',1,2750.00,4000.00,4000.00,'active','2016-04-05 17:38:42'),(60,143,'yalkul001',1,1500.00,2000.00,2000.00,'active','2016-04-05 17:57:09'),(60,144,'8996006855145',1,4500.00,6000.00,6000.00,'active','2016-04-05 17:57:09'),(60,145,'8991906101316',1,12000.00,15000.00,15000.00,'active','2016-04-05 17:57:09'),(60,146,'8991906101101',1,14000.00,17000.00,17000.00,'active','2016-04-05 17:57:09'),(60,147,'8998989100120',2,12300.00,15000.00,30000.00,'active','2016-04-05 17:57:09'),(60,148,'9311931201208',1,1350.00,1500.00,1500.00,'active','2016-04-05 17:57:09'),(60,149,'8999909096004',3,16500.00,18000.00,54000.00,'active','2016-04-05 17:57:09'),(60,150,'permen0001',4,200.00,250.00,1000.00,'active','2016-04-05 17:57:09'),(60,151,'Snack 005',2,165.00,250.00,500.00,'active','2016-04-05 17:57:09'),(60,152,'8886001026025',1,10000.00,11000.00,11000.00,'active','2016-04-05 17:57:09'),(60,153,'8996001600221',1,5000.00,6000.00,6000.00,'active','2016-04-05 17:57:09'),(60,154,'8858891302114',1,3500.00,5000.00,5000.00,'active','2016-04-05 17:57:09'),(60,155,'8991001111289',1,5500.00,6500.00,6500.00,'active','2016-04-05 17:57:09'),(60,156,'8992696430204',10,1250.00,1500.00,15000.00,'active','2016-04-05 17:57:09'),(60,157,'8992765301008',2,4000.00,5000.00,10000.00,'active','2016-04-05 17:57:09'),(60,158,'8996001600146',1,2083.00,4000.00,4000.00,'active','2016-04-05 17:57:09'),(60,159,'8999909000377',1,17100.00,19000.00,19000.00,'active','2016-04-05 17:57:09'),(60,160,'8998127514123',1,15750.00,18000.00,18000.00,'active','2016-04-05 17:57:09'),(60,161,'76239878',1,17500.00,20000.00,20000.00,'active','2016-04-05 17:57:09'),(60,162,'8998989110167',1,15950.00,19000.00,19000.00,'active','2016-04-05 17:57:09'),(60,163,'8992727005135',1,21000.00,22000.00,22000.00,'active','2016-04-05 17:57:09'),(60,164,'8992222052993',1,6000.00,7000.00,7000.00,'active','2016-04-05 17:57:09'),(60,165,'8999909028234',1,12975.00,15000.00,15000.00,'active','2016-04-05 17:57:09'),(61,166,'76239878',1,17500.00,20000.00,20000.00,'active','2016-04-05 18:06:21'),(61,167,'8991002105485',1,833.00,1250.00,1250.00,'active','2016-04-05 18:06:21'),(61,168,'Pelayanan750',1,750.00,750.00,750.00,'active','2016-04-05 18:06:21'),(62,169,'8998127514123',1,15750.00,18000.00,18000.00,'active','2016-04-05 18:07:01'),(63,170,'8999909096004',2,16500.00,18000.00,36000.00,'active','2016-04-05 18:08:15'),(64,171,'8996001600146',1,2083.00,4000.00,4000.00,'active','2016-04-05 18:09:25'),(65,172,'8999909028234',1,12975.00,15000.00,15000.00,'active','2016-04-05 18:10:17'),(65,173,'8992858527308',1,4000.00,5000.00,5000.00,'active','2016-04-05 18:10:17'),(66,174,'yalkul001',1,1500.00,2000.00,2000.00,'active','2016-04-05 18:11:21'),(67,175,'76239878',1,17500.00,20000.00,20000.00,'active','2016-04-05 18:12:01'),(68,176,'8999909028234',1,12975.00,15000.00,15000.00,'active','2016-04-05 18:13:06'),(68,177,'8991002105485',1,833.00,1250.00,1250.00,'active','2016-04-05 18:13:06'),(68,178,'Pelayanan750',1,750.00,750.00,750.00,'active','2016-04-05 18:13:06'),(69,179,'8999909096004',1,16500.00,18000.00,18000.00,'active','2016-04-05 18:13:36'),(70,180,'8991906101019',2,12650.00,15000.00,30000.00,'active','2016-04-05 18:15:05'),(71,181,'Kaus 001',1,5000.00,7000.00,7000.00,'active','2016-04-05 18:16:36'),(72,182,'8992696415072',2,79000.00,83000.00,166000.00,'active','2016-04-05 18:24:25'),(72,183,'8995177102058',1,14500.00,16000.00,16000.00,'active','2016-04-05 18:24:25'),(72,184,'8991002105423',1,10250.00,12000.00,12000.00,'active','2016-04-05 18:24:25'),(72,185,'8999999401238',1,14500.00,17000.00,17000.00,'active','2016-04-05 18:24:25'),(72,186,'8999999706180-',1,7500.00,9000.00,9000.00,'active','2016-04-05 18:24:25'),(72,187,'8992222050203',1,6000.00,7000.00,7000.00,'active','2016-04-05 18:24:25'),(72,188,'8999999045869',5,2250.00,3000.00,15000.00,'active','2016-04-05 18:24:25'),(73,189,'8996006855145',1,4500.00,6000.00,6000.00,'active','2016-04-05 18:28:03'),(73,190,'8998009010231',1,3500.00,5000.00,5000.00,'active','2016-04-05 18:28:03'),(73,191,'yalkul001',1,1500.00,2000.00,2000.00,'active','2016-04-05 18:28:03'),(73,192,'permen0001',8,200.00,250.00,2000.00,'active','2016-04-05 18:28:03'),(74,193,'8996001600146',2,2083.00,4000.00,8000.00,'active','2016-04-05 18:29:03'),(74,194,'8996006855145',1,4500.00,6000.00,6000.00,'active','2016-04-05 18:29:03'),(75,195,'8999909028234',1,12975.00,15000.00,15000.00,'active','2016-04-05 18:29:37'),(76,196,'8999909001909',1,12200.00,14000.00,14000.00,'active','2016-04-05 18:30:20'),(77,197,'8997021870014',1,9583.00,13000.00,13000.00,'active','2016-04-05 18:31:37'),(77,198,'8997009510055',1,4333.00,6000.00,6000.00,'active','2016-04-05 18:31:37'),(78,199,'8991002105485',1,833.00,1250.00,1250.00,'active','2016-04-05 18:32:51'),(78,200,'9311931024036',1,1000.00,1500.00,1500.00,'active','2016-04-05 18:32:51'),(78,201,'Pelayanan750',1,750.00,750.00,750.00,'active','2016-04-05 18:32:51'),(78,202,'Pelayanan1500',1,1500.00,1500.00,1500.00,'active','2016-04-05 18:32:51'),(79,203,'8991002105485',1,833.00,1250.00,1250.00,'active','2016-04-05 18:33:32'),(79,204,'Pelayanan750',1,750.00,750.00,750.00,'active','2016-04-05 18:33:32'),(80,205,'8991002105485',11,833.00,1250.00,13750.00,'active','2016-04-06 10:53:20'),(80,206,'Pelayanan750',11,750.00,750.00,8250.00,'active','2016-04-06 10:53:20'),(80,207,'9311931024036',1,1000.00,1500.00,1500.00,'active','2016-04-06 10:53:20'),(80,208,'Pelayanan1500',3,1500.00,1500.00,4500.00,'active','2016-04-06 10:53:20'),(80,209,'8994171101289',1,900.00,1500.00,1500.00,'active','2016-04-06 10:53:20'),(80,210,'8996001414002',1,2500.00,3000.00,3000.00,'active','2016-04-06 10:53:20'),(80,211,'Pelayanan1000',1,0.00,1000.00,1000.00,'active','2016-04-06 10:53:20'),(80,212,'8991002101630',1,900.00,1500.00,1500.00,'active','2016-04-06 10:53:20'),(81,213,'8998989300391',1,10200.00,13000.00,13000.00,'active','2016-04-06 10:57:53'),(81,214,'8991002105485',1,833.00,1250.00,1250.00,'active','2016-04-06 10:57:53'),(81,215,'Pelayanan750',1,750.00,750.00,750.00,'active','2016-04-06 10:57:53'),(82,216,'8995078803078',5,11400.00,13000.00,65000.00,'active','2016-04-06 11:05:16'),(82,217,'8991002105485',1,833.00,1250.00,1250.00,'active','2016-04-06 11:05:16'),(82,218,'Pelayanan750',1,750.00,750.00,750.00,'active','2016-04-06 11:05:16'),(83,219,'8992696404441',1,7000.00,8000.00,8000.00,'active','2016-04-06 11:06:34'),(83,220,'8886001038011',2,1300.00,2000.00,4000.00,'active','2016-04-06 11:06:34'),(84,221,'8999909096004',2,16500.00,18000.00,36000.00,'active','2016-04-06 11:11:01'),(84,222,'8991906101101',1,14000.00,17000.00,17000.00,'active','2016-04-06 11:11:01'),(84,223,'8886008101053',1,1700.00,3000.00,3000.00,'active','2016-04-06 11:11:01'),(85,224,'8999909010567',1,15850.00,17000.00,17000.00,'active','2016-04-06 11:27:27'),(86,225,'8999909028234',1,12975.00,15000.00,15000.00,'active','2016-04-06 11:28:14'),(86,226,'8996001600146',1,2083.00,4000.00,4000.00,'active','2016-04-06 11:28:14'),(87,227,'8996001600146',1,2083.00,4000.00,4000.00,'active','2016-04-06 11:28:56'),(88,228,'8992858527308',1,4000.00,5000.00,5000.00,'active','2016-04-06 11:30:26'),(89,229,'8997009510055',1,4333.00,6000.00,6000.00,'active','2016-04-06 11:30:47'),(90,230,'8991002105485',1,833.00,1250.00,1250.00,'active','2016-04-06 11:31:21'),(90,231,'Pelayanan750',1,750.00,750.00,750.00,'active','2016-04-06 11:31:21'),(91,232,'76239878',1,17500.00,20000.00,20000.00,'active','2016-04-06 11:31:51'),(92,233,'8991002105485',1,833.00,1250.00,1250.00,'active','2016-04-06 11:32:19'),(92,234,'Pelayanan750',1,750.00,750.00,750.00,'active','2016-04-06 11:32:19'),(93,235,'8995078803078',1,11400.00,13000.00,13000.00,'active','2016-04-06 11:32:53'),(94,236,'8998989300391',1,10200.00,13000.00,13000.00,'active','2016-04-06 11:33:24'),(95,237,'8991002105485',1,833.00,1250.00,1250.00,'active','2016-04-06 11:33:50'),(95,238,'Pelayanan750',1,750.00,750.00,750.00,'active','2016-04-06 11:33:50'),(96,239,'8991002105485',1,833.00,1250.00,1250.00,'active','2016-04-06 11:34:15'),(96,240,'Pelayanan750',1,750.00,750.00,750.00,'active','2016-04-06 11:34:15'),(97,241,'8997009510055',1,4333.00,6000.00,6000.00,'active','2016-04-06 11:34:38'),(98,242,'8999909028234',1,12975.00,15000.00,15000.00,'active','2016-04-06 11:35:55'),(98,243,'8991002121010',1,4500.00,6000.00,6000.00,'active','2016-04-06 11:35:55'),(99,244,'8999909096004',1,16500.00,18000.00,18000.00,'active','2016-04-06 11:36:40'),(99,245,'8991002105485',1,833.00,1250.00,1250.00,'active','2016-04-06 11:36:40'),(99,246,'Pelayanan750',1,750.00,750.00,750.00,'active','2016-04-06 11:36:40'),(100,247,'8998989100120',1,12300.00,15000.00,15000.00,'active','2016-04-06 11:37:00'),(101,248,'8995078803078',1,11400.00,13000.00,13000.00,'active','2016-04-06 11:37:35'),(101,249,'8991002105485',1,833.00,1250.00,1250.00,'active','2016-04-06 11:37:35'),(101,250,'Pelayanan750',1,750.00,750.00,750.00,'active','2016-04-06 11:37:35'),(102,251,'8991002105485',2,833.00,1250.00,2500.00,'active','2016-04-06 11:38:04'),(102,252,'Pelayanan750',2,750.00,750.00,1500.00,'active','2016-04-06 11:38:04'),(103,253,'8992858527308',1,4000.00,5000.00,5000.00,'active','2016-04-06 11:39:19'),(104,254,'8991002105485',1,833.00,1250.00,1250.00,'active','2016-04-06 11:40:01'),(104,255,'Pelayanan750',1,750.00,750.00,750.00,'active','2016-04-06 11:40:01'),(105,256,'8998127514123',1,15750.00,18000.00,18000.00,'active','2016-04-06 11:40:36'),(105,257,'9311931024036',1,1000.00,1500.00,1500.00,'active','2016-04-06 11:40:36'),(105,258,'Pelayanan1500',1,1500.00,1500.00,1500.00,'active','2016-04-06 11:40:36'),(106,259,'8999909096004',1,16500.00,18000.00,18000.00,'active','2016-04-06 11:42:34'),(107,260,'8999909028234',2,12975.00,15000.00,30000.00,'active','2016-04-06 11:43:13'),(108,261,'8998989110167',1,15950.00,19000.00,19000.00,'active','2016-04-06 11:43:35'),(109,262,'8996001600146',1,2083.00,4000.00,4000.00,'active','2016-04-06 12:14:04'),(110,263,'8999909000162',1,11950.00,14000.00,14000.00,'active','2016-04-06 12:15:35'),(111,264,'8995078803078',1,11400.00,13000.00,13000.00,'active','2016-04-06 12:22:40'),(112,265,'8999909028234',1,12975.00,15000.00,15000.00,'active','2016-04-06 12:35:22'),(113,266,'8999909076006',1,15450.00,18000.00,18000.00,'active','2016-04-06 12:43:21'),(113,267,'8999909096004',1,16500.00,18000.00,18000.00,'active','2016-04-06 12:43:21'),(113,268,'8994171101289',1,900.00,1500.00,1500.00,'active','2016-04-06 12:43:21'),(113,269,'Pelayanan1500',1,1500.00,1500.00,1500.00,'active','2016-04-06 12:43:21'),(114,270,'8999909028234',1,12975.00,15000.00,15000.00,'active','2016-04-06 12:58:23'),(114,271,'8991002121010',1,4500.00,6000.00,6000.00,'active','2016-04-06 12:58:23'),(115,272,'8998989100120',1,12300.00,15000.00,15000.00,'active','2016-04-06 12:59:35'),(116,273,'8992858527308',1,4000.00,5000.00,5000.00,'active','2016-04-06 13:00:13'),(117,274,'8886008101053',1,1700.00,3000.00,3000.00,'active','2016-04-06 13:00:58'),(118,275,'8999909028234',1,12975.00,15000.00,15000.00,'active','2016-04-06 13:02:07'),(118,276,'8991002105485',1,833.00,1250.00,1250.00,'active','2016-04-06 13:02:07'),(118,277,'Pelayanan750',1,750.00,750.00,750.00,'active','2016-04-06 13:02:07'),(119,278,'8998989100120',1,12300.00,15000.00,15000.00,'active','2016-04-06 13:03:10'),(119,279,'8991002105485',2,833.00,1250.00,2500.00,'active','2016-04-06 13:03:10'),(119,280,'Pelayanan750',2,750.00,750.00,1500.00,'active','2016-04-06 13:03:10'),(120,281,'8999909028234',1,12975.00,15000.00,15000.00,'active','2016-04-06 13:04:03'),(120,282,'8991002105485',1,833.00,1250.00,1250.00,'active','2016-04-06 13:04:03'),(120,283,'Pelayanan750',1,750.00,750.00,750.00,'active','2016-04-06 13:04:03'),(121,284,'8999909096004',1,16500.00,18000.00,18000.00,'active','2016-04-06 13:04:58'),(121,285,'8991002105485',1,833.00,1250.00,1250.00,'active','2016-04-06 13:04:58'),(121,286,'Pelayanan750',1,750.00,750.00,750.00,'active','2016-04-06 13:04:58'),(122,287,'8998989300391',1,10200.00,13000.00,13000.00,'active','2016-04-06 13:06:46'),(122,288,'8991002105485',1,833.00,1250.00,1250.00,'active','2016-04-06 13:06:46'),(122,289,'Pelayanan750',1,750.00,750.00,750.00,'active','2016-04-06 13:06:46'),(123,290,'8999909001909',1,12200.00,14000.00,14000.00,'active','2016-04-06 13:07:39'),(123,291,'8991002105485',1,833.00,1250.00,1250.00,'active','2016-04-06 13:07:39'),(123,292,'Pelayanan750',1,750.00,750.00,750.00,'active','2016-04-06 13:07:39'),(124,293,'8991002105485',1,833.00,1250.00,1250.00,'active','2016-04-06 13:08:26'),(124,294,'Pelayanan750',1,750.00,750.00,750.00,'active','2016-04-06 13:08:26'),(125,295,'8999909096004',1,16500.00,18000.00,18000.00,'active','2016-04-06 13:09:04'),(125,296,'8996001600146',1,2083.00,4000.00,4000.00,'active','2016-04-06 13:09:04'),(126,297,'76164217',1,17500.00,20000.00,20000.00,'active','2016-04-06 13:09:26'),(127,298,'76239878',1,17500.00,20000.00,20000.00,'active','2016-04-06 13:09:49'),(128,299,'8992858527308',1,4000.00,5000.00,5000.00,'active','2016-04-06 13:10:25'),(129,300,'8991906105758',1,13700.00,15000.00,15000.00,'active','2016-04-06 13:10:54'),(130,301,'8991002105485',1,833.00,1250.00,1250.00,'active','2016-04-06 13:12:08'),(130,302,'Pelayanan750',1,750.00,750.00,750.00,'active','2016-04-06 13:12:08'),(131,303,'8992933453119',1,800.00,1500.00,1500.00,'active','2016-04-06 13:13:00'),(131,304,'Pelayanan1500',1,1500.00,1500.00,1500.00,'active','2016-04-06 13:13:00'),(131,305,'8991001111289',2,5500.00,6500.00,13000.00,'active','2016-04-06 13:13:00'),(132,306,'76239878',2,17500.00,20000.00,40000.00,'active','2016-04-06 13:13:45'),(133,307,'8991002105485',1,833.00,1250.00,1250.00,'active','2016-04-06 13:14:56'),(133,308,'Pelayanan750',1,750.00,750.00,750.00,'active','2016-04-06 13:14:56'),(134,309,'8998989121163',2,13700.00,15000.00,30000.00,'active','2016-04-06 13:17:18'),(134,310,'8991002105485',1,833.00,1250.00,1250.00,'active','2016-04-06 13:17:18'),(134,311,'Pelayanan750',1,750.00,750.00,750.00,'active','2016-04-06 13:17:18'),(135,312,'8886008101053',1,1700.00,3000.00,3000.00,'active','2016-04-06 13:18:36'),(136,313,'8996001600146',1,2083.00,4000.00,4000.00,'active','2016-04-06 13:19:57'),(136,314,'8992858527308',1,4000.00,5000.00,5000.00,'active','2016-04-06 13:19:57'),(137,315,'8991002105485',1,833.00,1250.00,1250.00,'active','2016-04-06 13:25:00'),(137,316,'Pelayanan750',1,750.00,750.00,750.00,'active','2016-04-06 13:25:00'),(138,317,'8886001038011',1,1300.00,2000.00,2000.00,'active','2016-04-06 13:26:45'),(138,318,'8996001600221',1,5000.00,6000.00,6000.00,'active','2016-04-06 13:26:45'),(139,319,'8995078803078',1,11400.00,13000.00,13000.00,'active','2016-04-06 13:27:45'),(140,320,'8991002105485',1,833.00,1250.00,1250.00,'active','2016-04-06 13:29:01'),(140,321,'Pelayanan750',1,750.00,750.00,750.00,'active','2016-04-06 13:29:01'),(141,322,'8992761166038',1,4790.00,6000.00,6000.00,'active','2016-04-06 13:31:02'),(142,323,'8991002105485',1,833.00,1250.00,1250.00,'active','2016-04-06 13:32:57'),(142,324,'Pelayanan750',1,750.00,750.00,750.00,'active','2016-04-06 13:32:57'),(142,325,'8858891302152',1,3500.00,5000.00,5000.00,'active','2016-04-06 13:32:57'),(143,326,'8991002105485',1,833.00,1250.00,1250.00,'active','2016-04-06 13:33:38'),(143,327,'Pelayanan750',1,750.00,750.00,750.00,'active','2016-04-06 13:33:38'),(144,328,'76164217',1,17500.00,20000.00,20000.00,'active','2016-04-06 13:34:48'),(145,329,'8991002103238',2,930.00,1500.00,3000.00,'active','2016-04-06 13:36:12'),(146,330,'8999909010567',1,15850.00,17000.00,17000.00,'active','2016-04-06 13:37:47'),(146,331,'8991002105485',1,833.00,1250.00,1250.00,'active','2016-04-06 13:37:47'),(146,332,'Pelayanan750',1,750.00,750.00,750.00,'active','2016-04-06 13:37:47'),(147,333,'8991002105485',2,833.00,1250.00,2500.00,'active','2016-04-06 13:40:08'),(148,334,'8991906101019',2,12650.00,15000.00,30000.00,'active','2016-04-06 13:45:08'),(148,335,'yalkul001',1,1500.00,2000.00,2000.00,'active','2016-04-06 13:45:08'),(148,336,'76239878',2,17500.00,20000.00,40000.00,'active','2016-04-06 13:45:08'),(148,337,'8999909096004',1,16500.00,18000.00,18000.00,'active','2016-04-06 13:45:08'),(148,338,'8995078803078',1,11400.00,13000.00,13000.00,'active','2016-04-06 13:45:08'),(148,339,'9311931024036',1,1000.00,1500.00,1500.00,'active','2016-04-06 13:45:08'),(148,340,'Pelayanan1500',1,1500.00,1500.00,1500.00,'active','2016-04-06 13:45:08'),(148,341,'8996006855145',2,4500.00,6000.00,12000.00,'active','2016-04-06 13:45:08'),(148,342,'Korek api001',1,1000.00,2000.00,2000.00,'active','2016-04-06 13:45:08'),(148,343,'8998989100120',1,12300.00,15000.00,15000.00,'active','2016-04-06 13:45:08'),(148,344,'8998127514123',1,15750.00,18000.00,18000.00,'active','2016-04-06 13:45:08'),(149,345,'8991002105485',1,833.00,1250.00,1250.00,'active','2016-04-06 13:47:40'),(149,346,'Pelayanan750',1,750.00,750.00,750.00,'active','2016-04-06 13:47:40'),(149,347,'8996006142511',1,2125.00,4000.00,4000.00,'active','2016-04-06 13:47:40'),(150,348,'8886008101053',1,1700.00,3000.00,3000.00,'active','2016-04-06 13:48:54'),(151,349,'8996001600146',2,2083.00,4000.00,8000.00,'active','2016-04-06 13:49:42'),(152,350,'8999909076006',2,15450.00,18000.00,36000.00,'active','2016-04-06 13:56:20'),(152,351,'8995078803078',1,11400.00,13000.00,13000.00,'active','2016-04-06 13:56:20'),(153,352,'8991906105758',1,13700.00,15000.00,15000.00,'active','2016-04-06 13:56:59'),(154,353,'8999909028234',1,12975.00,15000.00,15000.00,'active','2016-04-06 14:09:16'),(154,354,'8996001600221',1,5000.00,6000.00,6000.00,'active','2016-04-06 14:09:16'),(155,355,'76239878',1,17500.00,20000.00,20000.00,'active','2016-04-06 14:13:07'),(155,356,'8995078803078',2,11400.00,13000.00,26000.00,'active','2016-04-06 14:13:07'),(156,357,'8995078803078',1,11400.00,13000.00,13000.00,'active','2016-04-06 14:17:55'),(157,358,'8995078803078',1,11400.00,13000.00,13000.00,'active','2016-04-06 14:18:46'),(157,359,'8886001038011',1,1300.00,2000.00,2000.00,'active','2016-04-06 14:18:46'),(158,360,'8991906101101',1,14000.00,17000.00,17000.00,'active','2016-04-06 14:21:39'),(159,361,'8998989300391',1,10200.00,13000.00,13000.00,'active','2016-04-06 14:22:27'),(160,362,'8999909028234',1,12975.00,15000.00,15000.00,'active','2016-04-06 14:23:11'),(161,363,'yalkul001',1,1500.00,2000.00,2000.00,'active','2016-04-06 14:24:00'),(162,364,'8996006855145',1,4500.00,6000.00,6000.00,'active','2016-04-06 14:24:25'),(163,365,'8991002105485',1,833.00,1250.00,1250.00,'active','2016-04-06 14:25:22'),(163,366,'Pelayanan750',1,750.00,750.00,750.00,'active','2016-04-06 14:25:22'),(164,367,'8991002105485',1,833.00,1250.00,1250.00,'active','2016-04-06 14:26:10'),(164,368,'Pelayanan750',1,750.00,750.00,750.00,'active','2016-04-06 14:26:10'),(165,369,'76164217',1,17500.00,20000.00,20000.00,'active','2016-04-06 14:35:36'),(166,370,'8992725910400',1,7750.00,9000.00,9000.00,'active','2016-04-06 14:37:21'),(167,371,'8991906105758',1,13700.00,15000.00,15000.00,'active','2016-04-06 14:39:11'),(168,372,'8998989300391',1,10200.00,13000.00,13000.00,'active','2016-04-06 14:39:52'),(169,373,'8997009510055',1,4333.00,6000.00,6000.00,'active','2016-04-06 14:40:24'),(170,374,'8991911101011',1,11800.00,13000.00,13000.00,'active','2016-04-06 14:43:20'),(171,375,'8998009050053',1,3500.00,5000.00,5000.00,'active','2016-04-06 14:56:39'),(172,376,'0089686060027',1,3350.00,4000.00,4000.00,'active','2016-04-06 15:10:26'),(172,377,'0089686060126',1,3350.00,4000.00,4000.00,'active','2016-04-06 15:10:26'),(172,378,'8992753100101',6,12400.00,13500.00,81000.00,'active','2016-04-06 15:10:26'),(173,379,'8992858527308',2,4000.00,5000.00,10000.00,'active','2016-04-06 15:16:12'),(174,380,'8991002105485',1,833.00,1250.00,1250.00,'active','2016-04-06 15:17:19'),(174,381,'Pelayanan750',1,750.00,750.00,750.00,'active','2016-04-06 15:17:19'),(175,382,'8886008101053',1,1700.00,3000.00,3000.00,'active','2016-04-06 15:19:29'),(175,383,'8996006142511',1,2125.00,4000.00,4000.00,'active','2016-04-06 15:19:29'),(175,384,'Tisue 002',1,7000.00,10000.00,10000.00,'active','2016-04-06 15:19:29'),(176,385,'8998989110167',1,15950.00,19000.00,19000.00,'active','2016-04-06 15:23:48'),(177,386,'8886001026025',1,10000.00,11000.00,11000.00,'active','2016-04-06 15:28:08'),(177,387,'8886007811076',1,4000.00,4500.00,4500.00,'active','2016-04-06 15:28:08'),(177,388,'8992761166038',1,4790.00,6000.00,6000.00,'active','2016-04-06 15:28:08'),(177,389,'8999999049393',1,12500.00,14000.00,14000.00,'active','2016-04-06 15:28:08'),(177,390,'8999999710866',1,14000.00,15000.00,15000.00,'active','2016-04-06 15:28:08'),(177,391,'8995177102058',1,14500.00,16000.00,16000.00,'active','2016-04-06 15:28:08'),(177,392,'8991002105423',1,10250.00,12000.00,12000.00,'active','2016-04-06 15:28:08'),(177,393,'8992696430204',10,1250.00,1500.00,15000.00,'active','2016-04-06 15:28:08'),(178,394,'8886008101053',1,1700.00,3000.00,3000.00,'active','2016-04-06 15:28:56'),(179,395,'8999909096004',1,16500.00,18000.00,18000.00,'active','2016-04-06 15:47:14'),(180,396,'76239878',1,17500.00,20000.00,20000.00,'active','2016-04-06 15:48:12'),(181,397,'76239878',1,17500.00,20000.00,20000.00,'active','2016-04-06 15:49:19'),(181,398,'8997009510055',1,4333.00,6000.00,6000.00,'active','2016-04-06 15:49:19'),(182,399,'8993189270321',1,2750.00,3000.00,3000.00,'active','2016-04-06 15:54:21'),(183,400,'8991002105485',3,833.00,1250.00,3750.00,'active','2016-04-06 15:55:22'),(183,401,'Pelayanan750',3,750.00,750.00,2250.00,'active','2016-04-06 15:55:22'),(183,402,'9311931024036',1,1000.00,1500.00,1500.00,'active','2016-04-06 15:55:22'),(183,403,'Pelayanan1500',1,1500.00,1500.00,1500.00,'active','2016-04-06 15:55:22'),(184,404,'Pul001',1,2200.00,3000.00,3000.00,'active','2016-04-06 16:59:18'),(184,405,'8858891302152',2,3500.00,5000.00,10000.00,'active','2016-04-06 16:59:18'),(184,406,'8858891302114',2,3500.00,5000.00,10000.00,'active','2016-04-06 16:59:18'),(184,407,'8992752116233',1,2750.00,4000.00,4000.00,'active','2016-04-06 16:59:18'),(185,408,'8999909028234',1,12975.00,15000.00,15000.00,'active','2016-04-06 17:10:37'),(186,409,'8999909096004',2,16500.00,18000.00,36000.00,'active','2016-04-06 17:12:04'),(186,410,'8998989100120',1,12300.00,15000.00,15000.00,'active','2016-04-06 17:12:04'),(187,411,'8991002105485',1,833.00,1250.00,1250.00,'active','2016-04-06 17:13:13'),(188,412,'8992858527308',1,4000.00,5000.00,5000.00,'active','2016-04-06 17:17:41'),(189,413,'8997009510017',2,4333.00,6000.00,12000.00,'active','2016-04-06 17:22:13'),(189,414,'8998989110167',5,15950.00,19000.00,95000.00,'active','2016-04-06 17:22:13'),(189,415,'76164217',1,17500.00,20000.00,20000.00,'active','2016-04-06 17:22:13'),(190,416,'76239878',1,17500.00,20000.00,20000.00,'active','2016-04-06 17:23:00'),(191,417,'8995078803078',1,11400.00,13000.00,13000.00,'active','2016-04-06 17:25:20'),(191,418,'8999909076006',1,15450.00,18000.00,18000.00,'active','2016-04-06 17:25:20'),(191,419,'Korek api001',1,1000.00,2000.00,2000.00,'active','2016-04-06 17:25:20'),(191,420,'8991002105485',1,833.00,1250.00,1250.00,'active','2016-04-06 17:25:20'),(191,421,'Pelayanan750',1,750.00,750.00,750.00,'active','2016-04-06 17:25:20'),(192,422,'8999909028234',1,12975.00,15000.00,15000.00,'active','2016-04-06 17:29:18'),(193,423,'8996001600146',1,2083.00,4000.00,4000.00,'active','2016-04-06 17:29:49'),(194,424,'9311931024036',1,1000.00,1500.00,1500.00,'active','2016-04-06 17:37:35'),(194,425,'0089686010947',2,1987.00,2500.00,5000.00,'active','2016-04-06 17:37:35'),(194,426,'0089686010015',2,1850.00,2300.00,4600.00,'active','2016-04-06 17:37:35'),(194,427,'Tisue 001',1,1500.00,2000.00,2000.00,'active','2016-04-06 17:37:35'),(195,428,'8991906101101',1,14000.00,17000.00,17000.00,'active','2016-04-06 17:38:10'),(196,429,'76164217',1,17500.00,20000.00,20000.00,'active','2016-04-06 17:39:39'),(197,430,'8999909028234',1,12975.00,15000.00,15000.00,'active','2016-04-06 17:40:30'),(198,431,'8992696407701',1,79000.00,83000.00,83000.00,'active','2016-04-06 17:42:27'),(198,432,'8999099920486',1,79000.00,82000.00,82000.00,'active','2016-04-06 17:42:27'),(198,433,'8999999045869',2,2250.00,3000.00,6000.00,'active','2016-04-06 17:42:27'),(199,434,'8999909096004',1,16500.00,18000.00,18000.00,'active','2016-04-06 17:43:20'),(200,435,'8992752116233',1,2750.00,4000.00,4000.00,'active','2016-04-06 17:45:37'),(200,436,'8999909096004',1,16500.00,18000.00,18000.00,'active','2016-04-06 17:45:37'),(200,437,'8992858527308',1,4000.00,5000.00,5000.00,'active','2016-04-06 17:45:37'),(200,438,'8991002105485',12,833.00,1250.00,15000.00,'active','2016-04-06 17:45:37'),(200,439,'Pelayanan750',12,750.00,750.00,9000.00,'active','2016-04-06 17:45:37'),(200,440,'8994171101289',1,900.00,1500.00,1500.00,'active','2016-04-06 17:45:37'),(200,441,'Pelayanan1500',1,1500.00,1500.00,1500.00,'active','2016-04-06 17:45:37'),(201,442,'8991906105758',1,13700.00,15000.00,15000.00,'active','2016-04-06 17:46:15'),(202,443,'8991002105485',1,833.00,1250.00,1250.00,'active','2016-04-06 17:47:31'),(202,444,'Pelayanan750',1,750.00,750.00,750.00,'active','2016-04-06 17:47:31'),(203,445,'8886008101053',1,1700.00,3000.00,3000.00,'active','2016-04-06 17:47:53'),(204,446,'8992753881703',2,76500.00,81000.00,162000.00,'active','2016-04-06 17:50:36'),(205,447,'8991002105485',1,833.00,1250.00,1250.00,'active','2016-04-06 17:51:19'),(205,448,'Pelayanan750',1,750.00,750.00,750.00,'active','2016-04-06 17:51:19'),(206,449,'8994171101289',1,900.00,1500.00,1500.00,'active','2016-04-06 17:56:15'),(206,450,'Pelayanan1500',3,1500.00,1500.00,4500.00,'active','2016-04-06 17:56:15'),(206,451,'8992696430204',1,1250.00,1500.00,1500.00,'active','2016-04-06 17:56:15'),(206,452,'8992933453119',1,800.00,1500.00,1500.00,'active','2016-04-06 17:56:15'),(206,453,'yalkul001',2,1500.00,2000.00,4000.00,'active','2016-04-06 17:56:15'),(207,454,'8992858527308',1,4000.00,5000.00,5000.00,'active','2016-04-06 18:08:29'),(208,455,'8998989110167',2,15950.00,19000.00,38000.00,'active','2016-04-07 10:36:43'),(209,456,'8998989100120',1,12300.00,15000.00,15000.00,'active','2016-04-07 10:38:05'),(209,457,'8886008101053',1,1700.00,3000.00,3000.00,'active','2016-04-07 10:38:05'),(209,458,'yalkul001',1,1500.00,2000.00,2000.00,'active','2016-04-07 10:38:05'),(209,459,'8991002105485',1,833.00,1250.00,1250.00,'active','2016-04-07 10:38:05'),(209,460,'Pelayanan750',1,750.00,750.00,750.00,'active','2016-04-07 10:38:05'),(210,461,'8999909096004',1,16500.00,18000.00,18000.00,'active','2016-04-07 10:39:12'),(210,462,'8991002105485',1,833.00,1250.00,1250.00,'active','2016-04-07 10:39:12'),(210,463,'Pelayanan750',1,750.00,750.00,750.00,'active','2016-04-07 10:39:12'),(211,464,'8999909096004',1,16500.00,18000.00,18000.00,'active','2016-04-07 11:04:28'),(212,465,'8999909028234',1,12975.00,15000.00,15000.00,'active','2016-04-07 11:05:02'),(213,466,'8991002105485',1,833.00,1250.00,1250.00,'active','2016-04-07 11:07:33'),(213,467,'Pelayanan750',1,750.00,750.00,750.00,'active','2016-04-07 11:07:33'),(214,468,'8998989300391',1,10200.00,13000.00,13000.00,'active','2016-04-07 11:46:32'),(215,469,'8991002105485',1,833.00,1250.00,1250.00,'active','2016-04-07 11:47:13'),(215,470,'Pelayanan750',1,750.00,750.00,750.00,'active','2016-04-07 11:47:13'),(216,471,'8999999029647',1,19500.00,22000.00,22000.00,'active','2016-04-07 11:52:40'),(216,472,'8991991161332',1,21000.00,23000.00,23000.00,'active','2016-04-07 11:52:40'),(216,473,'8991906105758',1,13700.00,15000.00,15000.00,'active','2016-04-07 11:52:40'),(217,474,'Pelayanan1500',1,1500.00,1500.00,1500.00,'active','2016-04-07 12:33:37'),(217,475,'9311931024036',1,1000.00,1500.00,1500.00,'active','2016-04-07 12:33:37'),(218,476,'8991002105485',1,833.00,1250.00,1250.00,'active','2016-04-07 12:34:31'),(218,477,'Pelayanan750',1,750.00,750.00,750.00,'active','2016-04-07 12:34:31'),(219,478,'8991906101019',1,12650.00,15000.00,15000.00,'active','2016-04-07 12:46:51'),(219,479,'8992761166038',1,4790.00,6000.00,6000.00,'active','2016-04-07 12:46:51'),(219,480,'8993989311699',1,14650.00,16000.00,16000.00,'active','2016-04-07 12:46:51'),(219,481,'8992858527308',1,4000.00,5000.00,5000.00,'active','2016-04-07 12:46:51'),(219,482,'8998127311173',1,14750.00,16000.00,16000.00,'active','2016-04-07 12:46:51'),(219,483,'8886008101053',1,1700.00,3000.00,3000.00,'active','2016-04-07 12:46:51'),(219,484,'8996001600146',1,2083.00,4000.00,4000.00,'active','2016-04-07 12:46:51'),(220,485,'8992933453119',1,800.00,1500.00,1500.00,'active','2016-04-07 12:49:51'),(220,486,'Pelayanan1500',1,1500.00,1500.00,1500.00,'active','2016-04-07 12:49:51'),(221,487,'/8886057883665',1,3500.00,4500.00,4500.00,'active','2016-04-07 12:53:31'),(222,488,'8991906105758',1,13700.00,15000.00,15000.00,'active','2016-04-07 13:16:01'),(222,489,'8991002105485',2,833.00,1250.00,2500.00,'active','2016-04-07 13:16:01'),(222,490,'Pelayanan750',2,750.00,750.00,1500.00,'active','2016-04-07 13:16:01'),(223,491,'76239878',1,17500.00,20000.00,20000.00,'active','2016-04-07 13:17:32'),(223,492,'8991002105485',1,833.00,1250.00,1250.00,'active','2016-04-07 13:17:32'),(223,493,'Pelayanan750',1,750.00,750.00,750.00,'active','2016-04-07 13:17:32'),(224,494,'8991002105485',1,833.00,1250.00,1250.00,'active','2016-04-07 13:18:15'),(224,495,'Pelayanan750',1,750.00,750.00,750.00,'active','2016-04-07 13:18:15'),(225,496,'8991002105485',1,833.00,1250.00,1250.00,'active','2016-04-07 13:19:16'),(225,497,'Pelayanan750',1,750.00,750.00,750.00,'active','2016-04-07 13:19:16'),(226,498,'8992858527308',1,4000.00,5000.00,5000.00,'active','2016-04-07 13:20:12'),(226,499,'76164217',1,17500.00,20000.00,20000.00,'active','2016-04-07 13:20:12'),(227,500,'8991002105485',2,833.00,1250.00,2500.00,'active','2016-04-07 13:21:35'),(227,501,'Pelayanan750',2,750.00,750.00,1500.00,'active','2016-04-07 13:21:35'),(228,502,'9311931024036',1,1000.00,1500.00,1500.00,'active','2016-04-07 13:22:35'),(228,503,'Pelayanan1500',1,1500.00,1500.00,1500.00,'active','2016-04-07 13:22:35'),(229,504,'8993176110067',1,28000.00,30000.00,30000.00,'active','2016-04-07 13:24:36'),(229,505,'8992761166038',1,4790.00,6000.00,6000.00,'active','2016-04-07 13:24:36'),(229,506,'8999999407919',1,11500.00,12500.00,12500.00,'active','2016-04-07 13:24:36'),(230,507,'8991002105485',1,833.00,1250.00,1250.00,'active','2016-04-07 13:33:48'),(230,508,'Pelayanan750',1,750.00,750.00,750.00,'active','2016-04-07 13:33:48'),(231,509,'/8886057883665',1,3500.00,4500.00,4500.00,'active','2016-04-07 13:35:08'),(231,510,'8996006855145',1,4500.00,6000.00,6000.00,'active','2016-04-07 13:35:08'),(231,511,'8886001038011',1,1300.00,2000.00,2000.00,'active','2016-04-07 13:35:08'),(232,512,'8991002105485',1,833.00,1250.00,1250.00,'active','2016-04-07 13:35:54'),(232,513,'Pelayanan750',1,750.00,750.00,750.00,'active','2016-04-07 13:35:54'),(233,514,'8991002105485',1,833.00,1250.00,1250.00,'active','2016-04-07 13:36:41'),(233,515,'Pelayanan750',1,750.00,750.00,750.00,'active','2016-04-07 13:36:41'),(234,516,'8994171101289',1,900.00,1500.00,1500.00,'active','2016-04-07 13:37:17'),(234,517,'Pelayanan1500',1,1500.00,1500.00,1500.00,'active','2016-04-07 13:37:17'),(235,518,'8991002105485',1,833.00,1250.00,1250.00,'active','2016-04-07 13:38:18'),(235,519,'Pelayanan750',1,750.00,750.00,750.00,'active','2016-04-07 13:38:18'),(236,520,'8991002105485',1,833.00,1250.00,1250.00,'active','2016-04-07 13:39:09'),(236,521,'Pelayanan750',1,750.00,750.00,750.00,'active','2016-04-07 13:39:09'),(237,522,'8991002105485',1,833.00,1250.00,1250.00,'active','2016-04-07 13:39:51'),(237,523,'Pelayanan750',1,750.00,750.00,750.00,'active','2016-04-07 13:39:51'),(238,524,'76164217',1,17500.00,20000.00,20000.00,'active','2016-04-07 13:40:46'),(238,525,'8991002105485',1,833.00,1250.00,1250.00,'active','2016-04-07 13:40:46'),(238,526,'Pelayanan750',1,750.00,750.00,750.00,'active','2016-04-07 13:40:46'),(239,527,'8991002105485',4,833.00,1250.00,5000.00,'active','2016-04-07 13:42:18'),(239,528,'Pelayanan750',4,750.00,750.00,3000.00,'active','2016-04-07 13:42:18'),(240,529,'8999909001909',2,12200.00,14000.00,28000.00,'active','2016-04-07 13:43:16'),(241,530,'8991002105485',1,833.00,1250.00,1250.00,'active','2016-04-07 13:47:29'),(241,531,'Pelayanan750',1,750.00,750.00,750.00,'active','2016-04-07 13:47:29'),(242,532,'8998127514123',1,15750.00,18000.00,18000.00,'active','2016-04-07 14:10:45'),(242,533,'8996001600146',1,2083.00,4000.00,4000.00,'active','2016-04-07 14:10:45'),(243,534,'8999909096004',1,16500.00,18000.00,18000.00,'active','2016-04-07 14:21:35'),(243,535,'8992858527308',1,4000.00,5000.00,5000.00,'active','2016-04-07 14:21:35'),(244,536,'8998989100120',1,12300.00,15000.00,15000.00,'active','2016-04-07 14:22:16'),(244,537,'8992761166038',2,4790.00,6000.00,12000.00,'active','2016-04-07 14:22:16'),(245,538,'8991002105485',1,833.00,1250.00,1250.00,'active','2016-04-07 14:22:54'),(245,539,'Pelayanan750',1,750.00,750.00,750.00,'active','2016-04-07 14:22:54'),(246,540,'76239878',1,17500.00,20000.00,20000.00,'active','2016-04-07 14:23:47'),(246,541,'8996001600146',1,2083.00,4000.00,4000.00,'active','2016-04-07 14:23:47'),(247,542,'8999909000377',1,17100.00,19000.00,19000.00,'active','2016-04-07 14:24:42'),(248,543,'8999909000162',1,11950.00,14000.00,14000.00,'active','2016-04-07 14:38:37'),(249,544,'8995078803078',1,11400.00,13000.00,13000.00,'active','2016-04-07 14:43:05'),(249,545,'8991002105485',1,833.00,1250.00,1250.00,'active','2016-04-07 14:43:05'),(249,546,'Pelayanan750',1,750.00,750.00,750.00,'active','2016-04-07 14:43:05'),(250,547,'8991002105485',2,833.00,1250.00,2500.00,'active','2016-04-07 14:45:33'),(250,548,'Pelayanan750',2,750.00,750.00,1500.00,'active','2016-04-07 14:45:33'),(251,549,'8999909028234',1,12975.00,15000.00,15000.00,'active','2016-04-07 14:47:29'),(251,550,'8999999049454',1,12000.00,14000.00,14000.00,'active','2016-04-07 14:47:29'),(252,551,'8991002105485',2,833.00,1250.00,2500.00,'active','2016-04-07 14:48:10'),(252,552,'Pelayanan750',2,750.00,750.00,1500.00,'active','2016-04-07 14:48:10'),(253,553,'8996006855145',2,4500.00,6000.00,12000.00,'active','2016-04-07 14:48:37'),(254,554,'8996001600146',1,2083.00,4000.00,4000.00,'active','2016-04-07 14:49:16'),(255,555,'8992858527308',1,4000.00,5000.00,5000.00,'active','2016-04-07 14:49:43'),(256,556,'8999909028234',1,12975.00,15000.00,15000.00,'active','2016-04-07 14:50:13'),(257,557,'8991002105485',1,833.00,1250.00,1250.00,'active','2016-04-07 14:51:17'),(257,558,'Pelayanan750',1,750.00,750.00,750.00,'active','2016-04-07 14:51:17'),(258,559,'8992696404441',1,7000.00,8000.00,8000.00,'active','2016-04-07 14:57:02'),(259,560,'8991906101101',1,14000.00,17000.00,17000.00,'active','2016-04-07 14:58:42'),(260,561,'8886008101053',1,1700.00,3000.00,3000.00,'active','2016-04-07 15:13:43'),(261,562,'8999909096004',1,16500.00,18000.00,18000.00,'active','2016-04-07 15:18:02'),(261,563,'8998989300391',1,10200.00,13000.00,13000.00,'active','2016-04-07 15:18:02'),(261,564,'8999999033217',1,12750.00,15000.00,15000.00,'active','2016-04-07 15:18:02'),(261,565,'8998009020179',1,5400.00,6500.00,6500.00,'active','2016-04-07 15:18:02'),(262,566,'76239878',1,17500.00,20000.00,20000.00,'active','2016-04-07 15:49:17'),(263,567,'8998989110167',1,15950.00,19000.00,19000.00,'active','2016-04-07 15:50:22'),(264,568,'8991002105485',1,833.00,1250.00,1250.00,'active','2016-04-07 17:04:29'),(264,569,'Pelayanan750',1,750.00,750.00,750.00,'active','2016-04-07 17:04:29'),(265,570,'8999909096004',20,16500.00,18000.00,360000.00,'active','2016-04-07 17:07:09'),(266,571,'8995078803078',1,11400.00,13000.00,13000.00,'active','2016-04-07 17:13:14'),(266,572,'8996006855145',1,4500.00,6000.00,6000.00,'active','2016-04-07 17:13:14'),(267,573,'8886008101053',1,1700.00,3000.00,3000.00,'active','2016-04-07 17:14:30'),(268,574,'8991002105485',1,833.00,1250.00,1250.00,'active','2016-04-07 17:15:28'),(268,575,'Pelayanan750',1,750.00,750.00,750.00,'active','2016-04-07 17:15:28'),(269,576,'8999909010567',1,15850.00,17000.00,17000.00,'active','2016-04-07 17:16:37'),(269,577,'8991002105485',1,833.00,1250.00,1250.00,'active','2016-04-07 17:16:37'),(269,578,'Pelayanan750',1,750.00,750.00,750.00,'active','2016-04-07 17:16:37'),(270,579,'8997035563414',1,5600.00,7000.00,7000.00,'active','2016-04-07 17:24:20'),(270,580,'8999909028234',1,12975.00,15000.00,15000.00,'active','2016-04-07 17:24:20'),(271,581,'8998989300391',1,10200.00,13000.00,13000.00,'active','2016-04-07 17:29:31'),(272,582,'8999909076006',1,15450.00,18000.00,18000.00,'active','2016-04-07 17:30:43'),(273,583,'76164217',1,17500.00,20000.00,20000.00,'active','2016-04-07 17:31:55'),(273,584,'8994171101289',1,900.00,1500.00,1500.00,'active','2016-04-07 17:31:55'),(273,585,'Pelayanan1500',1,1500.00,1500.00,1500.00,'active','2016-04-07 17:31:55'),(274,586,'76164217',1,17500.00,20000.00,20000.00,'active','2016-04-07 17:32:34'),(275,587,'8991002105485',1,833.00,1250.00,1250.00,'active','2016-04-07 17:33:32'),(275,588,'Pelayanan750',1,750.00,750.00,750.00,'active','2016-04-07 17:33:32'),(276,589,'8996006855145',2,4500.00,6000.00,12000.00,'active','2016-04-07 17:38:28'),(276,590,'8992752116233',1,2750.00,4000.00,4000.00,'active','2016-04-07 17:38:28'),(276,591,'Permen002',4,200.00,250.00,1000.00,'active','2016-04-07 17:38:28'),(276,592,'8997018460150',1,17500.00,20000.00,20000.00,'active','2016-04-07 17:38:28'),(276,593,'8992696404441',1,7000.00,8000.00,8000.00,'active','2016-04-07 17:38:28'),(276,594,'8998127514123',1,15750.00,18000.00,18000.00,'active','2016-04-07 17:38:28'),(276,595,'76164217',1,17500.00,20000.00,20000.00,'active','2016-04-07 17:38:28'),(276,596,'8992858527308',1,4000.00,5000.00,5000.00,'active','2016-04-07 17:38:28'),(276,597,'8996006142511',2,2125.00,4000.00,8000.00,'active','2016-04-07 17:38:28'),(276,598,'8999909096004',2,16500.00,18000.00,36000.00,'active','2016-04-07 17:38:28'),(276,599,'yalkul001',1,1500.00,2000.00,2000.00,'active','2016-04-07 17:38:28'),(277,600,'8998989100120',1,12300.00,15000.00,15000.00,'active','2016-04-07 17:47:47'),(277,601,'8991001111289',6,5500.00,6500.00,39000.00,'active','2016-04-07 17:47:47'),(277,602,'8991002105485',11,833.00,1250.00,13750.00,'active','2016-04-07 17:47:47'),(277,603,'Pelayanan750',11,750.00,750.00,8250.00,'active','2016-04-07 17:47:47'),(277,604,'9311931024036',1,1000.00,1500.00,1500.00,'active','2016-04-07 17:47:47'),(277,605,'Pelayanan1500',3,1500.00,1500.00,4500.00,'active','2016-04-07 17:47:47'),(277,606,'8994171101289',2,900.00,1500.00,3000.00,'active','2016-04-07 17:47:47'),(278,607,'8991906101019',1,12650.00,15000.00,15000.00,'active','2016-04-07 17:48:26'),(279,608,'8991002105485',3,833.00,1250.00,3750.00,'active','2016-04-07 17:49:48'),(279,609,'Pelayanan750',3,750.00,750.00,2250.00,'active','2016-04-07 17:49:48'),(280,610,'8991002105485',1,833.00,1250.00,1250.00,'active','2016-04-07 17:52:29'),(280,611,'Pelayanan750',1,750.00,750.00,750.00,'active','2016-04-07 17:52:29'),(281,612,'8998989300391',1,10200.00,13000.00,13000.00,'active','2016-04-07 17:53:48'),(282,613,'8991906101101',1,14000.00,17000.00,17000.00,'active','2016-04-08 10:52:38'),(282,614,'8996001440049',1,1060.00,1500.00,1500.00,'active','2016-04-08 10:52:38'),(282,615,'Pelayanan1500',1,1500.00,1500.00,1500.00,'active','2016-04-08 10:52:38'),(283,616,'8996001600146',1,2083.00,4000.00,4000.00,'active','2016-04-08 10:53:40'),(283,617,'Snack 005',4,165.00,250.00,1000.00,'active','2016-04-08 10:53:40'),(284,618,'8991906101019',1,12650.00,15000.00,15000.00,'active','2016-04-08 11:08:14'),(285,619,'8997009510055',1,4333.00,6000.00,6000.00,'active','2016-04-08 11:09:27'),(286,620,'8999909000162',1,11950.00,14000.00,14000.00,'active','2016-04-08 11:11:19'),(286,621,'8991002105485',1,833.00,1250.00,1250.00,'active','2016-04-08 11:11:19'),(286,622,'Pelayanan750',1,750.00,750.00,750.00,'active','2016-04-08 11:11:19'),(287,623,'8991906101019',1,12650.00,15000.00,15000.00,'active','2016-04-08 11:11:51'),(288,624,'8996001600146',1,2083.00,4000.00,4000.00,'active','2016-04-08 11:12:32'),(289,625,'8997009510055',1,4333.00,6000.00,6000.00,'active','2016-04-08 11:13:13'),(290,626,'8999909096004',1,16500.00,18000.00,18000.00,'active','2016-04-08 11:14:15'),(291,627,'8999909096004',1,16500.00,18000.00,18000.00,'active','2016-04-08 12:03:29'),(292,628,'8886008101053',1,1700.00,3000.00,3000.00,'active','2016-04-08 12:04:11'),(293,629,'8994171101289',1,900.00,1500.00,1500.00,'active','2016-04-08 12:04:48'),(293,630,'Pelayanan1500',1,1500.00,1500.00,1500.00,'active','2016-04-08 12:04:48'),(294,631,'8999999706180-',2,7500.00,9000.00,18000.00,'active','2016-04-08 12:08:29'),(294,632,'0089686010947',10,1987.00,2500.00,25000.00,'active','2016-04-08 12:08:29'),(294,633,'0089686010527',10,2100.00,2500.00,25000.00,'active','2016-04-08 12:08:29'),(294,634,'8992753100101',1,12400.00,13500.00,13500.00,'active','2016-04-08 12:08:29'),(294,635,'8992946121029',1,19900.00,22000.00,22000.00,'active','2016-04-08 12:08:29'),(294,636,'8992696430204',10,1250.00,1500.00,15000.00,'active','2016-04-08 12:08:29'),(294,637,'0711844120013',1,11000.00,13000.00,13000.00,'active','2016-04-08 12:08:29'),(295,638,'0089686010015',10,1850.00,2300.00,23000.00,'active','2016-04-08 12:40:25'),(295,639,'0089686010343',5,1850.00,2300.00,11500.00,'active','2016-04-08 12:40:25'),(295,640,'0749921005946',10,910.00,1500.00,15000.00,'active','2016-04-08 12:40:25'),(295,641,'8886008101053',2,1700.00,3000.00,6000.00,'active','2016-04-08 12:40:25'),(296,642,'8996001600146',2,2083.00,4000.00,8000.00,'active','2016-04-08 12:56:33'),(297,643,'8996001600146',2,2083.00,4000.00,8000.00,'active','2016-04-08 12:58:44'),(298,644,'8991002105485',1,833.00,1250.00,1250.00,'active','2016-04-08 13:00:54'),(298,645,'Pelayanan750',1,750.00,750.00,750.00,'active','2016-04-08 13:00:54'),(299,646,'8991002105485',1,833.00,1250.00,1250.00,'active','2016-04-08 13:14:49'),(299,647,'Pelayanan750',1,750.00,750.00,750.00,'active','2016-04-08 13:14:49'),(300,648,'8991002105485',10,833.00,1250.00,12500.00,'active','2016-04-08 14:02:07'),(300,649,'76164217',1,17500.00,20000.00,20000.00,'active','2016-04-08 14:02:07'),(301,650,'8997009510017',1,4333.00,6000.00,6000.00,'active','2016-04-08 14:04:26'),(301,651,'8886001038011',1,1300.00,2000.00,2000.00,'active','2016-04-08 14:04:26'),(302,652,'8991002105485',2,833.00,1250.00,2500.00,'active','2016-04-08 14:12:09'),(302,653,'Pelayanan750',2,750.00,750.00,1500.00,'active','2016-04-08 14:12:09'),(303,654,'8991002105485',1,833.00,1250.00,1250.00,'active','2016-04-08 14:13:56'),(303,655,'Pelayanan750',1,750.00,750.00,750.00,'active','2016-04-08 14:13:56'),(304,656,'8996006855145',1,4500.00,6000.00,6000.00,'active','2016-04-08 14:14:46'),(304,657,'/8886057883665',1,3500.00,4500.00,4500.00,'active','2016-04-08 14:14:46'),(305,658,'8991002105485',1,833.00,1250.00,1250.00,'active','2016-04-08 14:15:47'),(305,659,'Pelayanan750',1,750.00,750.00,750.00,'active','2016-04-08 14:15:47'),(306,660,'8991002105485',1,833.00,1250.00,1250.00,'active','2016-04-08 14:16:51'),(306,661,'Pelayanan750',1,750.00,750.00,750.00,'active','2016-04-08 14:16:51'),(307,662,'8991002105485',1,833.00,1250.00,1250.00,'active','2016-04-08 14:17:25'),(307,663,'Pelayanan750',1,750.00,750.00,750.00,'active','2016-04-08 14:17:25'),(308,664,'8991002105485',1,833.00,1250.00,1250.00,'active','2016-04-08 14:18:10'),(308,665,'Pelayanan750',1,750.00,750.00,750.00,'active','2016-04-08 14:18:10'),(308,666,'8992858527308',1,4000.00,5000.00,5000.00,'active','2016-04-08 14:18:10'),(309,667,'9311931201208',1,1350.00,1500.00,1500.00,'active','2016-04-08 14:19:52'),(309,668,'Pelayanan1500',1,1500.00,1500.00,1500.00,'active','2016-04-08 14:19:52'),(309,669,'8991002105485',1,833.00,1250.00,1250.00,'active','2016-04-08 14:19:52'),(309,670,'Pelayanan750',1,750.00,750.00,750.00,'active','2016-04-08 14:19:52'),(310,671,'8992858527308',1,4000.00,5000.00,5000.00,'active','2016-04-08 14:21:54'),(311,672,'8991002105485',2,833.00,1250.00,2500.00,'active','2016-04-08 14:23:31'),(311,673,'Pelayanan750',2,750.00,750.00,1500.00,'active','2016-04-08 14:23:31'),(312,674,'8998989300391',1,10200.00,13000.00,13000.00,'active','2016-04-08 14:24:02'),(312,675,'8992858527308',1,4000.00,5000.00,5000.00,'active','2016-04-08 14:24:02'),(313,676,'8991002105485',1,833.00,1250.00,1250.00,'active','2016-04-08 14:24:43'),(313,677,'Pelayanan750',1,750.00,750.00,750.00,'active','2016-04-08 14:24:43'),(314,678,'8992761166038',1,4790.00,6000.00,6000.00,'active','2016-04-08 14:25:15'),(314,679,'8886001038011',1,1300.00,2000.00,2000.00,'active','2016-04-08 14:25:15'),(315,680,'8996001600146',2,2083.00,4000.00,8000.00,'active','2016-04-08 14:26:20'),(315,681,'8998009010569',1,3250.00,4000.00,4000.00,'active','2016-04-08 14:26:20'),(316,682,'8999909028234',1,12975.00,15000.00,15000.00,'active','2016-04-08 14:26:59'),(316,683,'8994171101289',1,900.00,1500.00,1500.00,'active','2016-04-08 14:26:59'),(316,684,'Pelayanan1500',1,1500.00,1500.00,1500.00,'active','2016-04-08 14:26:59'),(317,685,'8991906105758',1,13700.00,15000.00,15000.00,'active','2016-04-08 14:27:57'),(318,686,'8995078803078',1,11400.00,13000.00,13000.00,'active','2016-04-08 14:28:51'),(318,687,'8991002105485',1,833.00,1250.00,1250.00,'active','2016-04-08 14:28:51'),(318,688,'Pelayanan750',1,750.00,750.00,750.00,'active','2016-04-08 14:28:51'),(319,689,'8992752116233',1,2750.00,4000.00,4000.00,'active','2016-04-08 14:30:29'),(319,690,'9311931024036',1,1000.00,1500.00,1500.00,'active','2016-04-08 14:30:29'),(319,691,'Pelayanan1500',1,1500.00,1500.00,1500.00,'active','2016-04-08 14:30:29'),(320,692,'76239878',1,17500.00,20000.00,20000.00,'active','2016-04-08 14:31:41'),(320,693,'8999909010567',1,15850.00,17000.00,17000.00,'active','2016-04-08 14:31:41'),(321,694,'8999909028234',1,12975.00,15000.00,15000.00,'active','2016-04-08 14:32:26'),(321,695,'8991002121010',1,4500.00,6000.00,6000.00,'active','2016-04-08 14:32:26'),(322,696,'8991002105485',1,833.00,1250.00,1250.00,'active','2016-04-08 14:32:58'),(322,697,'Pelayanan750',1,750.00,750.00,750.00,'active','2016-04-08 14:32:58'),(323,698,'76164217',1,17500.00,20000.00,20000.00,'active','2016-04-08 14:34:20'),(323,699,'8991002105485',1,833.00,1250.00,1250.00,'active','2016-04-08 14:34:20'),(323,700,'Pelayanan750',1,750.00,750.00,750.00,'active','2016-04-08 14:34:20'),(324,701,'8997009510055',1,4333.00,6000.00,6000.00,'active','2016-04-08 14:34:52'),(325,702,'8999909096004',1,16500.00,18000.00,18000.00,'active','2016-04-08 14:44:43'),(325,703,'8998009050053',1,3500.00,5000.00,5000.00,'active','2016-04-08 14:44:43'),(326,704,'8999909028234',1,12975.00,15000.00,15000.00,'active','2016-04-08 15:24:13'),(327,705,'8886008101053',1,1700.00,3000.00,3000.00,'active','2016-04-08 15:28:18'),(327,706,'8991002105485',1,833.00,1250.00,1250.00,'active','2016-04-08 15:28:18'),(327,707,'Pelayanan750',1,750.00,750.00,750.00,'active','2016-04-08 15:28:18'),(328,708,'8999999033170',1,12750.00,15000.00,15000.00,'active','2016-04-08 15:39:04'),(328,709,'8998866607315',1,14000.00,15000.00,15000.00,'active','2016-04-08 15:39:04'),(328,710,'8999999390198',1,11500.00,13000.00,13000.00,'active','2016-04-08 15:39:04'),(328,711,'8999999706180-',1,7500.00,9000.00,9000.00,'active','2016-04-08 15:39:04'),(329,712,'8992696420472',1,78000.00,83000.00,83000.00,'active','2016-04-08 16:04:21'),(330,713,'8991001111289',1,5500.00,6500.00,6500.00,'active','2016-04-08 16:13:58'),(330,714,'8992761166038',1,4790.00,6000.00,6000.00,'active','2016-04-08 16:13:58'),(330,715,'8998009010248',1,3500.00,5000.00,5000.00,'active','2016-04-08 16:13:58'),(331,716,'8992628020152',1,22000.00,23000.00,23000.00,'active','2016-04-08 17:40:17'),(331,717,'8999999407919',1,11500.00,12500.00,12500.00,'active','2016-04-08 17:40:17'),(331,718,'8991001111289',2,5500.00,6500.00,13000.00,'active','2016-04-08 17:40:17'),(331,719,'8999999706180-',1,7500.00,9000.00,9000.00,'active','2016-04-08 17:40:17'),(331,720,'8991102300421',1,9000.00,11000.00,11000.00,'active','2016-04-08 17:40:17'),(331,721,'8990057882716',1,133000.00,136000.00,136000.00,'active','2016-04-08 17:40:17'),(332,722,'8993189272141',1,55000.00,58000.00,58000.00,'active','2016-04-08 18:01:46'),(332,723,'4800361347655',1,84000.00,88000.00,88000.00,'active','2016-04-08 18:01:46'),(333,724,'8999999390198',4,11500.00,13000.00,52000.00,'active','2016-04-08 18:05:34'),(333,725,'8999999406929',1,8750.00,10000.00,10000.00,'active','2016-04-08 18:05:34'),(334,726,'8992696405257',1,69000.00,73000.00,73000.00,'active','2016-04-08 18:10:44'),(334,727,'8993560025106',1,4700.00,6000.00,6000.00,'active','2016-04-08 18:10:44'),(334,728,'8993560024987',1,4700.00,6000.00,6000.00,'active','2016-04-08 18:10:44'),(334,729,'4902430400947',1,21000.00,22000.00,22000.00,'active','2016-04-08 18:10:44'),(335,730,'8992696427006',1,81000.00,85000.00,85000.00,'active','2016-04-08 18:12:15'),(336,731,'9311931201208',1,1350.00,1500.00,1500.00,'active','2016-04-09 10:51:45'),(336,732,'8991002103764',1,1300.00,2000.00,2000.00,'active','2016-04-09 10:51:45'),(337,733,'8999999045869',1,2250.00,3000.00,3000.00,'active','2016-04-09 10:53:33'),(337,734,'8999999036638',1,2500.00,3000.00,3000.00,'active','2016-04-09 10:53:33'),(338,735,'8999909096004',1,16500.00,18000.00,18000.00,'active','2016-04-09 10:55:40'),(339,736,'8999909001909',1,12200.00,14000.00,14000.00,'active','2016-04-09 10:57:37'),(339,737,'8991002105485',1,833.00,1250.00,1250.00,'active','2016-04-09 10:57:37'),(339,738,'Pelayanan750',1,750.00,750.00,750.00,'active','2016-04-09 10:57:37'),(340,739,'Snack 2000',1,1500.00,2000.00,2000.00,'active','2016-04-09 10:58:50'),(341,740,'8992858527308',1,4000.00,5000.00,5000.00,'active','2016-04-09 10:59:26'),(342,741,'8997009510055',1,4333.00,6000.00,6000.00,'active','2016-04-09 10:59:56'),(343,742,'9311931024036',1,1000.00,1500.00,1500.00,'active','2016-04-09 11:02:15'),(343,743,'Pelayanan1500',1,1500.00,1500.00,1500.00,'active','2016-04-09 11:02:15'),(343,744,'8999909096004',1,16500.00,18000.00,18000.00,'active','2016-04-09 11:02:15'),(344,745,'8999909096004',1,16500.00,18000.00,18000.00,'active','2016-04-09 11:03:24'),(344,746,'8991002105485',2,833.00,1250.00,2500.00,'active','2016-04-09 11:03:24'),(344,747,'Pelayanan750',2,750.00,750.00,1500.00,'active','2016-04-09 11:03:24'),(345,748,'8991002105485',1,833.00,1250.00,1250.00,'active','2016-04-09 11:04:44'),(345,749,'Pelayanan750',1,750.00,750.00,750.00,'active','2016-04-09 11:04:44'),(346,750,'8991002105485',1,833.00,1250.00,1250.00,'active','2016-04-09 11:06:33'),(346,751,'Pelayanan750',1,750.00,750.00,750.00,'active','2016-04-09 11:06:33'),(347,752,'8999909096004',1,16500.00,18000.00,18000.00,'active','2016-04-09 11:07:12'),(348,753,'Snack 3500',1,3000.00,3500.00,3500.00,'active','2016-04-09 11:08:08'),(349,754,'8996001600146',1,2083.00,4000.00,4000.00,'active','2016-04-09 11:08:37'),(350,755,'8996001600146',1,2083.00,4000.00,4000.00,'active','2016-04-09 11:09:35'),(350,756,'8991002105485',1,833.00,1250.00,1250.00,'active','2016-04-09 11:09:35'),(350,757,'Pelayanan750',1,750.00,750.00,750.00,'active','2016-04-09 11:09:35'),(351,758,'8886008101053',1,1700.00,3000.00,3000.00,'active','2016-04-09 11:10:03'),(352,759,'8991906105758',1,14300.00,16000.00,16000.00,'active','2016-04-09 11:11:07'),(352,760,'8992858527308',1,4000.00,5000.00,5000.00,'active','2016-04-09 11:11:07'),(353,761,'8996001600146',1,2083.00,4000.00,4000.00,'active','2016-04-09 11:11:45'),(354,762,'Snack 3500',1,3000.00,3500.00,3500.00,'active','2016-04-09 11:12:14'),(355,763,'8998009050053',1,3500.00,5000.00,5000.00,'active','2016-04-09 11:13:11'),(355,764,'8886001038011',1,1300.00,2000.00,2000.00,'active','2016-04-09 11:13:11'),(356,765,'8991002105485',1,833.00,1250.00,1250.00,'active','2016-04-09 11:13:56'),(356,766,'Pelayanan750',1,750.00,750.00,750.00,'active','2016-04-09 11:13:56'),(356,767,'8999909028234',1,12975.00,15000.00,15000.00,'active','2016-04-09 11:13:56'),(357,768,'8999099920738',1,67000.00,70000.00,70000.00,'active','2016-04-09 11:14:43'),(357,769,'8998989100120',1,12300.00,15000.00,15000.00,'active','2016-04-09 11:14:43'),(358,770,'8991002105485',2,833.00,1250.00,2500.00,'active','2016-04-09 11:15:50'),(358,771,'Pelayanan750',2,750.00,750.00,1500.00,'active','2016-04-09 11:15:50'),(359,772,'8998989100120',1,12300.00,15000.00,15000.00,'active','2016-04-09 11:16:42'),(359,773,'8991002105485',1,833.00,1250.00,1250.00,'active','2016-04-09 11:16:42'),(359,774,'Pelayanan750',1,750.00,750.00,750.00,'active','2016-04-09 11:16:42'),(360,775,'76239878',1,17500.00,20000.00,20000.00,'active','2016-04-09 11:17:53'),(360,776,'8991002105485',1,833.00,1250.00,1250.00,'active','2016-04-09 11:17:53'),(360,777,'Pelayanan750',1,750.00,750.00,750.00,'active','2016-04-09 11:17:53'),(361,778,'8991906101019',1,13500.00,15000.00,15000.00,'active','2016-04-09 11:19:14'),(362,779,'8998989121163',1,13700.00,15000.00,15000.00,'active','2016-04-09 11:19:48'),(363,780,'8992628020152',1,22000.00,23000.00,23000.00,'active','2016-04-09 11:21:53'),(364,781,'76239878',1,17500.00,20000.00,20000.00,'active','2016-04-09 11:22:29'),(365,782,'8992858527308',1,4000.00,5000.00,5000.00,'active','2016-04-09 11:23:17'),(366,783,'8995078803078',1,11400.00,13000.00,13000.00,'active','2016-04-09 11:23:45'),(367,784,'8991002101630',1,900.00,1500.00,1500.00,'active','2016-04-09 11:24:20'),(367,785,'Pelayanan1500',1,1500.00,1500.00,1500.00,'active','2016-04-09 11:24:20'),(368,786,'8991002105485',1,833.00,1250.00,1250.00,'active','2016-04-09 11:24:52'),(369,787,'8991002105485',2,833.00,1250.00,2500.00,'active','2016-04-09 11:25:37'),(369,788,'Pelayanan750',2,750.00,750.00,1500.00,'active','2016-04-09 11:25:37'),(370,789,'8991002105485',1,833.00,1250.00,1250.00,'active','2016-04-09 11:26:10'),(370,790,'Pelayanan750',1,750.00,750.00,750.00,'active','2016-04-09 11:26:10'),(371,791,'8991002105485',1,833.00,1250.00,1250.00,'active','2016-04-09 11:26:50'),(371,792,'Pelayanan750',1,750.00,750.00,750.00,'active','2016-04-09 11:26:50'),(372,793,'Snack 3500',1,3000.00,3500.00,3500.00,'active','2016-04-09 11:27:33'),(372,794,'yalkul001',1,1500.00,2000.00,2000.00,'active','2016-04-09 11:27:33'),(373,795,'yalkul001',2,1500.00,2000.00,4000.00,'active','2016-04-09 11:28:34'),(374,796,'Snack 3000',4,2500.00,3000.00,12000.00,'active','2016-04-09 11:31:16'),(375,797,'Snack 3500',6,3000.00,3500.00,21000.00,'active','2016-04-09 11:34:05'),(376,798,'8991002103238',10,930.00,1500.00,15000.00,'active','2016-04-09 11:36:32'),(377,799,'8858891302152',2,3500.00,5000.00,10000.00,'active','2016-04-09 11:41:11'),(377,800,'8992858527308',1,4000.00,5000.00,5000.00,'active','2016-04-09 11:41:11'),(378,801,'Snack 3000',2,2500.00,3000.00,6000.00,'active','2016-04-09 11:42:06'),(379,802,'8997009510055',1,4333.00,6000.00,6000.00,'active','2016-04-09 11:44:56'),(380,803,'8991906105758',1,14300.00,16000.00,16000.00,'active','2016-04-09 12:15:47'),(381,804,'8991906105758',1,14300.00,16000.00,16000.00,'active','2016-04-09 12:21:00'),(382,805,'8999909096004',1,16500.00,18000.00,18000.00,'active','2016-04-09 13:13:05'),(382,806,'8993058000684',12,791.00,1000.00,12000.00,'active','2016-04-09 13:13:05'),(382,807,'8996001600146',4,2083.00,4000.00,16000.00,'active','2016-04-09 13:13:05'),(382,808,'76239878',1,17500.00,20000.00,20000.00,'active','2016-04-09 13:13:05'),(382,809,'8999909000377',1,17100.00,19000.00,19000.00,'active','2016-04-09 13:13:05'),(382,810,'8886008101053',2,1700.00,3000.00,6000.00,'active','2016-04-09 13:13:05'),(382,811,'8992752116233',1,2750.00,4000.00,4000.00,'active','2016-04-09 13:13:05'),(382,812,'8992761166038',1,4790.00,6000.00,6000.00,'active','2016-04-09 13:13:05'),(382,813,'8993189270321',1,2750.00,3000.00,3000.00,'active','2016-04-09 13:13:05'),(382,814,'Tisue 001',1,1500.00,2000.00,2000.00,'active','2016-04-09 13:13:05'),(382,815,'Permen002',8,200.00,250.00,2000.00,'active','2016-04-09 13:13:05'),(382,816,'8996006855145',1,4500.00,6000.00,6000.00,'active','2016-04-09 13:13:05'),(382,817,'8996001600221',1,5000.00,6000.00,6000.00,'active','2016-04-09 13:13:05'),(382,818,'8998989121163',1,13700.00,15000.00,15000.00,'active','2016-04-09 13:13:05'),(382,819,'8992858527308',1,4000.00,5000.00,5000.00,'active','2016-04-09 13:13:05'),(382,820,'8991002105485',9,833.00,1250.00,11250.00,'active','2016-04-09 13:13:05'),(382,821,'Pelayanan750',9,750.00,750.00,6750.00,'active','2016-04-09 13:13:05'),(382,822,'8991002105676',2,1000.00,1500.00,3000.00,'active','2016-04-09 13:13:05'),(382,823,'Pelayanan1500',5,1500.00,1500.00,7500.00,'active','2016-04-09 13:13:05'),(382,824,'8992933453119',1,800.00,1500.00,1500.00,'active','2016-04-09 13:13:05'),(382,825,'8994171101289',2,900.00,1500.00,3000.00,'active','2016-04-09 13:13:05'),(382,826,'Snack 2000',10,1500.00,2000.00,20000.00,'active','2016-04-09 13:13:05'),(382,827,'Snack 3500',4,3000.00,3500.00,14000.00,'active','2016-04-09 13:13:05'),(383,828,'Snack 2000',1,1500.00,2000.00,2000.00,'active','2016-04-09 13:16:56'),(384,829,'Snack 3500',1,3000.00,3500.00,3500.00,'active','2016-04-09 13:18:23'),(385,830,'8991906101101',1,14000.00,17000.00,17000.00,'active','2016-04-09 13:20:46'),(386,831,'8991002121010',1,4500.00,6000.00,6000.00,'active','2016-04-09 13:22:08'),(387,832,'8995078803078',1,11400.00,13000.00,13000.00,'active','2016-04-09 13:22:41'),(388,833,'76239878',1,17500.00,20000.00,20000.00,'active','2016-04-09 13:28:53'),(388,834,'yalkul001',1,1500.00,2000.00,2000.00,'active','2016-04-09 13:28:53'),(389,835,'8998989100120',1,12300.00,15000.00,15000.00,'active','2016-04-09 13:29:43'),(390,836,'8991911101011',1,11800.00,13000.00,13000.00,'active','2016-04-09 13:49:31'),(391,837,'8991002105485',1,833.00,1250.00,1250.00,'active','2016-04-09 13:50:33'),(391,838,'Pelayanan750',1,750.00,750.00,750.00,'active','2016-04-09 13:50:33'),(392,839,'8999999029357',1,16500.00,18500.00,18500.00,'active','2016-04-09 13:51:40'),(392,840,'8999999719418',1,24500.00,30000.00,30000.00,'active','2016-04-09 13:51:40'),(393,841,'8991002105485',2,833.00,1250.00,2500.00,'active','2016-04-09 13:55:34'),(393,842,'Pelayanan750',2,750.00,750.00,1500.00,'active','2016-04-09 13:55:34'),(394,843,'8999909076006',1,15450.00,18000.00,18000.00,'active','2016-04-09 13:59:51'),(394,844,'9311931024036',1,1000.00,1500.00,1500.00,'active','2016-04-09 13:59:51'),(394,845,'Pelayanan1500',1,1500.00,1500.00,1500.00,'active','2016-04-09 13:59:51'),(395,846,'8991002105485',1,833.00,1250.00,1250.00,'active','2016-04-09 14:00:31'),(395,847,'Pelayanan750',1,750.00,750.00,750.00,'active','2016-04-09 14:00:31'),(396,848,'8992761147020',1,3750.00,5000.00,5000.00,'active','2016-04-09 14:00:59'),(397,849,'8999909001909',1,12200.00,14000.00,14000.00,'active','2016-04-09 14:03:20'),(397,850,'8991002105485',1,833.00,1250.00,1250.00,'active','2016-04-09 14:03:20'),(397,851,'Pelayanan750',1,750.00,750.00,750.00,'active','2016-04-09 14:03:20'),(398,852,'8996001600146',1,2083.00,4000.00,4000.00,'active','2016-04-09 14:03:58'),(398,853,'8991002105485',2,833.00,1250.00,2500.00,'active','2016-04-09 14:03:58'),(399,854,'8999909028234',1,12975.00,15000.00,15000.00,'active','2016-04-09 14:04:40'),(400,855,'8991002105485',1,833.00,1250.00,1250.00,'active','2016-04-09 14:05:19'),(400,856,'Pelayanan750',1,750.00,750.00,750.00,'active','2016-04-09 14:05:19'),(401,857,'8991906101019',1,13500.00,15000.00,15000.00,'active','2016-04-09 14:05:54'),(402,858,'8999909028234',1,12975.00,15000.00,15000.00,'active','2016-04-09 14:06:23'),(403,859,'76164217',1,17500.00,20000.00,20000.00,'active','2016-04-09 14:07:45'),(403,860,'9311931024036',1,1000.00,1500.00,1500.00,'active','2016-04-09 14:07:45'),(403,861,'Pelayanan1500',1,1500.00,1500.00,1500.00,'active','2016-04-09 14:07:45'),(404,862,'8991002105485',1,833.00,1250.00,1250.00,'active','2016-04-09 14:08:31'),(404,863,'Pelayanan750',1,750.00,750.00,750.00,'active','2016-04-09 14:08:31'),(405,864,'76239878',1,17500.00,20000.00,20000.00,'active','2016-04-09 14:09:33'),(405,865,'8991002105485',1,833.00,1250.00,1250.00,'active','2016-04-09 14:09:33'),(405,866,'Pelayanan750',1,750.00,750.00,750.00,'active','2016-04-09 14:09:33'),(406,867,'8995078803078',1,11400.00,13000.00,13000.00,'active','2016-04-09 14:10:54'),(406,868,'8999909076006',1,15450.00,18000.00,18000.00,'active','2016-04-09 14:10:54'),(406,869,'8991002105485',1,833.00,1250.00,1250.00,'active','2016-04-09 14:10:54'),(406,870,'Pelayanan750',1,750.00,750.00,750.00,'active','2016-04-09 14:10:54'),(407,871,'76239878',1,17500.00,20000.00,20000.00,'active','2016-04-09 14:11:36'),(408,872,'8999909096004',2,16500.00,18000.00,36000.00,'active','2016-04-09 14:13:00'),(409,873,'8992933453119',1,800.00,1500.00,1500.00,'active','2016-04-09 14:17:28'),(409,874,'8991002101630',1,900.00,1500.00,1500.00,'active','2016-04-09 14:17:28'),(409,875,'9311931201208',1,1350.00,1500.00,1500.00,'active','2016-04-09 14:17:28'),(409,876,'8991002105485',2,833.00,1250.00,2500.00,'active','2016-04-09 14:17:28'),(409,877,'Pelayanan750',2,750.00,750.00,1500.00,'active','2016-04-09 14:17:28'),(409,878,'Pelayanan1500',3,1500.00,1500.00,4500.00,'active','2016-04-09 14:17:28'),(410,879,'8992858527308',1,4000.00,5000.00,5000.00,'active','2016-04-09 14:19:50'),(411,880,'8991002105485',1,833.00,1250.00,1250.00,'active','2016-04-09 14:21:20'),(411,881,'Pelayanan750',1,750.00,750.00,750.00,'active','2016-04-09 14:21:20'),(411,882,'8996001600146',1,2083.00,4000.00,4000.00,'active','2016-04-09 14:21:20'),(412,883,'8998989300391',1,10200.00,13000.00,13000.00,'active','2016-04-09 14:22:51'),(412,884,'Pelayanan750',1,750.00,750.00,750.00,'active','2016-04-09 14:22:51'),(412,885,'8991002105485',1,833.00,1250.00,1250.00,'active','2016-04-09 14:22:51'),(413,886,'8996001600221',1,5000.00,6000.00,6000.00,'active','2016-04-09 14:29:37'),(413,887,'8858891302114',1,3500.00,5000.00,5000.00,'active','2016-04-09 14:29:37'),(414,888,'8991002105485',1,833.00,1250.00,1250.00,'active','2016-04-09 14:30:23'),(414,889,'Pelayanan750',1,750.00,750.00,750.00,'active','2016-04-09 14:30:23'),(415,890,'yalkul001',5,1500.00,2000.00,10000.00,'active','2016-04-09 14:31:22'),(416,891,'8999909096004',2,16500.00,18000.00,36000.00,'active','2016-04-09 14:31:56'),(417,892,'8991002105485',1,833.00,1250.00,1250.00,'active','2016-04-09 14:32:49'),(417,893,'Pelayanan750',1,750.00,750.00,750.00,'active','2016-04-09 14:32:49'),(418,894,'8991002105485',1,833.00,1250.00,1250.00,'active','2016-04-09 14:33:49'),(418,895,'Pelayanan750',1,750.00,750.00,750.00,'active','2016-04-09 14:33:49'),(419,896,'8997035563414',1,5600.00,7000.00,7000.00,'active','2016-04-09 14:37:22'),(419,897,'8999909001909',1,12200.00,14000.00,14000.00,'active','2016-04-09 14:37:22'),(419,898,'8991906101101',1,14000.00,17000.00,17000.00,'active','2016-04-09 14:37:22'),(419,899,'8996001600146',1,2083.00,4000.00,4000.00,'active','2016-04-09 14:37:22'),(419,900,'8992761166038',2,4790.00,6000.00,12000.00,'active','2016-04-09 14:37:22'),(419,901,'8991002103764',1,1300.00,2000.00,2000.00,'active','2016-04-09 14:37:22'),(419,902,'Pelayanan1000',1,0.00,1000.00,1000.00,'active','2016-04-09 14:37:22'),(419,903,'8991002105485',3,833.00,1250.00,3750.00,'active','2016-04-09 14:37:22'),(419,904,'Pelayanan750',3,750.00,750.00,2250.00,'active','2016-04-09 14:37:22'),(420,905,'8992802009027',1,254000.00,258000.00,258000.00,'active','2016-04-09 14:39:31'),(420,906,'8999909096004',1,16500.00,18000.00,18000.00,'active','2016-04-09 14:39:31'),(421,907,'8998989300391',2,10200.00,13000.00,26000.00,'active','2016-04-09 14:54:35'),(421,908,'8991002105485',1,833.00,1250.00,1250.00,'active','2016-04-09 14:54:35'),(421,909,'Pelayanan750',1,750.00,750.00,750.00,'active','2016-04-09 14:54:35'),(422,910,'8994171101289',1,900.00,1500.00,1500.00,'active','2016-04-09 14:56:23'),(422,911,'Pelayanan1500',1,1500.00,1500.00,1500.00,'active','2016-04-09 14:56:23'),(423,912,'8991002105485',2,833.00,1250.00,2500.00,'active','2016-04-09 15:09:48'),(423,913,'Pelayanan750',2,750.00,750.00,1500.00,'active','2016-04-09 15:09:48'),(424,914,'8999909028234',2,12975.00,15000.00,30000.00,'active','2016-04-09 15:10:36'),(425,915,'8991002101630',1,900.00,1500.00,1500.00,'active','2016-04-09 15:19:20'),(425,916,'Pelayanan1500',1,1500.00,1500.00,1500.00,'active','2016-04-09 15:19:20'),(426,917,'8991906105758',1,14300.00,16000.00,16000.00,'active','2016-04-09 15:31:16'),(426,918,'8994171101289',1,900.00,1500.00,1500.00,'active','2016-04-09 15:31:16'),(426,919,'Pelayanan1500',1,1500.00,1500.00,1500.00,'active','2016-04-09 15:31:16'),(427,920,'8999909096004',1,16500.00,18000.00,18000.00,'active','2016-04-09 15:35:23'),(428,921,'8999909096004',1,16500.00,18000.00,18000.00,'active','2016-04-09 16:03:11'),(429,922,'8996001600146',1,2083.00,4000.00,4000.00,'active','2016-04-09 16:05:58'),(429,923,'8991002105485',1,833.00,1250.00,1250.00,'active','2016-04-09 16:05:58'),(429,924,'Pelayanan750',1,750.00,750.00,750.00,'active','2016-04-09 16:05:58'),(429,925,'8997032711023',2,1600.00,2500.00,5000.00,'active','2016-04-09 16:05:58'),(430,926,'8991906101071',1,14000.00,17000.00,17000.00,'active','2016-04-09 16:10:45'),(430,927,'8992858527308',1,4000.00,5000.00,5000.00,'active','2016-04-09 16:10:45'),(431,928,'8991002105485',2,833.00,1250.00,2500.00,'active','2016-04-09 16:52:06'),(431,929,'Pelayanan750',2,750.00,750.00,1500.00,'active','2016-04-09 16:52:06'),(431,930,'9311931024036',1,1000.00,1500.00,1500.00,'active','2016-04-09 16:52:06'),(431,931,'Pelayanan1500',2,1500.00,1500.00,3000.00,'active','2016-04-09 16:52:06'),(431,932,'8994171101289',1,900.00,1500.00,1500.00,'active','2016-04-09 16:52:06'),(432,933,'8995078803078',1,11400.00,13000.00,13000.00,'active','2016-04-09 16:52:47'),(433,934,'8991906101019',10,13500.00,15000.00,150000.00,'active','2016-04-09 16:53:34'),(434,935,'8991991161332',1,21000.00,23000.00,23000.00,'active','2016-04-11 10:48:07'),(434,936,'Tisue 002',1,7000.00,10000.00,10000.00,'active','2016-04-11 10:48:07'),(435,937,'8992696420472',1,78000.00,83000.00,83000.00,'active','2016-04-11 11:13:48'),(435,938,'8992946121029',1,19900.00,22000.00,22000.00,'active','2016-04-11 11:13:48'),(435,939,'GULA0001',1,13000.00,14000.00,14000.00,'active','2016-04-11 11:13:48'),(435,940,'8992222052993',1,6000.00,7000.00,7000.00,'active','2016-04-11 11:13:48'),(435,941,'8999999036638',1,2500.00,3000.00,3000.00,'active','2016-04-11 11:13:48'),(435,942,'8999999045869',1,2250.00,3000.00,3000.00,'active','2016-04-11 11:13:48'),(435,943,'8999999045876',1,2500.00,3000.00,3000.00,'active','2016-04-11 11:13:48'),(435,944,'8999999036607',1,2500.00,3000.00,3000.00,'active','2016-04-11 11:13:48'),(435,945,'8996001440124',5,1060.00,1500.00,7500.00,'active','2016-04-11 11:13:48'),(435,946,'8996001440087',5,1060.00,1500.00,7500.00,'active','2016-04-11 11:13:48'),(435,947,'8999999706180-',1,7500.00,9000.00,9000.00,'active','2016-04-11 11:13:48'),(435,948,'8992727005289',1,14500.00,16000.00,16000.00,'active','2016-04-11 11:13:48'),(435,949,'9311931201208',2,1350.00,1500.00,3000.00,'active','2016-04-11 11:13:48'),(436,950,'8992752116233',2,2750.00,4000.00,8000.00,'active','2016-04-11 11:33:44'),(436,951,'8992858527308',2,4000.00,5000.00,10000.00,'active','2016-04-11 11:33:44'),(437,952,'yalkul001',1,1500.00,2000.00,2000.00,'active','2016-04-11 11:34:36'),(437,953,'8991002105485',1,833.00,1250.00,1250.00,'active','2016-04-11 11:34:36'),(437,954,'Pelayanan750',1,750.00,750.00,750.00,'active','2016-04-11 11:34:36'),(438,955,'8998989100120',1,12300.00,15000.00,15000.00,'active','2016-04-11 11:47:36'),(439,956,'Tisue 002',1,7000.00,10000.00,10000.00,'active','2016-04-11 11:48:12'),(440,957,'76239878',2,17500.00,20000.00,40000.00,'active','2016-04-11 11:49:45'),(440,958,'8991002105485',1,833.00,1250.00,1250.00,'active','2016-04-11 11:49:45'),(440,959,'Pelayanan750',1,750.00,750.00,750.00,'active','2016-04-11 11:49:45'),(441,960,'9311931024036',1,1000.00,1500.00,1500.00,'active','2016-04-11 11:59:59'),(441,961,'Pelayanan1500',1,1500.00,1500.00,1500.00,'active','2016-04-11 11:59:59'),(441,962,'8999909096004',1,16500.00,18000.00,18000.00,'active','2016-04-11 11:59:59'),(442,963,'8995078803078',1,11400.00,13000.00,13000.00,'active','2016-04-11 12:10:11'),(442,964,'8991002105485',1,833.00,1250.00,1250.00,'active','2016-04-11 12:10:11'),(442,965,'Pelayanan750',1,750.00,750.00,750.00,'active','2016-04-11 12:10:11'),(443,966,'8991002105485',1,833.00,1250.00,1250.00,'active','2016-04-11 12:10:59'),(443,967,'Pelayanan750',1,750.00,750.00,750.00,'active','2016-04-11 12:10:59'),(444,968,'8991002105485',1,833.00,1250.00,1250.00,'active','2016-04-11 12:11:50'),(444,969,'Pelayanan750',1,750.00,750.00,750.00,'active','2016-04-11 12:11:50'),(444,970,'8999909076006',1,15450.00,18000.00,18000.00,'active','2016-04-11 12:11:50'),(445,971,'8995078803078',1,11400.00,13000.00,13000.00,'active','2016-04-11 12:26:30'),(446,972,'8991001111289',1,5500.00,6500.00,6500.00,'active','2016-04-11 12:29:03'),(446,973,'8992858527308',1,4000.00,5000.00,5000.00,'active','2016-04-11 12:29:03'),(447,974,'8992752116233',1,2750.00,4000.00,4000.00,'active','2016-04-11 12:29:58'),(448,975,'8858891302152',1,3500.00,5000.00,5000.00,'active','2016-04-11 12:30:29'),(449,976,'8999909096004',2,16500.00,18000.00,36000.00,'active','2016-04-11 12:30:56'),(450,977,'8999909010567',1,15850.00,17000.00,17000.00,'active','2016-04-11 12:31:29'),(451,978,'8998989300391',1,10200.00,13000.00,13000.00,'active','2016-04-11 12:32:19'),(452,979,'8999909028234',1,12975.00,15000.00,15000.00,'active','2016-04-11 12:32:59'),(452,980,'8886008101053',1,1700.00,3000.00,3000.00,'active','2016-04-11 12:32:59'),(453,981,'8999909096004',1,16500.00,18000.00,18000.00,'active','2016-04-11 12:33:38'),(453,982,'8991002105485',1,833.00,1250.00,1250.00,'active','2016-04-11 12:33:38'),(453,983,'Pelayanan750',1,750.00,750.00,750.00,'active','2016-04-11 12:33:38'),(454,984,'8999909028234',1,12975.00,15000.00,15000.00,'active','2016-04-11 12:35:15'),(454,985,'8991002105485',1,833.00,1250.00,1250.00,'active','2016-04-11 12:35:15'),(454,986,'Pelayanan750',1,750.00,750.00,750.00,'active','2016-04-11 12:35:15'),(455,987,'8991002105485',1,833.00,1250.00,1250.00,'active','2016-04-11 12:35:53'),(455,988,'Pelayanan750',1,750.00,750.00,750.00,'active','2016-04-11 12:35:53'),(456,989,'8991002105485',1,833.00,1250.00,1250.00,'active','2016-04-11 12:36:38'),(456,990,'Pelayanan750',1,750.00,750.00,750.00,'active','2016-04-11 12:36:38'),(457,991,'8991906105758',1,14300.00,16000.00,16000.00,'active','2016-04-11 12:37:22'),(458,992,'8999909096004',1,16500.00,18000.00,18000.00,'active','2016-04-11 12:38:15'),(458,993,'8991002105485',2,833.00,1250.00,2500.00,'active','2016-04-11 12:38:15'),(458,994,'Pelayanan750',2,750.00,750.00,1500.00,'active','2016-04-11 12:38:15'),(459,995,'8999999045876',3,2500.00,3000.00,9000.00,'active','2016-04-11 12:40:22'),(459,996,'8999999706180-',1,7500.00,9000.00,9000.00,'active','2016-04-11 12:40:22'),(459,997,'/8886057883665',1,3500.00,4500.00,4500.00,'active','2016-04-11 12:40:22'),(459,998,'8886001038011',4,1300.00,2000.00,8000.00,'active','2016-04-11 12:40:22'),(459,999,'8991102020152',3,4500.00,5000.00,15000.00,'active','2016-04-11 12:40:22'),(460,1000,'8994171101289',10,900.00,1500.00,15000.00,'active','2016-04-11 12:41:29'),(461,1001,'8992753100101',1,12400.00,13500.00,13500.00,'active','2016-04-11 13:28:55'),(461,1002,'8991002105423',1,10250.00,12000.00,12000.00,'active','2016-04-11 13:28:55'),(461,1003,'8996001414002',2,2500.00,3000.00,6000.00,'active','2016-04-11 13:28:55'),(461,1004,'9311931024036',1,1000.00,1500.00,1500.00,'active','2016-04-11 13:28:55'),(462,1005,'8991002105485',1,833.00,1250.00,1250.00,'active','2016-04-11 13:48:17'),(462,1006,'Pelayanan750',1,750.00,750.00,750.00,'active','2016-04-11 13:48:17'),(463,1007,'8992753100101',10,12400.00,13500.00,135000.00,'active','2016-04-11 14:25:13'),(463,1008,'8992753102204',5,8500.00,9000.00,45000.00,'active','2016-04-11 14:25:13'),(463,1009,'8993176110067',1,28000.00,30000.00,30000.00,'active','2016-04-11 14:25:13'),(463,1010,'8993560025007',5,4700.00,6000.00,30000.00,'active','2016-04-11 14:25:13'),(463,1011,'8999999710866',1,14000.00,15000.00,15000.00,'active','2016-04-11 14:25:13'),(464,1012,'8992858527308',1,4000.00,5000.00,5000.00,'active','2016-04-11 14:39:27'),(465,1013,'8991002105485',2,833.00,1250.00,2500.00,'active','2016-04-11 14:42:48'),(465,1014,'Pelayanan750',2,750.00,750.00,1500.00,'active','2016-04-11 14:42:48'),(466,1015,'76239878',1,17500.00,20000.00,20000.00,'active','2016-04-11 14:47:01'),(466,1016,'8991002105485',1,833.00,1250.00,1250.00,'active','2016-04-11 14:47:01'),(466,1017,'Pelayanan750',1,750.00,750.00,750.00,'active','2016-04-11 14:47:01'),(467,1018,'76164217',1,17500.00,20000.00,20000.00,'active','2016-04-11 14:50:07'),(468,1019,'76164217',1,17500.00,20000.00,20000.00,'active','2016-04-11 14:52:10'),(469,1020,'76164217',1,17500.00,20000.00,20000.00,'active','2016-04-11 14:53:09'),(469,1021,'8991002105485',1,833.00,1250.00,1250.00,'active','2016-04-11 14:53:09'),(469,1022,'Pelayanan750',1,750.00,750.00,750.00,'active','2016-04-11 14:53:09'),(470,1023,'8991002105485',2,833.00,1250.00,2500.00,'active','2016-04-11 14:53:48'),(471,1024,'8991002105485',1,833.00,1250.00,1250.00,'active','2016-04-11 14:54:37'),(471,1025,'Pelayanan750',1,750.00,750.00,750.00,'active','2016-04-11 14:54:37'),(472,1026,'76164217',1,17500.00,20000.00,20000.00,'active','2016-04-11 14:55:27'),(472,1027,'8991002105485',1,833.00,1250.00,1250.00,'active','2016-04-11 14:55:27'),(472,1028,'Pelayanan750',1,750.00,750.00,750.00,'active','2016-04-11 14:55:27'),(473,1029,'8992858527308',1,4000.00,5000.00,5000.00,'active','2016-04-11 14:59:20'),(474,1030,'8994171101289',2,900.00,1500.00,3000.00,'active','2016-04-11 15:01:03'),(474,1031,'Pelayanan1500',2,1500.00,1500.00,3000.00,'active','2016-04-11 15:01:03'),(475,1032,'8999909096004',2,16500.00,18000.00,36000.00,'active','2016-04-11 15:01:37'),(476,1033,'8999909028234',1,12975.00,15000.00,15000.00,'active','2016-04-11 15:02:22'),(476,1034,'8998009050053',1,3500.00,5000.00,5000.00,'active','2016-04-11 15:02:22'),(477,1035,'8991906101019',1,13500.00,15000.00,15000.00,'active','2016-04-11 15:03:53'),(478,1036,'8995078803078',1,11400.00,13000.00,13000.00,'active','2016-04-11 15:04:25'),(479,1037,'8991906105758',1,14300.00,16000.00,16000.00,'active','2016-04-11 15:05:10'),(479,1038,'8991002105485',2,833.00,1250.00,2500.00,'active','2016-04-11 15:05:10'),(479,1039,'Pelayanan750',2,750.00,750.00,1500.00,'active','2016-04-11 15:05:10'),(480,1040,'8991002105485',1,833.00,1250.00,1250.00,'active','2016-04-11 15:05:43'),(480,1041,'Pelayanan750',1,750.00,750.00,750.00,'active','2016-04-11 15:05:43'),(481,1042,'8996006855145',1,4500.00,6000.00,6000.00,'active','2016-04-11 15:06:09'),(482,1043,'8991906101101',1,14000.00,17000.00,17000.00,'active','2016-04-11 15:06:38'),(483,1044,'8999909028234',1,12975.00,15000.00,15000.00,'active','2016-04-11 15:07:16'),(484,1045,'8999909028234',1,12975.00,15000.00,15000.00,'active','2016-04-11 15:07:40'),(485,1046,'8998009050053',1,3500.00,5000.00,5000.00,'active','2016-04-11 15:08:23'),(486,1047,'mini wafer001',1,1833.00,3000.00,3000.00,'active','2016-04-11 15:09:44'),(486,1048,'Snack 2000',1,1500.00,2000.00,2000.00,'active','2016-04-11 15:09:44'),(487,1049,'8999909028234',1,12975.00,15000.00,15000.00,'active','2016-04-11 15:10:30'),(487,1050,'8994171101289',1,900.00,1500.00,1500.00,'active','2016-04-11 15:10:30'),(487,1051,'Pelayanan1500',1,1500.00,1500.00,1500.00,'active','2016-04-11 15:10:30'),(488,1052,'8999909028234',1,12975.00,15000.00,15000.00,'active','2016-04-11 15:11:15'),(488,1053,'8996001600146',1,2083.00,4000.00,4000.00,'active','2016-04-11 15:11:15'),(488,1054,'permen0001',4,200.00,250.00,1000.00,'active','2016-04-11 15:11:15'),(489,1055,'8996006855145',1,4500.00,6000.00,6000.00,'active','2016-04-11 15:11:57'),(490,1056,'8858891302152',1,3500.00,5000.00,5000.00,'active','2016-04-11 15:12:42'),(491,1057,'8991906101019',2,13500.00,15000.00,30000.00,'active','2016-04-11 15:13:09'),(492,1058,'8992727005289',2,14500.00,16000.00,32000.00,'active','2016-04-11 15:45:03'),(492,1059,'8992946121029',1,19900.00,22000.00,22000.00,'active','2016-04-11 15:45:03'),(492,1060,'8993560025106',3,4700.00,6000.00,18000.00,'active','2016-04-11 15:45:03'),(492,1061,'8999999045869',2,2250.00,3000.00,6000.00,'active','2016-04-11 15:45:03'),(493,1062,'9311931024036',1,1000.00,1500.00,1500.00,'active','2016-04-11 16:13:33'),(493,1063,'Pelayanan1500',1,1500.00,1500.00,1500.00,'active','2016-04-11 16:13:33'),(494,1064,'8995078803078',4,11400.00,13000.00,52000.00,'active','2016-04-11 16:18:48'),(495,1065,'GULA0001',1,13000.00,14000.00,14000.00,'active','2016-04-11 16:19:53'),(495,1066,'8992696407701',1,79000.00,83000.00,83000.00,'active','2016-04-11 16:19:53'),(496,1067,'8991002105485',1,833.00,1250.00,1250.00,'active','2016-04-11 17:29:05'),(496,1068,'Pelayanan750',1,750.00,750.00,750.00,'active','2016-04-11 17:29:05'),(497,1069,'8886008101053',1,1700.00,3000.00,3000.00,'active','2016-04-11 17:29:32'),(498,1070,'8991002105485',1,833.00,1250.00,1250.00,'active','2016-04-11 17:30:07'),(498,1071,'Pelayanan750',1,750.00,750.00,750.00,'active','2016-04-11 17:30:07'),(499,1072,'8994171101289',1,900.00,1500.00,1500.00,'active','2016-04-11 17:30:53'),(499,1073,'Pelayanan1500',1,1500.00,1500.00,1500.00,'active','2016-04-11 17:30:53'),(499,1074,'8991002105485',1,833.00,1250.00,1250.00,'active','2016-04-11 17:30:53'),(499,1075,'Pelayanan750',1,750.00,750.00,750.00,'active','2016-04-11 17:30:53'),(500,1076,'8991002105485',3,833.00,1250.00,3750.00,'active','2016-04-11 17:37:35'),(500,1077,'Pelayanan750',3,750.00,750.00,2250.00,'active','2016-04-11 17:37:35'),(501,1078,'8992858527308',1,4000.00,5000.00,5000.00,'active','2016-04-11 17:41:47'),(501,1079,'8991002105485',1,833.00,1250.00,1250.00,'active','2016-04-11 17:41:47'),(501,1080,'Pelayanan750',1,750.00,750.00,750.00,'active','2016-04-11 17:41:47'),(502,1081,'8998009010910',40,2125.00,2500.00,100000.00,'active','2016-04-11 17:43:46'),(503,1082,'8858891302114',1,3500.00,5000.00,5000.00,'active','2016-04-11 17:47:51'),(504,1083,'8886008101053',1,1700.00,3000.00,3000.00,'active','2016-04-11 17:48:33'),(505,1084,'8999909096004',1,16500.00,18000.00,18000.00,'active','2016-04-11 17:50:09'),(506,1085,'8999909096004',1,16500.00,18000.00,18000.00,'active','2016-04-11 17:50:40'),(507,1086,'8999909028234',1,12975.00,15000.00,15000.00,'active','2016-04-11 17:54:03'),(508,1087,'8992761166038',1,4790.00,6000.00,6000.00,'active','2016-04-11 17:54:52'),(508,1088,'8998989110167',1,15950.00,19000.00,19000.00,'active','2016-04-11 17:54:52'),(509,1089,'8995078803078',1,11400.00,13000.00,13000.00,'active','2016-04-11 17:58:27'),(510,1090,'8999909076006',1,15450.00,18000.00,18000.00,'active','2016-04-11 17:59:10'),(510,1091,'Korek api001',1,1000.00,2000.00,2000.00,'active','2016-04-11 17:59:10'),(511,1092,'8995078803078',2,11400.00,13000.00,26000.00,'active','2016-04-11 17:59:44'),(512,1093,'8992696420472',1,78000.00,83000.00,83000.00,'active','2016-04-11 18:04:05'),(512,1094,'8999999045876',1,2500.00,3000.00,3000.00,'active','2016-04-11 18:04:05'),(512,1095,'8997032711122',1,5500.00,7000.00,7000.00,'active','2016-04-11 18:04:05'),(512,1096,'8997032711023',1,1600.00,2500.00,2500.00,'active','2016-04-11 18:04:05'),(512,1097,'Snack 005',2,165.00,250.00,500.00,'active','2016-04-11 18:04:05'),(513,1098,'8999909010567',1,15850.00,17000.00,17000.00,'active','2016-04-12 11:11:43'),(514,1099,'8996001600146',1,2083.00,4000.00,4000.00,'active','2016-04-12 11:13:51'),(514,1100,'8991002105485',1,833.00,1250.00,1250.00,'active','2016-04-12 11:13:51'),(514,1101,'Pelayanan750',1,750.00,750.00,750.00,'active','2016-04-12 11:13:51'),(514,1102,'8994171101289',1,900.00,1500.00,1500.00,'active','2016-04-12 11:13:51'),(514,1103,'Pelayanan1500',1,1500.00,1500.00,1500.00,'active','2016-04-12 11:13:51'),(515,1104,'8991002121010',1,4500.00,6000.00,6000.00,'active','2016-04-12 11:14:28'),(516,1105,'8999909096004',1,16500.00,18000.00,18000.00,'active','2016-04-12 11:15:33'),(516,1106,'yalkul001',2,1500.00,2000.00,4000.00,'active','2016-04-12 11:15:33'),(516,1107,'9311931024036',1,1000.00,1500.00,1500.00,'active','2016-04-12 11:15:33'),(516,1108,'Pelayanan1500',1,1500.00,1500.00,1500.00,'active','2016-04-12 11:15:33'),(517,1109,'8998989100120',1,12300.00,15000.00,15000.00,'active','2016-04-12 11:16:16'),(518,1110,'8991002105485',14,833.00,1250.00,17500.00,'active','2016-04-12 11:36:50'),(518,1111,'Pelayanan750',14,750.00,750.00,10500.00,'active','2016-04-12 11:36:50'),(518,1112,'8999909010567',1,15850.00,17000.00,17000.00,'active','2016-04-12 11:36:50'),(518,1113,'8999909001909',1,12200.00,14000.00,14000.00,'active','2016-04-12 11:36:50'),(518,1114,'8996006855145',1,4500.00,6000.00,6000.00,'active','2016-04-12 11:36:50'),(518,1115,'8999909096004',1,16500.00,18000.00,18000.00,'active','2016-04-12 11:36:50'),(518,1116,'8998009020179',1,5400.00,6500.00,6500.00,'active','2016-04-12 11:36:50'),(518,1117,'permen0001',12,200.00,250.00,3000.00,'active','2016-04-12 11:36:50'),(518,1118,'Snack 2000',1,1500.00,2000.00,2000.00,'active','2016-04-12 11:36:50'),(518,1119,'Permen002',16,200.00,250.00,4000.00,'active','2016-04-12 11:36:50'),(518,1120,'8991906101101',2,14000.00,17000.00,34000.00,'active','2016-04-12 11:36:50'),(518,1121,'76239878',2,17500.00,20000.00,40000.00,'active','2016-04-12 11:36:50'),(518,1122,'8991002101630',2,900.00,1500.00,3000.00,'active','2016-04-12 11:36:50'),(518,1123,'Pelayanan1500',5,1500.00,1500.00,7500.00,'active','2016-04-12 11:36:50'),(518,1124,'9311931024036',3,1000.00,1500.00,4500.00,'active','2016-04-12 11:36:50'),(518,1125,'8992858527308',3,4000.00,5000.00,15000.00,'active','2016-04-12 11:36:50'),(518,1126,'8996001600221',1,5000.00,6000.00,6000.00,'active','2016-04-12 11:36:50'),(518,1127,'8997009510055',1,4333.00,6000.00,6000.00,'active','2016-04-12 11:36:50'),(518,1128,'8994171101289',1,900.00,1500.00,1500.00,'active','2016-04-12 11:36:50'),(518,1129,'Kaus 002',1,8000.00,9000.00,9000.00,'active','2016-04-12 11:36:50'),(518,1130,'8996001600146',3,2083.00,4000.00,12000.00,'active','2016-04-12 11:36:50'),(518,1131,'8992752116233',1,2750.00,4000.00,4000.00,'active','2016-04-12 11:36:50'),(518,1132,'yalkul001',1,1500.00,2000.00,2000.00,'active','2016-04-12 11:36:50'),(519,1133,'8995078803078',1,11400.00,13000.00,13000.00,'active','2016-04-12 11:43:31'),(519,1134,'Pelayanan750',1,750.00,750.00,750.00,'active','2016-04-12 11:43:31'),(519,1135,'8991002105485',1,833.00,1250.00,1250.00,'active','2016-04-12 11:43:31'),(520,1136,'8991002105485',1,833.00,1250.00,1250.00,'active','2016-04-12 11:44:13'),(520,1137,'Pelayanan750',1,750.00,750.00,750.00,'active','2016-04-12 11:44:13'),(521,1138,'76239878',1,17500.00,20000.00,20000.00,'active','2016-04-12 11:45:42'),(521,1139,'8991002105485',1,833.00,1250.00,1250.00,'active','2016-04-12 11:45:42'),(521,1140,'Pelayanan750',1,750.00,750.00,750.00,'active','2016-04-12 11:45:42'),(522,1141,'8999909028234',1,12975.00,15000.00,15000.00,'active','2016-04-12 11:46:40'),(522,1142,'8991002105485',1,833.00,1250.00,1250.00,'active','2016-04-12 11:46:40'),(522,1143,'Pelayanan750',1,750.00,750.00,750.00,'active','2016-04-12 11:46:40'),(523,1144,'9311931024036',10,1000.00,1500.00,15000.00,'active','2016-04-12 11:54:35'),(523,1145,'8997032711023',2,1600.00,2500.00,5000.00,'active','2016-04-12 11:54:35'),(524,1146,'8998009050053',1,3500.00,5000.00,5000.00,'active','2016-04-12 11:55:55'),(524,1147,'8994171101289',1,900.00,1500.00,1500.00,'active','2016-04-12 11:55:55'),(524,1148,'Pelayanan1500',1,1500.00,1500.00,1500.00,'active','2016-04-12 11:55:55'),(525,1149,'yalkul001',1,1500.00,2000.00,2000.00,'active','2016-04-12 11:56:34'),(526,1150,'8995078803078',1,11950.00,13000.00,13000.00,'active','2016-04-12 14:45:50'),(526,1151,'8991002105485',1,833.00,1250.00,1250.00,'active','2016-04-12 14:45:50'),(526,1152,'Pelayanan750',1,750.00,750.00,750.00,'active','2016-04-12 14:45:50'),(527,1153,'8997009510055',1,4333.00,6000.00,6000.00,'active','2016-04-12 14:47:22'),(528,1154,'8991906105758',1,14300.00,16000.00,16000.00,'active','2016-04-12 14:47:51'),(529,1155,'76239878',1,18400.00,20000.00,20000.00,'active','2016-04-12 14:48:42'),(530,1156,'76164217',1,18400.00,20000.00,20000.00,'active','2016-04-12 14:49:50'),(530,1157,'8991002105485',1,833.00,1250.00,1250.00,'active','2016-04-12 14:49:50'),(530,1158,'Pelayanan750',1,750.00,750.00,750.00,'active','2016-04-12 14:49:50'),(531,1159,'8992761166038',1,4790.00,6000.00,6000.00,'active','2016-04-12 14:53:22'),(531,1160,'8992696404441',1,7000.00,8000.00,8000.00,'active','2016-04-12 14:53:22'),(531,1161,'8888166991491',1,8500.00,10000.00,10000.00,'active','2016-04-12 14:53:22'),(531,1162,'8991102300421',1,9000.00,11000.00,11000.00,'active','2016-04-12 14:53:22'),(531,1163,'8888166989399',1,13000.00,15000.00,15000.00,'active','2016-04-12 14:53:22'),(531,1164,'Snack 2000',2,1500.00,2000.00,4000.00,'active','2016-04-12 14:53:22'),(531,1165,'8886001038011',2,1300.00,2000.00,4000.00,'active','2016-04-12 14:53:22'),(532,1166,'76239878',1,18400.00,20000.00,20000.00,'active','2016-04-12 14:54:35'),(533,1167,'8991002105485',1,833.00,1250.00,1250.00,'active','2016-04-12 14:58:03'),(533,1168,'Pelayanan750',1,750.00,750.00,750.00,'active','2016-04-12 14:58:03'),(534,1169,'8999909076006',1,16550.00,18500.00,18500.00,'active','2016-04-12 14:59:28'),(534,1170,'8991002105485',1,833.00,1250.00,1250.00,'active','2016-04-12 14:59:28'),(534,1171,'Pelayanan750',1,750.00,750.00,750.00,'active','2016-04-12 14:59:28'),(535,1172,'8991002121010',1,4500.00,6000.00,6000.00,'active','2016-04-12 15:01:29'),(536,1173,'8998989100120',1,13550.00,15000.00,15000.00,'active','2016-04-12 15:02:10'),(537,1174,'8991002105485',1,833.00,1250.00,1250.00,'active','2016-04-12 15:02:59'),(537,1175,'Pelayanan750',1,750.00,750.00,750.00,'active','2016-04-12 15:02:59'),(538,1176,'8991002105485',2,833.00,1250.00,2500.00,'active','2016-04-12 15:04:04'),(538,1177,'Pelayanan750',2,750.00,750.00,1500.00,'active','2016-04-12 15:04:04'),(539,1178,'8992696404441',1,7000.00,8000.00,8000.00,'active','2016-04-12 15:06:43'),(540,1179,'8992696404441',1,7000.00,8000.00,8000.00,'active','2016-04-12 15:09:30'),(541,1180,'8999909096004',1,16575.00,18500.00,18500.00,'active','2016-04-12 15:10:00'),(542,1181,'8991002105485',1,833.00,1250.00,1250.00,'active','2016-04-12 15:10:45'),(542,1182,'Pelayanan750',1,750.00,750.00,750.00,'active','2016-04-12 15:10:45'),(543,1183,'8991002105485',1,833.00,1250.00,1250.00,'active','2016-04-12 15:11:18'),(543,1184,'Pelayanan750',1,750.00,750.00,750.00,'active','2016-04-12 15:11:18'),(544,1185,'8998989300391',1,11000.00,13000.00,13000.00,'active','2016-04-12 15:11:47'),(545,1186,'8991002105485',1,833.00,1250.00,1250.00,'active','2016-04-12 15:17:57'),(545,1187,'Pelayanan750',1,750.00,750.00,750.00,'active','2016-04-12 15:17:57'),(545,1188,'8996001414002',1,2500.00,3000.00,3000.00,'active','2016-04-12 15:17:57'),(545,1189,'Pelayanan1000',1,0.00,1000.00,1000.00,'active','2016-04-12 15:17:57'),(546,1190,'yalkul001',1,1500.00,2000.00,2000.00,'active','2016-04-12 15:19:03'),(546,1191,'8991002105485',1,833.00,1250.00,1250.00,'active','2016-04-12 15:19:03'),(546,1192,'Pelayanan750',1,750.00,750.00,750.00,'active','2016-04-12 15:19:03'),(547,1193,'8991002105485',2,833.00,1250.00,2500.00,'active','2016-04-12 15:21:47'),(547,1194,'Pelayanan750',2,750.00,750.00,1500.00,'active','2016-04-12 15:21:47'),(547,1195,'Korek api001',1,1000.00,2000.00,2000.00,'active','2016-04-12 15:21:47'),(548,1196,'8991906105758',1,14300.00,16000.00,16000.00,'active','2016-04-12 15:23:09'),(548,1197,'8998009050053',1,3500.00,5000.00,5000.00,'active','2016-04-12 15:23:09'),(549,1198,'8991002105485',1,833.00,1250.00,1250.00,'active','2016-04-12 15:27:34'),(549,1199,'Pelayanan750',1,750.00,750.00,750.00,'active','2016-04-12 15:27:34'),(550,1200,'8991002105485',1,833.00,1250.00,1250.00,'active','2016-04-12 15:28:30'),(550,1201,'Pelayanan750',1,750.00,750.00,750.00,'active','2016-04-12 15:28:30'),(550,1202,'9311931024036',1,1000.00,1500.00,1500.00,'active','2016-04-12 15:28:30'),(550,1203,'Pelayanan1500',1,1500.00,1500.00,1500.00,'active','2016-04-12 15:28:30'),(551,1204,'8998989110167',1,17450.00,19000.00,19000.00,'active','2016-04-12 15:29:50'),(551,1205,'8997035563414',1,5600.00,7000.00,7000.00,'active','2016-04-12 15:29:50'),(552,1206,'8991002105485',1,833.00,1250.00,1250.00,'active','2016-04-12 15:32:20'),(552,1207,'Pelayanan750',1,750.00,750.00,750.00,'active','2016-04-12 15:32:20'),(552,1208,'9311931024036',1,1000.00,1500.00,1500.00,'active','2016-04-12 15:32:20'),(552,1209,'Pelayanan1500',1,1500.00,1500.00,1500.00,'active','2016-04-12 15:32:20'),(553,1210,'8991002105485',1,833.00,1250.00,1250.00,'active','2016-04-12 15:33:04'),(553,1211,'Pelayanan750',1,750.00,750.00,750.00,'active','2016-04-12 15:33:04'),(554,1212,'8991002105485',1,833.00,1250.00,1250.00,'active','2016-04-12 15:42:04'),(554,1213,'Pelayanan750',1,750.00,750.00,750.00,'active','2016-04-12 15:42:04'),(555,1214,'8999909028234',4,13325.00,15000.00,60000.00,'active','2016-04-12 15:45:43'),(556,1215,'8991002105485',1,833.00,1250.00,1250.00,'active','2016-04-12 15:46:15'),(556,1216,'Pelayanan750',1,750.00,750.00,750.00,'active','2016-04-12 15:46:15'),(557,1217,'8999909096004',2,16575.00,18500.00,37000.00,'active','2016-04-12 15:47:05'),(558,1218,'8997009510017',1,4333.00,6000.00,6000.00,'active','2016-04-12 15:48:05'),(558,1219,'yalkul001',2,1500.00,2000.00,4000.00,'active','2016-04-12 15:48:05'),(559,1220,'8999909096004',1,16575.00,18500.00,18500.00,'active','2016-04-12 15:49:15'),(560,1221,'8991002105485',1,833.00,1250.00,1250.00,'active','2016-04-12 15:50:02'),(560,1222,'Pelayanan750',1,750.00,750.00,750.00,'active','2016-04-12 15:50:02'),(561,1223,'8991002121010',1,4500.00,6000.00,6000.00,'active','2016-04-12 15:54:04'),(561,1224,'8999909028234',1,13325.00,15000.00,15000.00,'active','2016-04-12 15:54:04'),(562,1225,'8999909076006',1,16550.00,18500.00,18500.00,'active','2016-04-12 15:54:37'),(563,1226,'8996006855145',1,4500.00,6000.00,6000.00,'active','2016-04-12 15:55:23'),(563,1227,'8991002105485',1,833.00,1250.00,1250.00,'active','2016-04-12 15:55:23'),(563,1228,'Pelayanan750',1,750.00,750.00,750.00,'active','2016-04-12 15:55:23'),(564,1229,'8991002105485',1,833.00,1250.00,1250.00,'active','2016-04-12 15:56:05'),(564,1230,'Pelayanan750',1,750.00,750.00,750.00,'active','2016-04-12 15:56:05'),(565,1231,'8999909028234',3,13325.00,15000.00,45000.00,'active','2016-04-12 16:47:45'),(566,1232,'8991002105485',1,833.00,1250.00,1250.00,'active','2016-04-12 17:16:00'),(566,1233,'Pelayanan750',1,750.00,750.00,750.00,'active','2016-04-12 17:16:00'),(567,1234,'8991002105485',2,833.00,1250.00,2500.00,'active','2016-04-12 17:16:43'),(567,1235,'Pelayanan750',2,750.00,750.00,1500.00,'active','2016-04-12 17:16:43'),(568,1236,'8991002103238',1,930.00,1500.00,1500.00,'active','2016-04-12 17:32:03'),(568,1237,'Pelayanan1500',1,1500.00,1500.00,1500.00,'active','2016-04-12 17:32:03'),(569,1238,'76239878',2,18400.00,20000.00,40000.00,'active','2016-04-12 17:32:51'),(570,1239,'8995078803078',1,11950.00,13000.00,13000.00,'active','2016-04-12 17:33:44'),(571,1240,'8995078803078',2,11950.00,13000.00,26000.00,'active','2016-04-12 17:34:14'),(572,1241,'8996001600221',1,5000.00,6000.00,6000.00,'active','2016-04-12 17:35:09'),(573,1242,'8886008101053',1,1700.00,3000.00,3000.00,'active','2016-04-12 17:36:36'),(574,1243,'8997021870236',1,9583.00,13000.00,13000.00,'active','2016-04-12 17:37:31'),(575,1244,'8991002105485',1,833.00,1250.00,1250.00,'active','2016-04-12 17:38:15'),(575,1245,'Pelayanan750',1,750.00,750.00,750.00,'active','2016-04-12 17:38:15'),(576,1246,'8886008101053',1,1700.00,3000.00,3000.00,'active','2016-04-12 17:38:40'),(577,1247,'8991002105485',2,833.00,1250.00,2500.00,'active','2016-04-12 17:39:15'),(577,1248,'Pelayanan750',2,750.00,750.00,1500.00,'active','2016-04-12 17:39:15'),(578,1249,'8999909010567',1,16050.00,18000.00,18000.00,'active','2016-04-12 17:40:18'),(578,1250,'8991002105485',1,833.00,1250.00,1250.00,'active','2016-04-12 17:40:18'),(578,1251,'Pelayanan750',1,750.00,750.00,750.00,'active','2016-04-12 17:40:18'),(579,1252,'8991002105485',1,833.00,1250.00,1250.00,'active','2016-04-12 17:41:07'),(579,1253,'Pelayanan750',1,750.00,750.00,750.00,'active','2016-04-12 17:41:07'),(580,1254,'8992696404441',1,7000.00,8000.00,8000.00,'active','2016-04-12 17:41:59'),(581,1255,'8886008101053',1,1700.00,3000.00,3000.00,'active','2016-04-12 17:46:27'),(581,1256,'8999999041656',1,23500.00,25000.00,25000.00,'active','2016-04-12 17:46:27'),(582,1257,'8992753102204',1,8500.00,9000.00,9000.00,'active','2016-04-12 17:56:22'),(582,1258,'8992696404441',1,7000.00,8000.00,8000.00,'active','2016-04-12 17:56:22'),(582,1259,'8992761166038',1,4790.00,6000.00,6000.00,'active','2016-04-12 17:56:22'),(582,1260,'8993039111255',2,8500.00,10000.00,20000.00,'active','2016-04-12 17:56:22'),(582,1261,'Snack 3000',4,2500.00,3000.00,12000.00,'active','2016-04-12 17:56:22'),(582,1262,'Snack 2000',4,1500.00,2000.00,8000.00,'active','2016-04-12 17:56:22'),(582,1263,'8994171101289',10,900.00,1500.00,15000.00,'active','2016-04-12 17:56:22'),(583,1264,'8991002105485',1,833.00,1250.00,1250.00,'active','2016-04-12 17:57:06'),(583,1265,'Pelayanan750',1,750.00,750.00,750.00,'active','2016-04-12 17:57:06'),(584,1266,'8991002105485',1,833.00,1250.00,1250.00,'active','2016-04-12 17:57:42'),(584,1267,'Pelayanan750',1,750.00,750.00,750.00,'active','2016-04-12 17:57:42'),(585,1268,'8993560025083',2,4700.00,6000.00,12000.00,'active','2016-04-12 17:58:37'),(585,1269,'8993560024987',1,4700.00,6000.00,6000.00,'active','2016-04-12 17:58:37'),(585,1270,'8993560025007',1,4700.00,6000.00,6000.00,'active','2016-04-12 17:58:37'),(585,1271,'8999909028234',1,13325.00,15000.00,15000.00,'active','2016-04-12 17:58:37'),(586,1272,'8999909028234',1,13325.00,15000.00,15000.00,'active','2016-04-12 17:59:00'),(587,1273,'8858891302114',1,3500.00,5000.00,5000.00,'active','2016-04-12 17:59:44'),(587,1274,'8991002105485',2,833.00,1250.00,2500.00,'active','2016-04-12 17:59:44'),(587,1275,'Pelayanan750',2,750.00,750.00,1500.00,'active','2016-04-12 17:59:44'),(588,1276,'8991906105758',5,14300.00,16000.00,80000.00,'active','2016-04-12 18:05:36'),(589,1277,'8993560024987',1,4700.00,6000.00,6000.00,'active','2016-04-12 18:08:21'),(590,1278,'8886008101053',1,1700.00,3000.00,3000.00,'active','2016-04-13 11:39:43'),(590,1279,'yalkul001',4,1500.00,2000.00,8000.00,'active','2016-04-13 11:39:43'),(590,1280,'Snack 2000',2,1500.00,2000.00,4000.00,'active','2016-04-13 11:39:43'),(590,1281,'8991002105485',11,833.00,1250.00,13750.00,'active','2016-04-13 11:39:43'),(590,1282,'Pelayanan750',11,750.00,750.00,8250.00,'active','2016-04-13 11:39:43'),(590,1283,'8998989110167',1,17450.00,19000.00,19000.00,'active','2016-04-13 11:39:43'),(590,1284,'76239878',2,18400.00,20000.00,40000.00,'active','2016-04-13 11:39:43'),(590,1285,'8998989121163',2,13700.00,15000.00,30000.00,'active','2016-04-13 11:39:43'),(590,1286,'8999909096004',2,16575.00,18500.00,37000.00,'active','2016-04-13 11:39:43'),(590,1287,'8998009040023',1,2625.00,4000.00,4000.00,'active','2016-04-13 11:39:43'),(590,1288,'8994755030431',1,6500.00,8000.00,8000.00,'active','2016-04-13 11:39:43'),(590,1289,'8995078803078',1,11950.00,13000.00,13000.00,'active','2016-04-13 11:39:43'),(590,1290,'8999909001909',1,12200.00,14000.00,14000.00,'active','2016-04-13 11:39:43'),(590,1291,'8998989100120',1,13550.00,15000.00,15000.00,'active','2016-04-13 11:39:43'),(590,1292,'8991906105758',1,14300.00,16000.00,16000.00,'active','2016-04-13 11:39:43'),(590,1293,'8999909028234',1,13325.00,15000.00,15000.00,'active','2016-04-13 11:39:43'),(590,1294,'8992696404441',1,7000.00,8000.00,8000.00,'active','2016-04-13 11:39:43'),(590,1295,'8996006855145',1,4500.00,6000.00,6000.00,'active','2016-04-13 11:39:43'),(590,1296,'8996001600146',2,2083.00,4000.00,8000.00,'active','2016-04-13 11:39:43'),(590,1297,'8991002101630',1,900.00,1500.00,1500.00,'active','2016-04-13 11:39:43'),(590,1298,'Pelayanan1500',3,1500.00,1500.00,4500.00,'active','2016-04-13 11:39:43'),(590,1299,'9311931024036',1,1000.00,1500.00,1500.00,'active','2016-04-13 11:39:43'),(590,1300,'8994171101289',1,900.00,1500.00,1500.00,'active','2016-04-13 11:39:43'),(591,1301,'8991002121010',1,4500.00,6000.00,6000.00,'active','2016-04-13 11:40:32'),(592,1302,'8996001600146',1,2083.00,4000.00,4000.00,'active','2016-04-13 11:41:01'),(593,1303,'8886008101053',1,1700.00,3000.00,3000.00,'active','2016-04-13 11:43:46'),(594,1304,'8999909010567',1,16050.00,18000.00,18000.00,'active','2016-04-13 11:44:53'),(594,1305,'8991002105485',1,833.00,1250.00,1250.00,'active','2016-04-13 11:44:53'),(594,1306,'Pelayanan750',1,750.00,750.00,750.00,'active','2016-04-13 11:44:53'),(595,1307,'76239878',1,18400.00,20000.00,20000.00,'active','2016-04-13 11:49:43'),(595,1308,'8999909076006',1,16550.00,18500.00,18500.00,'active','2016-04-13 11:49:43'),(595,1309,'yalkul001',1,1500.00,2000.00,2000.00,'active','2016-04-13 11:49:43'),(595,1310,'8991002101630',1,900.00,1500.00,1500.00,'active','2016-04-13 11:49:43'),(595,1311,'Pelayanan1500',1,1500.00,1500.00,1500.00,'active','2016-04-13 11:49:43'),(596,1312,'76239878',1,18400.00,20000.00,20000.00,'active','2016-04-13 12:06:50'),(596,1313,'8991002105485',1,833.00,1250.00,1250.00,'active','2016-04-13 12:06:50'),(596,1314,'Pelayanan750',1,750.00,750.00,750.00,'active','2016-04-13 12:06:50'),(597,1315,'9311931024036',1,1000.00,1500.00,1500.00,'active','2016-04-13 12:08:44'),(597,1316,'Pelayanan1500',1,1500.00,1500.00,1500.00,'active','2016-04-13 12:08:44'),(598,1317,'yalkul001',1,1500.00,2000.00,2000.00,'active','2016-04-13 12:09:34'),(598,1318,'8999999049393',1,12500.00,14000.00,14000.00,'active','2016-04-13 12:09:34'),(598,1319,'8998989300391',1,11000.00,13000.00,13000.00,'active','2016-04-13 12:09:34'),(599,1320,'8999909096004',1,16575.00,18500.00,18500.00,'active','2016-04-13 12:29:20'),(600,1321,'8991002105485',1,833.00,1250.00,1250.00,'active','2016-04-13 13:09:44'),(600,1322,'Pelayanan750',1,750.00,750.00,750.00,'active','2016-04-13 13:09:44'),(601,1323,'8991002105485',1,833.00,1250.00,1250.00,'active','2016-04-13 13:15:47'),(601,1324,'Pelayanan750',1,750.00,750.00,750.00,'active','2016-04-13 13:15:47'),(602,1325,'8991002105485',1,833.00,1250.00,1250.00,'active','2016-04-13 13:17:47'),(602,1326,'Pelayanan750',1,750.00,750.00,750.00,'active','2016-04-13 13:17:47'),(603,1327,'8991002105485',1,833.00,1250.00,1250.00,'active','2016-04-13 13:18:36'),(603,1328,'Pelayanan750',1,750.00,750.00,750.00,'active','2016-04-13 13:18:36'),(604,1329,'8999999049409',1,12000.00,14000.00,14000.00,'active','2016-04-13 13:20:46'),(605,1330,'8995078803078',1,11950.00,13000.00,13000.00,'active','2016-04-13 13:21:55'),(606,1331,'8996001600146',1,2083.00,4000.00,4000.00,'active','2016-04-13 13:22:21'),(607,1332,'8998009050053',1,3500.00,5000.00,5000.00,'active','2016-04-13 13:23:27'),(607,1333,'8992753100101',1,12400.00,13500.00,13500.00,'active','2016-04-13 13:23:27'),(607,1334,'8992753102204',1,8500.00,9000.00,9000.00,'active','2016-04-13 13:23:27'),(608,1335,'76164217',1,18400.00,20000.00,20000.00,'active','2016-04-13 13:32:24'),(608,1336,'8991002105485',1,833.00,1250.00,1250.00,'active','2016-04-13 13:32:24'),(608,1337,'Pelayanan750',1,750.00,750.00,750.00,'active','2016-04-13 13:32:24'),(609,1338,'9311931024036',1,1000.00,1500.00,1500.00,'active','2016-04-13 13:33:30'),(609,1339,'Pelayanan1500',1,1500.00,1500.00,1500.00,'active','2016-04-13 13:33:30'),(610,1340,'8991002103238',1,930.00,1500.00,1500.00,'active','2016-04-13 13:34:06'),(610,1341,'Pelayanan1500',1,1500.00,1500.00,1500.00,'active','2016-04-13 13:34:06'),(611,1342,'8991906101019',1,13650.00,15000.00,15000.00,'active','2016-04-13 13:34:40'),(612,1343,'8998127514123',1,17800.00,19000.00,19000.00,'active','2016-04-13 13:35:58'),(613,1344,'76239878',1,18400.00,20000.00,20000.00,'active','2016-04-13 13:36:39'),(614,1345,'76164217',1,18400.00,20000.00,20000.00,'active','2016-04-13 13:39:14'),(614,1346,'8992761166038',1,4790.00,6000.00,6000.00,'active','2016-04-13 13:39:14'),(615,1347,'8995078803078',1,11950.00,13000.00,13000.00,'active','2016-04-13 13:40:03'),(616,1348,'9311931024036',1,1000.00,1500.00,1500.00,'active','2016-04-13 13:41:43'),(616,1349,'Pelayanan1500',1,1500.00,1500.00,1500.00,'active','2016-04-13 13:41:43'),(617,1350,'8991002105485',1,833.00,1250.00,1250.00,'active','2016-04-13 13:42:44'),(617,1351,'Pelayanan750',1,750.00,750.00,750.00,'active','2016-04-13 13:42:44'),(618,1352,'/8886057883665',1,3500.00,4500.00,4500.00,'active','2016-04-13 13:54:13'),(618,1353,'8992752119104',1,2750.00,4000.00,4000.00,'active','2016-04-13 13:54:13'),(618,1354,'8991001770011',2,9000.00,11000.00,22000.00,'active','2016-04-13 13:54:13'),(618,1355,'8888166991491',2,8500.00,10000.00,20000.00,'active','2016-04-13 13:54:13'),(618,1356,'8888166336605',1,7000.00,8500.00,8500.00,'active','2016-04-13 13:54:13'),(619,1357,'yalkul001',1,1500.00,2000.00,2000.00,'active','2016-04-13 13:59:08'),(619,1358,'9311931024036',1,1000.00,1500.00,1500.00,'active','2016-04-13 13:59:08'),(620,1359,'8998989100120',1,13550.00,15000.00,15000.00,'active','2016-04-13 14:00:41'),(620,1360,'8992761166038',1,4790.00,6000.00,6000.00,'active','2016-04-13 14:00:41'),(621,1361,'8886008101053',1,1700.00,3000.00,3000.00,'active','2016-04-13 14:01:16'),(622,1362,'8999909028234',1,13325.00,15000.00,15000.00,'active','2016-04-13 14:08:45'),(622,1363,'8991002105485',2,833.00,1250.00,2500.00,'active','2016-04-13 14:08:45'),(622,1364,'Pelayanan750',2,750.00,750.00,1500.00,'active','2016-04-13 14:08:45'),(623,1365,'8991906105758',1,14300.00,16000.00,16000.00,'active','2016-04-13 14:14:28'),(623,1366,'8991002105485',1,833.00,1250.00,1250.00,'active','2016-04-13 14:14:28'),(623,1367,'Pelayanan750',1,750.00,750.00,750.00,'active','2016-04-13 14:14:28'),(624,1368,'8996001600146',1,2083.00,4000.00,4000.00,'active','2016-04-13 14:15:37'),(625,1369,'8991002105485',1,833.00,1250.00,1250.00,'active','2016-04-13 14:16:26'),(625,1370,'Pelayanan750',1,750.00,750.00,750.00,'active','2016-04-13 14:16:26'),(626,1371,'8999909096004',1,16575.00,18500.00,18500.00,'active','2016-04-13 14:20:09'),(626,1372,'76164217',1,18400.00,20000.00,20000.00,'active','2016-04-13 14:20:09'),(627,1373,'8992696404441',1,7000.00,8000.00,8000.00,'active','2016-04-13 15:07:44'),(628,1374,'8999909028234',1,13325.00,15000.00,15000.00,'active','2016-04-13 15:08:34'),(628,1375,'8991002105485',2,833.00,1250.00,2500.00,'active','2016-04-13 15:08:34'),(628,1376,'Pelayanan750',2,750.00,750.00,1500.00,'active','2016-04-13 15:08:34'),(629,1377,'8996001440124',10,1060.00,1500.00,15000.00,'active','2016-04-13 15:25:34'),(629,1378,'8996001440049',10,1060.00,1500.00,15000.00,'active','2016-04-13 15:25:34'),(629,1379,'8999999049508',1,12500.00,14000.00,14000.00,'active','2016-04-13 15:25:34'),(629,1380,'8992858527308',1,4000.00,5000.00,5000.00,'active','2016-04-13 15:25:34'),(630,1381,'8999999401238',1,15500.00,18000.00,18000.00,'active','2016-04-13 16:11:47'),(630,1382,'8992753100101',1,12400.00,13500.00,13500.00,'active','2016-04-13 16:11:47'),(630,1383,'8992753102204',1,8500.00,9000.00,9000.00,'active','2016-04-13 16:11:47'),(630,1384,'8886007811076',1,4000.00,4500.00,4500.00,'active','2016-04-13 16:11:47'),(630,1385,'8991102300544',1,9000.00,11000.00,11000.00,'active','2016-04-13 16:11:47'),(630,1386,'8991002105485',10,833.00,1250.00,12500.00,'active','2016-04-13 16:11:47'),(631,1387,'8995177102058',1,14500.00,16000.00,16000.00,'active','2016-04-13 16:12:32'),(632,1388,'GULA0001',2,13000.00,14000.00,28000.00,'active','2016-04-13 16:15:02'),(632,1389,'8992946121029',2,19900.00,22000.00,44000.00,'active','2016-04-13 16:15:02'),(632,1390,'8992628020152',1,22000.00,23000.00,23000.00,'active','2016-04-13 16:15:02'),(633,1391,'Beras 001',1,260000.00,270000.00,270000.00,'active','2016-04-13 16:16:41'),(634,1392,'Beras 001',1,260000.00,270000.00,270000.00,'active','2016-04-13 17:18:32'),(634,1393,'8999909076006',1,16550.00,18500.00,18500.00,'active','2016-04-13 17:18:32'),(635,1394,'76164217',1,18400.00,20000.00,20000.00,'active','2016-04-13 17:20:54'),(635,1395,'8996001600221',1,5000.00,6000.00,6000.00,'active','2016-04-13 17:20:54'),(636,1396,'Beras 001',2,260000.00,270000.00,540000.00,'active','2016-04-13 17:25:47'),(637,1397,'8992725910400',2,7750.00,9000.00,18000.00,'active','2016-04-13 17:26:33'),(638,1398,'Beras 001',1,260000.00,270000.00,270000.00,'active','2016-04-13 17:29:56'),(639,1399,'8888166609365',1,5500.00,7000.00,7000.00,'active','2016-04-13 17:40:23'),(639,1400,'8996001302637',1,5000.00,6500.00,6500.00,'active','2016-04-13 17:40:23'),(639,1401,'8999909010567',1,16050.00,18000.00,18000.00,'active','2016-04-13 17:40:23'),(640,1402,'8992727005289',1,14500.00,16000.00,16000.00,'active','2016-04-13 17:41:37'),(641,1403,'Beras 001',1,260000.00,270000.00,270000.00,'active','2016-04-13 17:47:51'),(641,1404,'8999999401238',1,15500.00,18000.00,18000.00,'active','2016-04-13 17:47:51'),(641,1405,'8992696420472',1,78000.00,83000.00,83000.00,'active','2016-04-13 17:47:51'),(642,1406,'8993176110067',1,28000.00,30000.00,30000.00,'active','2016-04-13 18:05:32'),(642,1407,'8998989110167',1,17450.00,19000.00,19000.00,'active','2016-04-13 18:05:32'),(642,1408,'0089686060461',1,3350.00,4000.00,4000.00,'active','2016-04-13 18:05:32'),(642,1409,'0089686060027',1,3350.00,4000.00,4000.00,'active','2016-04-13 18:05:32'),(642,1410,'8998888712646',1,12500.00,15000.00,15000.00,'active','2016-04-13 18:05:32'),(642,1411,'8999999407919',1,13000.00,15000.00,15000.00,'active','2016-04-13 18:05:32'),(642,1412,'8998866607315',1,14000.00,15000.00,15000.00,'active','2016-04-13 18:05:32'),(642,1413,'8888166330306',1,5500.00,7000.00,7000.00,'active','2016-04-13 18:05:32'),(642,1414,'8888166989399',1,13000.00,15000.00,15000.00,'active','2016-04-13 18:05:32'),(643,1415,'8999999027278',1,11250.00,13000.00,13000.00,'active','2016-04-14 10:59:35'),(643,1416,'8999909096004',1,16575.00,18500.00,18500.00,'active','2016-04-14 10:59:35'),(644,1417,'8996001600146',1,2083.00,4000.00,4000.00,'active','2016-04-14 11:07:21'),(645,1418,'8997009510017',1,4333.00,6000.00,6000.00,'active','2016-04-14 11:08:35'),(645,1419,'8991001111289',1,6500.00,7500.00,7500.00,'active','2016-04-14 11:08:35'),(646,1420,'8999909096004',6,16575.00,18500.00,111000.00,'active','2016-04-14 12:18:58'),(647,1421,'8994287316034',1,1000.00,2000.00,2000.00,'active','2016-04-14 12:21:52'),(648,1422,'8999909096004',1,16575.00,18500.00,18500.00,'active','2016-04-14 12:23:18'),(648,1423,'8999909028234',1,13325.00,15000.00,15000.00,'active','2016-04-14 12:23:18'),(648,1424,'8992696404441',1,7000.00,8000.00,8000.00,'active','2016-04-14 12:23:18'),(649,1425,'8999909010567',1,16050.00,18000.00,18000.00,'active','2016-04-14 12:24:44'),(649,1426,'8991002105485',1,833.00,1250.00,1250.00,'active','2016-04-14 12:24:44'),(649,1427,'Pelayanan750',1,750.00,750.00,750.00,'active','2016-04-14 12:24:44'),(650,1428,'8999909028234',1,13325.00,15000.00,15000.00,'active','2016-04-14 12:26:26'),(651,1429,'8991906101019',4,13650.00,15000.00,60000.00,'active','2016-04-14 14:25:12'),(651,1430,'8998989100120',4,13550.00,15000.00,60000.00,'active','2016-04-14 14:25:12'),(652,1431,'8991002105485',1,833.00,1250.00,1250.00,'active','2016-04-14 14:29:19'),(652,1432,'Pelayanan750',1,750.00,750.00,750.00,'active','2016-04-14 14:29:19'),(653,1433,'8992304009181',1,13000.00,14000.00,14000.00,'active','2016-04-14 14:30:32'),(654,1434,'8998009040023',1,2625.00,4000.00,4000.00,'active','2016-04-14 14:32:19'),(654,1435,'76239878',1,18400.00,20000.00,20000.00,'active','2016-04-14 14:32:19'),(655,1436,'8991002105485',1,833.00,1250.00,1250.00,'active','2016-04-14 14:33:38'),(655,1437,'Pelayanan750',1,750.00,750.00,750.00,'active','2016-04-14 14:33:38'),(656,1438,'76164217',1,18400.00,20000.00,20000.00,'active','2016-04-14 14:34:39'),(656,1439,'8991002105485',1,833.00,1250.00,1250.00,'active','2016-04-14 14:34:39'),(656,1440,'Pelayanan750',1,750.00,750.00,750.00,'active','2016-04-14 14:34:39'),(657,1441,'8991906101101',1,14000.00,17000.00,17000.00,'active','2016-04-14 14:35:15'),(658,1442,'8999909028234',1,13325.00,15000.00,15000.00,'active','2016-04-14 14:35:44'),(659,1443,'8992858527308',1,4000.00,5000.00,5000.00,'active','2016-04-14 14:36:46'),(659,1444,'8991002105485',1,833.00,1250.00,1250.00,'active','2016-04-14 14:36:46'),(659,1445,'Pelayanan750',1,750.00,750.00,750.00,'active','2016-04-14 14:36:46'),(660,1446,'8991002105485',1,833.00,1250.00,1250.00,'active','2016-04-14 14:37:26'),(660,1447,'Pelayanan750',1,750.00,750.00,750.00,'active','2016-04-14 14:37:26'),(661,1448,'8998009040023',1,2625.00,4000.00,4000.00,'active','2016-04-14 14:38:12'),(662,1449,'8997035111110',6,5000.00,5500.00,33000.00,'active','2016-04-14 14:41:47'),(662,1450,'8994755030431',2,6500.00,8000.00,16000.00,'active','2016-04-14 14:41:47'),(663,1451,'8991911101011',1,12000.00,13000.00,13000.00,'active','2016-04-14 14:42:42'),(663,1452,'8991002105485',1,833.00,1250.00,1250.00,'active','2016-04-14 14:42:42'),(663,1453,'Pelayanan750',1,750.00,750.00,750.00,'active','2016-04-14 14:42:42'),(664,1454,'8991906101101',1,14000.00,17000.00,17000.00,'active','2016-04-14 14:43:36'),(665,1455,'8992696404441',1,7000.00,8000.00,8000.00,'active','2016-04-14 14:44:07'),(666,1456,'8991002105485',1,833.00,1250.00,1250.00,'active','2016-04-14 14:44:38'),(666,1457,'Pelayanan750',1,750.00,750.00,750.00,'active','2016-04-14 14:44:38'),(667,1458,'9311931024036',1,1000.00,1500.00,1500.00,'active','2016-04-14 14:46:12'),(667,1459,'Pelayanan1500',1,1500.00,1500.00,1500.00,'active','2016-04-14 14:46:12'),(667,1460,'8991002105485',1,833.00,1250.00,1250.00,'active','2016-04-14 14:46:12'),(667,1461,'Pelayanan750',1,750.00,750.00,750.00,'active','2016-04-14 14:46:12'),(667,1462,'yalkul001',1,1500.00,2000.00,2000.00,'active','2016-04-14 14:46:12'),(668,1463,'9311931201208',2,1400.00,2000.00,4000.00,'active','2016-04-14 14:47:47'),(668,1464,'8991002105485',2,833.00,1250.00,2500.00,'active','2016-04-14 14:47:47'),(668,1465,'Pelayanan1000',2,0.00,1000.00,2000.00,'active','2016-04-14 14:47:47'),(668,1466,'Pelayanan750',2,750.00,750.00,1500.00,'active','2016-04-14 14:47:47'),(669,1467,'8992858527308',1,4000.00,5000.00,5000.00,'active','2016-04-14 14:48:17'),(670,1468,'8991002105485',1,833.00,1250.00,1250.00,'active','2016-04-14 14:48:53'),(670,1469,'Pelayanan750',1,750.00,750.00,750.00,'active','2016-04-14 14:48:53'),(671,1470,'8991002105485',1,833.00,1250.00,1250.00,'active','2016-04-14 14:49:45'),(671,1471,'Pelayanan750',1,750.00,750.00,750.00,'active','2016-04-14 14:49:45'),(672,1472,'8998898101409',1,1958.00,3000.00,3000.00,'active','2016-04-14 14:50:12'),(673,1473,'76239878',2,18400.00,20000.00,40000.00,'active','2016-04-14 15:08:05'),(673,1474,'8998989100120',2,13550.00,15000.00,30000.00,'active','2016-04-14 15:08:05'),(673,1475,'8991002105485',10,833.00,1250.00,12500.00,'active','2016-04-14 15:08:05'),(673,1476,'Pelayanan750',10,750.00,750.00,7500.00,'active','2016-04-14 15:08:05'),(673,1477,'9311931024036',4,1000.00,1500.00,6000.00,'active','2016-04-14 15:08:05'),(673,1478,'8992858527308',2,4000.00,5000.00,10000.00,'active','2016-04-14 15:08:05'),(673,1479,'8886008101053',1,1700.00,3000.00,3000.00,'active','2016-04-14 15:08:05'),(673,1480,'8991906101019',2,13650.00,15000.00,30000.00,'active','2016-04-14 15:08:05'),(673,1481,'8996001600306',1,4100.00,6000.00,6000.00,'active','2016-04-14 15:08:05'),(673,1482,'8999909010567',1,16050.00,18000.00,18000.00,'active','2016-04-14 15:08:05'),(673,1483,'8992761166038',1,4790.00,6000.00,6000.00,'active','2016-04-14 15:08:05'),(673,1484,'8886001038011',2,1500.00,2000.00,4000.00,'active','2016-04-14 15:08:05'),(673,1485,'8999909096004',1,16575.00,18500.00,18500.00,'active','2016-04-14 15:08:05'),(673,1486,'permen0001',6,200.00,250.00,1500.00,'active','2016-04-14 15:08:05'),(673,1487,'8995078803078',1,11950.00,13000.00,13000.00,'active','2016-04-14 15:08:05'),(673,1488,'Pelayanan1500',2,1500.00,1500.00,3000.00,'active','2016-04-14 15:08:05'),(674,1489,'8999909028234',1,13325.00,15000.00,15000.00,'active','2016-04-14 15:09:42'),(674,1490,'8996006855145',1,4500.00,6000.00,6000.00,'active','2016-04-14 15:09:42'),(675,1491,'8999909010567',1,16050.00,18000.00,18000.00,'active','2016-04-14 15:10:56'),(676,1492,'8999909028234',2,13325.00,15000.00,30000.00,'active','2016-04-14 15:11:51'),(677,1493,'8999909096004',4,16575.00,18500.00,74000.00,'active','2016-04-14 15:18:44'),(677,1494,'76164217',1,18400.00,20000.00,20000.00,'active','2016-04-14 15:18:44'),(678,1495,'8999909000377',1,17100.00,19000.00,19000.00,'active','2016-04-14 15:48:27'),(679,1496,'8999909010567',1,16050.00,18000.00,18000.00,'active','2016-04-14 15:53:15'),(679,1497,'8991002105485',1,833.00,1250.00,1250.00,'active','2016-04-14 15:53:15'),(679,1498,'Pelayanan750',1,750.00,750.00,750.00,'active','2016-04-14 15:53:15'),(679,1499,'8886008101053',1,1700.00,3000.00,3000.00,'active','2016-04-14 15:53:15'),(680,1500,'8991906101316',1,12000.00,15000.00,15000.00,'active','2016-04-14 15:57:59'),(680,1501,'8996006855145',1,4500.00,6000.00,6000.00,'active','2016-04-14 15:57:59'),(680,1502,'8991002105485',2,833.00,1250.00,2500.00,'active','2016-04-14 15:57:59'),(680,1503,'Pelayanan750',2,750.00,750.00,1500.00,'active','2016-04-14 15:57:59'),(681,1504,'8998989100120',1,13550.00,15000.00,15000.00,'active','2016-04-14 16:03:32'),(681,1505,'8994287316034',1,1000.00,2000.00,2000.00,'active','2016-04-14 16:03:32'),(682,1506,'8991906101019',1,13650.00,15000.00,15000.00,'active','2016-04-14 16:04:40'),(683,1507,'8995078803078',2,11950.00,13000.00,26000.00,'active','2016-04-14 16:06:54'),(683,1508,'8991002105485',2,833.00,1250.00,2500.00,'active','2016-04-14 16:06:54'),(683,1509,'Pelayanan750',2,750.00,750.00,1500.00,'active','2016-04-14 16:06:54'),(684,1510,'8995078803078',1,11950.00,13000.00,13000.00,'active','2016-04-14 16:10:17'),(684,1511,'8991002105485',1,833.00,1250.00,1250.00,'active','2016-04-14 16:10:17'),(684,1512,'Pelayanan750',1,750.00,750.00,750.00,'active','2016-04-14 16:10:17'),(685,1513,'8999909096004',1,16575.00,18500.00,18500.00,'active','2016-04-14 16:12:03'),(685,1514,'8886008101053',1,1700.00,3000.00,3000.00,'active','2016-04-14 16:12:03'),(686,1515,'9311931024036',1,1000.00,1500.00,1500.00,'active','2016-04-14 16:13:00'),(686,1516,'Pelayanan1500',1,1500.00,1500.00,1500.00,'active','2016-04-14 16:13:00'),(687,1517,'8995078803078',10,11950.00,13000.00,130000.00,'active','2016-04-14 16:21:27'),(687,1518,'8991102300544',1,9000.00,11000.00,11000.00,'active','2016-04-14 16:21:27'),(687,1519,'8992760221028',2,6500.00,7500.00,15000.00,'active','2016-04-14 16:21:27'),(687,1520,'8996001302637',2,5000.00,6500.00,13000.00,'active','2016-04-14 16:21:27'),(687,1521,'8999999045869',5,2250.00,3000.00,15000.00,'active','2016-04-14 16:21:27'),(687,1522,'8999999045852',3,2250.00,3000.00,9000.00,'active','2016-04-14 16:21:27'),(687,1523,'8999999045876',2,2500.00,3000.00,6000.00,'active','2016-04-14 16:21:27'),(687,1524,'8999999033217',1,13750.00,15000.00,15000.00,'active','2016-04-14 16:21:27'),(687,1525,'8999999029333',1,7500.00,9000.00,9000.00,'active','2016-04-14 16:21:27'),(687,1526,'8992753100101',2,12400.00,13500.00,27000.00,'active','2016-04-14 16:21:27'),(688,1527,'8992696415072',1,79000.00,83000.00,83000.00,'active','2016-04-14 16:30:25'),(689,1528,'8999909096004',10,16575.00,18500.00,185000.00,'active','2016-04-15 11:09:50'),(690,1529,'8999909096004',10,16575.00,18500.00,185000.00,'active','2016-04-15 11:11:23'),(691,1530,'8991002103238',1,930.00,1500.00,1500.00,'active','2016-04-15 11:41:25'),(691,1531,'Pelayanan1500',1,1500.00,1500.00,1500.00,'active','2016-04-15 11:41:25'),(691,1532,'8996001600146',1,2083.00,4000.00,4000.00,'active','2016-04-15 11:41:25'),(692,1533,'8996001600146',1,2083.00,4000.00,4000.00,'active','2016-04-15 11:42:24'),(692,1534,'8991002105485',5,833.00,1250.00,6250.00,'active','2016-04-15 11:42:24'),(692,1535,'Pelayanan750',5,750.00,750.00,3750.00,'active','2016-04-15 11:42:24'),(693,1536,'8999909028234',1,13325.00,15000.00,15000.00,'active','2016-04-15 11:42:55'),(694,1537,'8991002105485',1,833.00,1250.00,1250.00,'active','2016-04-15 11:43:27'),(694,1538,'Pelayanan750',1,750.00,750.00,750.00,'active','2016-04-15 11:43:27'),(695,1539,'76239878',1,18400.00,20000.00,20000.00,'active','2016-04-15 11:44:18'),(696,1540,'8995078803078',1,11950.00,13000.00,13000.00,'active','2016-04-15 11:45:04'),(696,1541,'8994171101289',1,930.00,1500.00,1500.00,'active','2016-04-15 11:45:04'),(697,1542,'8999909028999',1,15350.00,17000.00,17000.00,'active','2016-04-15 11:46:01'),(697,1543,'9311931024036',1,1000.00,1500.00,1500.00,'active','2016-04-15 11:46:01'),(697,1544,'Pelayanan1500',1,1500.00,1500.00,1500.00,'active','2016-04-15 11:46:01'),(698,1545,'8999909096004',1,16575.00,18500.00,18500.00,'active','2016-04-15 11:46:31'),(699,1546,'8991906101101',1,14000.00,17000.00,17000.00,'active','2016-04-15 12:08:46'),(699,1547,'8858891302114',1,3500.00,5000.00,5000.00,'active','2016-04-15 12:08:46'),(700,1548,'8996006855145',1,4500.00,6000.00,6000.00,'active','2016-04-15 12:19:16'),(700,1549,'76239878',2,18400.00,20000.00,40000.00,'active','2016-04-15 12:19:16'),(700,1550,'8991002101630',1,900.00,1500.00,1500.00,'active','2016-04-15 12:19:16'),(700,1551,'Pelayanan1500',1,1500.00,1500.00,1500.00,'active','2016-04-15 12:19:16'),(701,1552,'8999909010567',1,16050.00,18000.00,18000.00,'active','2016-04-15 12:25:56'),(702,1553,'8995078803078',1,11950.00,13000.00,13000.00,'active','2016-04-15 12:27:29'),(702,1554,'Pelayanan750',1,750.00,750.00,750.00,'active','2016-04-15 12:27:29'),(702,1555,'8991002105485',1,833.00,1250.00,1250.00,'active','2016-04-15 12:27:29'),(703,1556,'8991906105758',1,14300.00,16000.00,16000.00,'active','2016-04-15 12:28:31'),(703,1557,'8991002105485',1,833.00,1250.00,1250.00,'active','2016-04-15 12:28:31'),(703,1558,'Pelayanan750',1,750.00,750.00,750.00,'active','2016-04-15 12:28:31'),(704,1559,'8991002105485',1,833.00,1250.00,1250.00,'active','2016-04-15 12:29:28'),(704,1560,'Pelayanan750',1,750.00,750.00,750.00,'active','2016-04-15 12:29:28'),(705,1561,'8991002105485',1,833.00,1250.00,1250.00,'active','2016-04-15 12:30:17'),(705,1562,'Pelayanan750',1,750.00,750.00,750.00,'active','2016-04-15 12:30:17'),(706,1563,'9311931024036',1,1000.00,1500.00,1500.00,'active','2016-04-15 12:30:45'),(706,1564,'Pelayanan1500',1,1500.00,1500.00,1500.00,'active','2016-04-15 12:30:45'),(707,1565,'8886008101053',1,1700.00,3000.00,3000.00,'active','2016-04-15 12:31:10'),(708,1566,'8993176110067',1,28000.00,30000.00,30000.00,'active','2016-04-15 12:31:58'),(709,1567,'8996001600146',1,2083.00,4000.00,4000.00,'active','2016-04-15 12:32:23'),(710,1568,'8999909076006',1,16550.00,18500.00,18500.00,'active','2016-04-15 12:33:42'),(710,1569,'9311931024036',1,1000.00,1500.00,1500.00,'active','2016-04-15 12:33:42'),(710,1570,'Pelayanan1500',1,1500.00,1500.00,1500.00,'active','2016-04-15 12:33:42'),(710,1571,'8992753102204',2,8500.00,9000.00,18000.00,'active','2016-04-15 12:33:42'),(711,1572,'8999999390198',2,11500.00,13000.00,26000.00,'active','2016-04-15 12:35:24'),(711,1573,'8888166991224',3,3000.00,4000.00,12000.00,'active','2016-04-15 12:35:24');

/*Table structure for table `transaksi_penarikan` */

DROP TABLE IF EXISTS `transaksi_penarikan`;

CREATE TABLE `transaksi_penarikan` (
  `NoPengunduranDiri` int(11) NOT NULL,
  `kode_jenis_simpanan` int(11) NOT NULL,
  `jumlahTarik` decimal(20,2) DEFAULT NULL,
  `timestamp` timestamp NULL DEFAULT CURRENT_TIMESTAMP,
  PRIMARY KEY (`NoPengunduranDiri`,`kode_jenis_simpanan`),
  CONSTRAINT `transaksi_penarikan_ibfk_1` FOREIGN KEY (`NoPengunduranDiri`) REFERENCES `resign` (`NoPengunduranDiri`) ON DELETE CASCADE ON UPDATE CASCADE
) ENGINE=InnoDB DEFAULT CHARSET=latin1;

/*Data for the table `transaksi_penarikan` */

/*Table structure for table `transaksi_pinjaman` */

DROP TABLE IF EXISTS `transaksi_pinjaman`;

CREATE TABLE `transaksi_pinjaman` (
  `id` int(11) NOT NULL AUTO_INCREMENT,
  `pinjaman_id` varchar(255) NOT NULL DEFAULT '',
  `no_anggota` int(11) NOT NULL,
  `jumlah_pinjaman` decimal(20,2) DEFAULT '0.00',
  `total_pinjaman` decimal(20,2) DEFAULT '0.00',
  `lama_cicilan` int(11) DEFAULT '0',
  `bunga` decimal(20,2) DEFAULT '0.00',
  `keterangan` varchar(255) DEFAULT '',
  `status` enum('lunas','belum') DEFAULT 'belum',
  `time_created` timestamp NOT NULL DEFAULT CURRENT_TIMESTAMP,
  PRIMARY KEY (`id`,`no_anggota`)
) ENGINE=InnoDB DEFAULT CHARSET=utf8;

/*Data for the table `transaksi_pinjaman` */

/*Table structure for table `transaksi_simpanan` */

DROP TABLE IF EXISTS `transaksi_simpanan`;

CREATE TABLE `transaksi_simpanan` (
  `kode_simpanan` int(11) NOT NULL AUTO_INCREMENT,
  `no_anggota` int(11) DEFAULT NULL,
  `total_simpanan` decimal(20,2) DEFAULT '0.00',
  `created_timestamp` timestamp NULL DEFAULT CURRENT_TIMESTAMP,
  PRIMARY KEY (`kode_simpanan`),
  KEY `no_anggota` (`no_anggota`),
  CONSTRAINT `transaksi_simpanan_ibfk_1` FOREIGN KEY (`no_anggota`) REFERENCES `master_anggota` (`no_anggota`) ON DELETE CASCADE ON UPDATE CASCADE
) ENGINE=InnoDB AUTO_INCREMENT=224 DEFAULT CHARSET=utf8;

/*Data for the table `transaksi_simpanan` */

insert  into `transaksi_simpanan`(`kode_simpanan`,`no_anggota`,`total_simpanan`,`created_timestamp`) values (1,1,2875000.00,'2016-02-13 08:34:41'),(2,2,2875000.00,'2016-02-13 08:34:41'),(3,3,2550000.00,'2016-02-13 08:34:41'),(4,4,2425000.00,'2016-02-13 08:34:41'),(5,5,2000000.00,'2016-02-13 08:34:41'),(6,6,1600000.00,'2016-02-13 08:34:41'),(7,7,2000000.00,'2016-02-13 08:34:41'),(8,8,2875000.00,'2016-02-13 08:34:41'),(9,9,2875000.00,'2016-02-13 08:34:41'),(10,10,2875000.00,'2016-02-13 08:34:41'),(11,11,2875000.00,'2016-02-13 08:34:41'),(12,12,2875000.00,'2016-02-13 08:34:41'),(13,13,2875000.00,'2016-02-13 08:34:41'),(14,14,2875000.00,'2016-02-13 08:34:41'),(15,15,2875000.00,'2016-02-13 08:34:41'),(16,16,2625000.00,'2016-02-13 08:34:41'),(17,17,2875000.00,'2016-02-13 08:34:41'),(18,18,2875000.00,'2016-02-13 08:34:41'),(19,19,2875000.00,'2016-02-13 08:34:41'),(20,20,2875000.00,'2016-02-13 08:34:41'),(21,21,2000000.00,'2016-02-13 08:34:41'),(22,22,2875000.00,'2016-02-13 08:34:41'),(23,23,2875000.00,'2016-02-13 08:34:41'),(24,24,2875000.00,'2016-02-13 08:34:41'),(25,25,2875000.00,'2016-02-13 08:34:41'),(26,26,2875000.00,'2016-02-13 08:34:41'),(27,27,1700000.00,'2016-02-13 08:34:41'),(28,28,2000000.00,'2016-02-13 08:34:41'),(29,29,2875000.00,'2016-02-13 08:34:41'),(30,30,2000000.00,'2016-02-13 08:34:41'),(31,31,2875000.00,'2016-02-13 08:34:41'),(32,32,200000.00,'2016-02-13 08:34:41'),(33,33,2875000.00,'2016-02-13 08:34:41'),(34,34,2875000.00,'2016-02-13 08:34:41'),(35,35,2875000.00,'2016-02-13 08:34:41'),(36,36,2875000.00,'2016-02-13 08:34:41'),(37,37,2875000.00,'2016-02-13 08:34:41'),(38,38,2875000.00,'2016-02-13 08:34:41'),(39,39,2875000.00,'2016-02-13 08:34:41'),(40,40,2875000.00,'2016-02-13 08:34:41'),(41,41,2875000.00,'2016-02-13 08:34:41'),(42,42,1500000.00,'2016-02-13 08:34:41'),(43,43,2875000.00,'2016-02-13 08:34:41'),(44,44,500000.00,'2016-02-13 08:34:41'),(45,45,200000.00,'2016-02-13 08:34:41'),(46,46,2875000.00,'2016-02-13 08:34:41'),(47,47,1700000.00,'2016-02-13 08:34:41'),(48,48,2875000.00,'2016-02-13 08:34:41'),(49,49,2875000.00,'2016-02-13 08:34:41'),(50,50,2875000.00,'2016-02-13 08:34:41'),(51,51,2875000.00,'2016-02-13 08:34:41'),(52,52,2425000.00,'2016-02-13 08:34:41'),(53,53,2875000.00,'2016-02-13 08:34:41'),(54,54,2425000.00,'2016-02-13 08:34:41'),(55,55,2875000.00,'2016-02-13 08:34:41'),(56,56,2000000.00,'2016-02-13 08:34:41'),(57,57,2725000.00,'2016-02-13 08:34:41'),(58,58,2875000.00,'2016-02-13 08:34:41'),(59,59,2750000.00,'2016-02-13 08:34:41'),(60,60,2750000.00,'2016-02-13 08:34:41'),(61,61,2875000.00,'2016-02-13 08:34:41'),(62,62,800000.00,'2016-02-13 08:34:41'),(63,63,600000.00,'2016-02-13 08:34:41'),(64,64,2875000.00,'2016-02-13 08:34:41'),(65,65,2875000.00,'2016-02-13 08:34:41'),(66,66,2425000.00,'2016-02-13 08:34:41'),(67,67,1600000.00,'2016-02-13 08:34:41'),(68,68,2425000.00,'2016-02-13 08:34:41'),(69,69,200000.00,'2016-02-13 08:34:41'),(70,70,2875000.00,'2016-02-13 08:34:41'),(71,71,2875000.00,'2016-02-13 08:34:41'),(72,72,2875000.00,'2016-02-13 08:34:41'),(73,73,2100000.00,'2016-02-13 08:34:41'),(74,74,2100000.00,'2016-02-13 08:34:41'),(75,75,2875000.00,'2016-02-13 08:34:41'),(76,76,2575000.00,'2016-02-13 08:34:41'),(77,77,2875000.00,'2016-02-13 08:34:41'),(78,78,2875000.00,'2016-02-13 08:34:41'),(79,79,2875000.00,'2016-02-13 08:34:41'),(80,80,2875000.00,'2016-02-13 08:34:41'),(81,81,2875000.00,'2016-02-13 08:34:41'),(82,82,2875000.00,'2016-02-13 08:34:41'),(83,83,2875000.00,'2016-02-13 08:34:41'),(84,84,2875000.00,'2016-02-13 08:34:41'),(85,85,2875000.00,'2016-02-13 08:34:41'),(86,86,2000000.00,'2016-02-13 08:34:41'),(87,87,2875000.00,'2016-02-13 08:34:41'),(88,88,2875000.00,'2016-02-13 08:34:41'),(89,89,2875000.00,'2016-02-13 08:34:41'),(90,90,800000.00,'2016-02-13 08:34:41'),(91,91,1800000.00,'2016-02-13 08:34:41'),(92,92,2875000.00,'2016-02-13 08:34:41'),(93,93,2875000.00,'2016-02-13 08:34:41'),(94,94,2100000.00,'2016-02-13 08:34:41'),(95,95,500000.00,'2016-02-13 08:34:41'),(96,96,2875000.00,'2016-02-13 08:34:41'),(97,97,2875000.00,'2016-02-13 08:34:41'),(98,98,2875000.00,'2016-02-13 08:34:41'),(99,99,2100000.00,'2016-02-13 08:34:41'),(100,100,2875000.00,'2016-02-13 08:34:41'),(101,101,2875000.00,'2016-02-13 08:34:41'),(102,102,2425000.00,'2016-02-13 08:34:41'),(103,103,1900000.00,'2016-02-13 08:34:41'),(104,104,2875000.00,'2016-02-13 08:34:41'),(105,105,200000.00,'2016-02-13 08:34:41'),(106,106,2100000.00,'2016-02-13 08:34:41'),(107,107,500000.00,'2016-02-13 08:34:41'),(108,108,2875000.00,'2016-02-13 08:34:41'),(109,109,400000.00,'2016-02-13 08:34:41'),(110,110,2325000.00,'2016-02-13 08:34:41'),(111,111,2875000.00,'2016-02-13 08:34:41'),(112,112,2100000.00,'2016-02-13 08:34:41'),(113,113,2875000.00,'2016-02-13 08:34:41'),(114,114,2875000.00,'2016-02-13 08:34:41'),(115,115,2000000.00,'2016-02-13 08:34:41'),(116,116,2875000.00,'2016-02-13 08:34:41'),(117,117,500000.00,'2016-02-13 08:34:41'),(118,118,2875000.00,'2016-02-13 08:34:41'),(119,119,2875000.00,'2016-02-13 08:34:41'),(120,120,2875000.00,'2016-02-13 08:34:41'),(121,121,2875000.00,'2016-02-13 08:34:41'),(122,122,2875000.00,'2016-02-13 08:34:41'),(123,123,2875000.00,'2016-02-13 08:34:41'),(124,124,2875000.00,'2016-02-13 08:34:41'),(125,125,2425000.00,'2016-02-13 08:34:41'),(126,126,2875000.00,'2016-02-13 08:34:41'),(127,127,1600000.00,'2016-02-13 08:34:41'),(128,128,2875000.00,'2016-02-13 08:34:41'),(129,129,2875000.00,'2016-02-13 08:34:41'),(130,130,1600000.00,'2016-02-13 08:34:41'),(131,131,400000.00,'2016-02-13 08:34:41'),(132,132,2875000.00,'2016-02-13 08:34:41'),(133,133,2875000.00,'2016-02-13 08:34:41'),(134,134,2875000.00,'2016-02-13 08:34:41'),(135,135,2875000.00,'2016-02-13 08:34:41'),(136,136,2325000.00,'2016-02-13 08:34:41'),(137,137,2875000.00,'2016-02-13 08:34:41'),(138,138,800000.00,'2016-02-13 08:34:41'),(139,139,2875000.00,'2016-02-13 08:34:41'),(140,140,1100000.00,'2016-02-13 08:34:41'),(141,141,2875000.00,'2016-02-13 08:34:41'),(142,142,2425000.00,'2016-02-13 08:34:41'),(143,143,2000000.00,'2016-02-13 08:34:41'),(144,144,2875000.00,'2016-02-13 08:34:41'),(145,145,2875000.00,'2016-02-13 08:34:41'),(146,146,2875000.00,'2016-02-13 08:34:41'),(147,147,2875000.00,'2016-02-13 08:34:41'),(148,148,2725000.00,'2016-02-13 08:34:41'),(149,149,2875000.00,'2016-02-13 08:34:41'),(150,150,2875000.00,'2016-02-13 08:34:41'),(151,151,200000.00,'2016-02-13 08:34:41'),(152,152,2875000.00,'2016-02-13 08:34:41'),(153,153,2875000.00,'2016-02-13 08:34:41'),(154,154,2775000.00,'2016-02-13 08:34:41'),(155,155,2000000.00,'2016-02-13 08:34:41'),(156,156,2875000.00,'2016-02-13 08:34:41'),(157,157,1100000.00,'2016-02-13 08:34:41'),(158,158,2875000.00,'2016-02-13 08:34:41'),(159,159,2875000.00,'2016-02-13 08:34:41'),(160,160,2875000.00,'2016-02-13 08:34:41'),(161,161,2875000.00,'2016-02-13 08:34:41'),(162,162,2775000.00,'2016-02-13 08:34:41'),(163,163,2875000.00,'2016-02-13 08:34:41'),(164,164,2875000.00,'2016-02-13 08:34:41'),(165,165,1300000.00,'2016-02-13 08:34:41'),(166,166,2875000.00,'2016-02-13 08:34:41'),(167,167,2550000.00,'2016-02-13 08:34:41'),(168,168,2875000.00,'2016-02-13 08:34:41'),(169,169,2725000.00,'2016-02-13 08:34:41'),(170,170,2875000.00,'2016-02-13 08:34:41'),(171,171,2875000.00,'2016-02-13 08:34:41'),(172,172,2875000.00,'2016-02-13 08:34:41'),(173,173,2875000.00,'2016-02-13 08:34:41'),(174,174,2875000.00,'2016-02-13 08:34:41'),(175,175,2875000.00,'2016-02-13 08:34:41'),(176,176,1900000.00,'2016-02-13 08:34:41'),(177,177,2875000.00,'2016-02-13 08:34:41'),(178,178,2875000.00,'2016-02-13 08:34:41'),(179,179,2875000.00,'2016-02-13 08:34:41'),(180,180,2875000.00,'2016-02-13 08:34:41'),(181,181,1200000.00,'2016-02-13 08:34:41'),(182,182,2875000.00,'2016-02-13 08:34:41'),(183,183,2875000.00,'2016-02-13 08:34:41'),(184,184,2875000.00,'2016-02-13 08:34:41'),(185,185,1400000.00,'2016-02-13 08:34:41'),(186,186,2875000.00,'2016-02-13 08:34:41'),(187,187,2875000.00,'2016-02-13 08:34:41'),(188,188,2875000.00,'2016-02-13 08:34:41'),(189,189,2875000.00,'2016-02-13 08:34:41'),(190,190,2875000.00,'2016-02-13 08:34:41'),(191,191,2875000.00,'2016-02-13 08:34:41'),(192,192,2875000.00,'2016-02-13 08:34:41'),(193,193,2875000.00,'2016-02-13 08:34:41'),(194,194,2000000.00,'2016-02-13 08:34:41'),(195,195,200000.00,'2016-02-13 08:34:41'),(196,196,2875000.00,'2016-02-13 08:34:41'),(197,197,200000.00,'2016-02-13 08:34:41'),(198,198,2875000.00,'2016-02-13 08:34:41'),(199,199,2525000.00,'2016-02-13 08:34:41'),(200,200,2875000.00,'2016-02-13 08:34:41'),(201,201,2875000.00,'2016-02-13 08:34:41'),(202,202,2875000.00,'2016-02-13 08:34:41'),(203,203,2875000.00,'2016-02-13 08:34:41'),(204,204,2875000.00,'2016-02-13 08:34:41'),(205,205,2000000.00,'2016-02-13 08:34:41'),(206,206,2875000.00,'2016-02-13 08:34:41'),(207,207,2875000.00,'2016-02-13 08:34:41'),(208,208,2875000.00,'2016-02-13 08:34:41'),(209,209,2775000.00,'2016-02-13 08:34:41'),(210,210,2875000.00,'2016-02-13 08:34:41'),(211,211,2775000.00,'2016-02-13 08:34:41'),(212,212,2875000.00,'2016-02-13 08:34:41'),(213,213,2875000.00,'2016-02-13 08:34:41'),(214,214,2875000.00,'2016-02-13 08:34:41'),(215,215,2875000.00,'2016-02-13 08:34:41'),(216,216,2875000.00,'2016-02-13 08:34:41'),(217,217,2600000.00,'2016-02-13 08:34:41'),(218,218,100000.00,'2016-04-06 11:16:00'),(219,219,100000.00,'2016-04-06 11:16:37'),(220,220,100000.00,'2016-04-06 11:17:07'),(221,221,100000.00,'2016-04-06 11:17:33'),(222,222,100000.00,'2016-04-06 11:18:14'),(223,223,100000.00,'2016-04-11 14:21:36');

/*Table structure for table `transaksi_simpanan_detail` */

DROP TABLE IF EXISTS `transaksi_simpanan_detail`;

CREATE TABLE `transaksi_simpanan_detail` (
  `kode_simpanan_detail` int(11) NOT NULL AUTO_INCREMENT,
  `kode_simpanan` int(11) DEFAULT NULL,
  `kode_jenis_simpanan` int(11) DEFAULT NULL,
  `jumlah_simpanan` decimal(20,2) DEFAULT '0.00',
  `created_timestamp` timestamp NOT NULL DEFAULT CURRENT_TIMESTAMP,
  PRIMARY KEY (`kode_simpanan_detail`),
  KEY `kode_simpanan` (`kode_simpanan`),
  KEY `kode_jenis_simpanan` (`kode_jenis_simpanan`),
  CONSTRAINT `transaksi_simpanan_detail_ibfk_1` FOREIGN KEY (`kode_simpanan`) REFERENCES `transaksi_simpanan` (`kode_simpanan`) ON DELETE CASCADE ON UPDATE CASCADE,
  CONSTRAINT `transaksi_simpanan_detail_ibfk_2` FOREIGN KEY (`kode_jenis_simpanan`) REFERENCES `master_jenis_simpanan` (`kode_jenis_simpanan`) ON DELETE CASCADE ON UPDATE CASCADE
) ENGINE=InnoDB AUTO_INCREMENT=224 DEFAULT CHARSET=utf8;

/*Data for the table `transaksi_simpanan_detail` */

insert  into `transaksi_simpanan_detail`(`kode_simpanan_detail`,`kode_simpanan`,`kode_jenis_simpanan`,`jumlah_simpanan`,`created_timestamp`) values (1,1,5,2875000.00,'2016-02-13 08:41:04'),(2,2,5,2875000.00,'2016-02-13 08:41:04'),(3,3,5,2550000.00,'2016-02-13 08:41:04'),(4,4,5,2425000.00,'2016-02-13 08:41:04'),(5,5,5,2000000.00,'2016-02-13 08:41:04'),(6,6,5,1600000.00,'2016-02-13 08:41:04'),(7,7,5,2000000.00,'2016-02-13 08:41:04'),(8,8,5,2875000.00,'2016-02-13 08:41:04'),(9,9,5,2875000.00,'2016-02-13 08:41:04'),(10,10,5,2875000.00,'2016-02-13 08:41:04'),(11,11,5,2875000.00,'2016-02-13 08:41:04'),(12,12,5,2875000.00,'2016-02-13 08:41:04'),(13,13,5,2875000.00,'2016-02-13 08:41:04'),(14,14,5,2875000.00,'2016-02-13 08:41:04'),(15,15,5,2875000.00,'2016-02-13 08:41:04'),(16,16,5,2625000.00,'2016-02-13 08:41:04'),(17,17,5,2875000.00,'2016-02-13 08:41:04'),(18,18,5,2875000.00,'2016-02-13 08:41:04'),(19,19,5,2875000.00,'2016-02-13 08:41:04'),(20,20,5,2875000.00,'2016-02-13 08:41:04'),(21,21,5,2000000.00,'2016-02-13 08:41:04'),(22,22,5,2875000.00,'2016-02-13 08:41:04'),(23,23,5,2875000.00,'2016-02-13 08:41:04'),(24,24,5,2875000.00,'2016-02-13 08:41:04'),(25,25,5,2875000.00,'2016-02-13 08:41:04'),(26,26,5,2875000.00,'2016-02-13 08:41:04'),(27,27,5,1700000.00,'2016-02-13 08:41:04'),(28,28,5,2000000.00,'2016-02-13 08:41:04'),(29,29,5,2875000.00,'2016-02-13 08:41:04'),(30,30,5,2000000.00,'2016-02-13 08:41:04'),(31,31,5,2875000.00,'2016-02-13 08:41:04'),(32,32,5,200000.00,'2016-02-13 08:41:04'),(33,33,5,2875000.00,'2016-02-13 08:41:04'),(34,34,5,2875000.00,'2016-02-13 08:41:04'),(35,35,5,2875000.00,'2016-02-13 08:41:04'),(36,36,5,2875000.00,'2016-02-13 08:41:04'),(37,37,5,2875000.00,'2016-02-13 08:41:04'),(38,38,5,2875000.00,'2016-02-13 08:41:04'),(39,39,5,2875000.00,'2016-02-13 08:41:04'),(40,40,5,2875000.00,'2016-02-13 08:41:04'),(41,41,5,2875000.00,'2016-02-13 08:41:04'),(42,42,5,1500000.00,'2016-02-13 08:41:04'),(43,43,5,2875000.00,'2016-02-13 08:41:04'),(44,44,5,500000.00,'2016-02-13 08:41:04'),(45,45,5,200000.00,'2016-02-13 08:41:04'),(46,46,5,2875000.00,'2016-02-13 08:41:04'),(47,47,5,1700000.00,'2016-02-13 08:41:04'),(48,48,5,2875000.00,'2016-02-13 08:41:04'),(49,49,5,2875000.00,'2016-02-13 08:41:04'),(50,50,5,2875000.00,'2016-02-13 08:41:04'),(51,51,5,2875000.00,'2016-02-13 08:41:04'),(52,52,5,2425000.00,'2016-02-13 08:41:04'),(53,53,5,2875000.00,'2016-02-13 08:41:04'),(54,54,5,2425000.00,'2016-02-13 08:41:04'),(55,55,5,2875000.00,'2016-02-13 08:41:04'),(56,56,5,2000000.00,'2016-02-13 08:41:04'),(57,57,5,2725000.00,'2016-02-13 08:41:04'),(58,58,5,2875000.00,'2016-02-13 08:41:04'),(59,59,5,2750000.00,'2016-02-13 08:41:04'),(60,60,5,2750000.00,'2016-02-13 08:41:04'),(61,61,5,2875000.00,'2016-02-13 08:41:04'),(62,62,5,800000.00,'2016-02-13 08:41:04'),(63,63,5,600000.00,'2016-02-13 08:41:04'),(64,64,5,2875000.00,'2016-02-13 08:41:04'),(65,65,5,2875000.00,'2016-02-13 08:41:04'),(66,66,5,2425000.00,'2016-02-13 08:41:04'),(67,67,5,1600000.00,'2016-02-13 08:41:04'),(68,68,5,2425000.00,'2016-02-13 08:41:04'),(69,69,5,200000.00,'2016-02-13 08:41:04'),(70,70,5,2875000.00,'2016-02-13 08:41:04'),(71,71,5,2875000.00,'2016-02-13 08:41:04'),(72,72,5,2875000.00,'2016-02-13 08:41:04'),(73,73,5,2100000.00,'2016-02-13 08:41:04'),(74,74,5,2100000.00,'2016-02-13 08:41:04'),(75,75,5,2875000.00,'2016-02-13 08:41:04'),(76,76,5,2575000.00,'2016-02-13 08:41:04'),(77,77,5,2875000.00,'2016-02-13 08:41:04'),(78,78,5,2875000.00,'2016-02-13 08:41:04'),(79,79,5,2875000.00,'2016-02-13 08:41:04'),(80,80,5,2875000.00,'2016-02-13 08:41:04'),(81,81,5,2875000.00,'2016-02-13 08:41:04'),(82,82,5,2875000.00,'2016-02-13 08:41:04'),(83,83,5,2875000.00,'2016-02-13 08:41:04'),(84,84,5,2875000.00,'2016-02-13 08:41:04'),(85,85,5,2875000.00,'2016-02-13 08:41:04'),(86,86,5,2000000.00,'2016-02-13 08:41:04'),(87,87,5,2875000.00,'2016-02-13 08:41:04'),(88,88,5,2875000.00,'2016-02-13 08:41:04'),(89,89,5,2875000.00,'2016-02-13 08:41:04'),(90,90,5,800000.00,'2016-02-13 08:41:04'),(91,91,5,1800000.00,'2016-02-13 08:41:04'),(92,92,5,2875000.00,'2016-02-13 08:41:04'),(93,93,5,2875000.00,'2016-02-13 08:41:04'),(94,94,5,2100000.00,'2016-02-13 08:41:04'),(95,95,5,500000.00,'2016-02-13 08:41:04'),(96,96,5,2875000.00,'2016-02-13 08:41:04'),(97,97,5,2875000.00,'2016-02-13 08:41:04'),(98,98,5,2875000.00,'2016-02-13 08:41:04'),(99,99,5,2100000.00,'2016-02-13 08:41:04'),(100,100,5,2875000.00,'2016-02-13 08:41:04'),(101,101,5,2875000.00,'2016-02-13 08:41:04'),(102,102,5,2425000.00,'2016-02-13 08:41:04'),(103,103,5,1900000.00,'2016-02-13 08:41:04'),(104,104,5,2875000.00,'2016-02-13 08:41:04'),(105,105,5,200000.00,'2016-02-13 08:41:04'),(106,106,5,2100000.00,'2016-02-13 08:41:04'),(107,107,5,500000.00,'2016-02-13 08:41:04'),(108,108,5,2875000.00,'2016-02-13 08:41:04'),(109,109,5,400000.00,'2016-02-13 08:41:04'),(110,110,5,2325000.00,'2016-02-13 08:41:04'),(111,111,5,2875000.00,'2016-02-13 08:41:04'),(112,112,5,2100000.00,'2016-02-13 08:41:04'),(113,113,5,2875000.00,'2016-02-13 08:41:04'),(114,114,5,2875000.00,'2016-02-13 08:41:04'),(115,115,5,2000000.00,'2016-02-13 08:41:04'),(116,116,5,2875000.00,'2016-02-13 08:41:04'),(117,117,5,500000.00,'2016-02-13 08:41:04'),(118,118,5,2875000.00,'2016-02-13 08:41:04'),(119,119,5,2875000.00,'2016-02-13 08:41:04'),(120,120,5,2875000.00,'2016-02-13 08:41:04'),(121,121,5,2875000.00,'2016-02-13 08:41:04'),(122,122,5,2875000.00,'2016-02-13 08:41:04'),(123,123,5,2875000.00,'2016-02-13 08:41:04'),(124,124,5,2875000.00,'2016-02-13 08:41:04'),(125,125,5,2425000.00,'2016-02-13 08:41:04'),(126,126,5,2875000.00,'2016-02-13 08:41:04'),(127,127,5,1600000.00,'2016-02-13 08:41:04'),(128,128,5,2875000.00,'2016-02-13 08:41:04'),(129,129,5,2875000.00,'2016-02-13 08:41:04'),(130,130,5,1600000.00,'2016-02-13 08:41:04'),(131,131,5,400000.00,'2016-02-13 08:41:04'),(132,132,5,2875000.00,'2016-02-13 08:41:04'),(133,133,5,2875000.00,'2016-02-13 08:41:04'),(134,134,5,2875000.00,'2016-02-13 08:41:04'),(135,135,5,2875000.00,'2016-02-13 08:41:04'),(136,136,5,2325000.00,'2016-02-13 08:41:04'),(137,137,5,2875000.00,'2016-02-13 08:41:04'),(138,138,5,800000.00,'2016-02-13 08:41:04'),(139,139,5,2875000.00,'2016-02-13 08:41:04'),(140,140,5,1100000.00,'2016-02-13 08:41:04'),(141,141,5,2875000.00,'2016-02-13 08:41:04'),(142,142,5,2425000.00,'2016-02-13 08:41:04'),(143,143,5,2000000.00,'2016-02-13 08:41:04'),(144,144,5,2875000.00,'2016-02-13 08:41:04'),(145,145,5,2875000.00,'2016-02-13 08:41:04'),(146,146,5,2875000.00,'2016-02-13 08:41:04'),(147,147,5,2875000.00,'2016-02-13 08:41:04'),(148,148,5,2725000.00,'2016-02-13 08:41:04'),(149,149,5,2875000.00,'2016-02-13 08:41:04'),(150,150,5,2875000.00,'2016-02-13 08:41:04'),(151,151,5,200000.00,'2016-02-13 08:41:04'),(152,152,5,2875000.00,'2016-02-13 08:41:04'),(153,153,5,2875000.00,'2016-02-13 08:41:04'),(154,154,5,2775000.00,'2016-02-13 08:41:04'),(155,155,5,2000000.00,'2016-02-13 08:41:04'),(156,156,5,2875000.00,'2016-02-13 08:41:04'),(157,157,5,1100000.00,'2016-02-13 08:41:04'),(158,158,5,2875000.00,'2016-02-13 08:41:04'),(159,159,5,2875000.00,'2016-02-13 08:41:04'),(160,160,5,2875000.00,'2016-02-13 08:41:04'),(161,161,5,2875000.00,'2016-02-13 08:41:04'),(162,162,5,2775000.00,'2016-02-13 08:41:04'),(163,163,5,2875000.00,'2016-02-13 08:41:04'),(164,164,5,2875000.00,'2016-02-13 08:41:04'),(165,165,5,1300000.00,'2016-02-13 08:41:04'),(166,166,5,2875000.00,'2016-02-13 08:41:04'),(167,167,5,2550000.00,'2016-02-13 08:41:04'),(168,168,5,2875000.00,'2016-02-13 08:41:04'),(169,169,5,2725000.00,'2016-02-13 08:41:04'),(170,170,5,2875000.00,'2016-02-13 08:41:04'),(171,171,5,2875000.00,'2016-02-13 08:41:04'),(172,172,5,2875000.00,'2016-02-13 08:41:04'),(173,173,5,2875000.00,'2016-02-13 08:41:04'),(174,174,5,2875000.00,'2016-02-13 08:41:04'),(175,175,5,2875000.00,'2016-02-13 08:41:04'),(176,176,5,1900000.00,'2016-02-13 08:41:04'),(177,177,5,2875000.00,'2016-02-13 08:41:04'),(178,178,5,2875000.00,'2016-02-13 08:41:04'),(179,179,5,2875000.00,'2016-02-13 08:41:04'),(180,180,5,2875000.00,'2016-02-13 08:41:04'),(181,181,5,1200000.00,'2016-02-13 08:41:04'),(182,182,5,2875000.00,'2016-02-13 08:41:04'),(183,183,5,2875000.00,'2016-02-13 08:41:04'),(184,184,5,2875000.00,'2016-02-13 08:41:04'),(185,185,5,1400000.00,'2016-02-13 08:41:04'),(186,186,5,2875000.00,'2016-02-13 08:41:04'),(187,187,5,2875000.00,'2016-02-13 08:41:04'),(188,188,5,2875000.00,'2016-02-13 08:41:04'),(189,189,5,2875000.00,'2016-02-13 08:41:04'),(190,190,5,2875000.00,'2016-02-13 08:41:04'),(191,191,5,2875000.00,'2016-02-13 08:41:04'),(192,192,5,2875000.00,'2016-02-13 08:41:04'),(193,193,5,2875000.00,'2016-02-13 08:41:04'),(194,194,5,2000000.00,'2016-02-13 08:41:04'),(195,195,5,200000.00,'2016-02-13 08:41:04'),(196,196,5,2875000.00,'2016-02-13 08:41:04'),(197,197,5,200000.00,'2016-02-13 08:41:04'),(198,198,5,2875000.00,'2016-02-13 08:41:04'),(199,199,5,2525000.00,'2016-02-13 08:41:04'),(200,200,5,2875000.00,'2016-02-13 08:41:04'),(201,201,5,2875000.00,'2016-02-13 08:41:04'),(202,202,5,2875000.00,'2016-02-13 08:41:04'),(203,203,5,2875000.00,'2016-02-13 08:41:04'),(204,204,5,2875000.00,'2016-02-13 08:41:04'),(205,205,5,2000000.00,'2016-02-13 08:41:04'),(206,206,5,2875000.00,'2016-02-13 08:41:04'),(207,207,5,2875000.00,'2016-02-13 08:41:04'),(208,208,5,2875000.00,'2016-02-13 08:41:04'),(209,209,5,2775000.00,'2016-02-13 08:41:04'),(210,210,5,2875000.00,'2016-02-13 08:41:04'),(211,211,5,2775000.00,'2016-02-13 08:41:04'),(212,212,5,2875000.00,'2016-02-13 08:41:04'),(213,213,5,2875000.00,'2016-02-13 08:41:04'),(214,214,5,2875000.00,'2016-02-13 08:41:04'),(215,215,5,2875000.00,'2016-02-13 08:41:04'),(216,216,5,2875000.00,'2016-02-13 08:41:04'),(217,217,5,2600000.00,'2016-02-13 08:41:04'),(218,218,1,100000.00,'2016-04-06 11:16:00'),(219,219,1,100000.00,'2016-04-06 11:16:37'),(220,220,1,100000.00,'2016-04-06 11:17:07'),(221,221,1,100000.00,'2016-04-06 11:17:33'),(222,222,1,100000.00,'2016-04-06 11:18:14'),(223,223,1,100000.00,'2016-04-11 14:21:36');

/*Table structure for table `upload_file_opname` */

DROP TABLE IF EXISTS `upload_file_opname`;

CREATE TABLE `upload_file_opname` (
  `id` int(11) NOT NULL AUTO_INCREMENT,
  `nama_file` varchar(255) DEFAULT NULL,
  `insert_timestamp` timestamp NOT NULL DEFAULT CURRENT_TIMESTAMP,
  PRIMARY KEY (`id`)
) ENGINE=InnoDB DEFAULT CHARSET=latin1;

/*Data for the table `upload_file_opname` */

/*Table structure for table `user` */

DROP TABLE IF EXISTS `user`;

CREATE TABLE `user` (
  `account_id` bigint(20) NOT NULL AUTO_INCREMENT,
  `nama` varchar(50) NOT NULL,
  `email` varchar(100) NOT NULL,
  `password` varchar(32) NOT NULL,
  `keterangan` enum('admin','approval','user','root') DEFAULT NULL,
  `id_menu` varchar(255) DEFAULT NULL,
  `lastlogin` datetime DEFAULT NULL,
  `regdate` datetime DEFAULT NULL,
  `status` tinyint(1) NOT NULL DEFAULT '1',
  `hapus` tinyint(1) DEFAULT '0',
  PRIMARY KEY (`account_id`)
) ENGINE=InnoDB AUTO_INCREMENT=8 DEFAULT CHARSET=latin1;

/*Data for the table `user` */

insert  into `user`(`account_id`,`nama`,`email`,`password`,`keterangan`,`id_menu`,`lastlogin`,`regdate`,`status`,`hapus`) values (7,'admin','admin@gmail.com','21232f297a57a5a743894a0e4a801fc3','root','1,2,4,5,6,7,8,9,10,11,12,13,14','2016-04-15 08:26:54','2015-10-15 04:42:41',1,0);

/*!40101 SET SQL_MODE=@OLD_SQL_MODE */;
/*!40014 SET FOREIGN_KEY_CHECKS=@OLD_FOREIGN_KEY_CHECKS */;
/*!40014 SET UNIQUE_CHECKS=@OLD_UNIQUE_CHECKS */;
/*!40111 SET SQL_NOTES=@OLD_SQL_NOTES */;
